Employee ID,Burn Rate
fffe31003300390039003000,0.6159834
fffe31003300310037003800,0.3636156
fffe33003400380035003900,0.37004948
fffe3100370039003200,0.39390746
fffe32003600390036003700,0.53110474
fffe3600390032003200,0.52391404
fffe3600370032003200,0.31512782
fffe32003900390030003000,0.6946313
fffe3100370031003000,0.6106838
fffe31003500320037003600,0.43612763
fffe3400370031003100,0.41155177
fffe32003800300035003300,0.35002318
fffe31003700380037003700,0.39176756
fffe33003400300038003900,0.6100448
fffe33003100300039003600,0.62897927
fffe33003400380038003300,0.5618297
fffe33003400310032003500,0.6177497
fffe33003400360032003000,0.80701005
fffe32003800360033003400,0.25279522
fffe3600350031003700,0.42760542
fffe3200310033003500,0.38355127
fffe370039003500,0.19806287
fffe32003500340036003200,0.48848715
fffe360038003200,0.6110358
fffe31003800300039003900,0.5500354
fffe32003500310034003200,0.390815
fffe33003100320039003300,0.49524978
fffe33003000330034003700,0.33962086
fffe32003500310039003300,0.32182616
fffe31003500310033003200,0.29289007
fffe31003900320038003800,0.2981245
fffe31003400340039003000,0.88931876
fffe390033003000,0.3978332
fffe3700360033003400,0.0019114738
fffe31003700390034003900,0.17220414
fffe31003700360035003900,0.62828493
fffe31003200370037003900,0.39346716
fffe31003400310038003500,0.36542973
fffe32003200370033003000,0.34410012
fffe31003300320036003300,0.30751482
fffe3900390034003600,0.6236457
fffe32003300310032003600,0.24630834
fffe3500360039003300,0.930568
fffe3700340039003900,0.7216095
fffe31003400370032003200,0.2915991
fffe360032003200,0.22873934
fffe33003100340030003600,0.61466134
fffe31003500300037003700,0.29851574
fffe31003600390038003800,0.34732035
fffe33003300360030003500,0.5708666
fffe3900380030003300,0.3305373
fffe31003700330034003500,0.39779902
fffe31003500360036003900,0.32584837
fffe3200380033003100,0.5973189
fffe3900360033003900,0.6663824
fffe33003000370031003200,0.53840506
fffe32003700370036003200,0.202838
fffe31003400320034003300,0.45032033
fffe32003600360034003200,0.26146066
fffe32003700380035003100,0.728332
fffe31003400350034003200,0.1947983
fffe31003000320038003200,0.58386034
fffe32003400300030003800,0.51465744
fffe32003600320038003300,0.43428382
fffe3300340035003700,0.38193074
fffe31003900320032003000,0.34984672
fffe3300370032003100,0.31676757
fffe33003300350038003900,0.16051444
fffe32003900360038003700,0.235612
fffe3100380033003400,0.5407089
fffe3900390032003500,0.16342302
fffe32003200320035003600,0.23638162
fffe32003700380031003900,0.22453237
fffe3400330034003000,0.41584396
fffe33003300380035003400,0.27676204
fffe3300380034003000,0.56350523
fffe32003500360039003200,0.57275546
fffe31003700360038003600,0.34110224
fffe33003300370036003200,0.60942376
fffe3200340039003500,0.5584786
fffe3600300036003500,0.6644117
fffe31003300370032003000,0.5980004
fffe3700360036003700,0.65740037
fffe33003200390030003200,0.14304022
fffe31003500340035003100,0.606235
fffe33003000350035003300,0.042752083
fffe31003400300036003000,0.72304875
fffe31003700330035003200,0.49223238
fffe33003000320032003400,0.40558773
fffe32003300350034003700,0.21486355
fffe32003200340034003400,0.3342911
fffe3800380035003100,0.15173204
fffe33003100310039003900,0.59150624
fffe3700330032003300,0.34949836
fffe32003300390033003900,0.47053984
fffe31003500370037003700,0.30770615
fffe32003000310035003500,0.28206018
fffe38003200,0.75502044
fffe31003900310032003600,0.744937
fffe32003200320039003900,0.21845534
fffe33003000360035003200,0.39569548
fffe33003100390031003800,0.6488345
fffe32003800360031003400,0.6678026
fffe32003300320034003300,0.71209496
fffe3800330032003400,0.41926453
fffe3600380038003000,0.36611497
fffe32003500320030003700,0.31794316
fffe33003400330032003600,0.27915844
fffe32003300380030003600,0.65339833
fffe31003000360032003900,0.75704104
fffe3300310032003500,0.2660474
fffe3200320033003000,0.758641
fffe340032003600,0.4408085
fffe3900390036003500,0.85180134
fffe3900310039003900,0.4136697
fffe3700390037003100,0.35688016
fffe31003200340031003600,0.6517655
fffe33003200380038003800,0.33781925
fffe32003400380038003200,0.38993707
fffe32003300330037003600,0.26001245
fffe33003400360030003700,0.3743321
fffe31003900340030003800,0.3565394
fffe33003400300037003400,0.45151475
fffe3400360035003700,0.5546399
fffe33003000340039003100,0.5297603
fffe32003000390030003300,0.5874789
fffe32003800300030003000,0.14814766
fffe32003500300032003800,0.43693125
fffe3800330032003700,0.6964749
fffe32003900380039003600,0.24300988
fffe3200310031003300,0.31411955
fffe32003700350038003000,0.48551726
fffe31003800370033003700,0.4313741
fffe33003300380038003100,0.74524707
fffe31003400340030003400,0.33220354
fffe31003000340030003400,0.33086392
fffe31003400330032003700,0.13696124
fffe31003700310030003300,0.5375911
fffe31003300310033003300,0.7274794
fffe33003400330031003500,0.5610363
fffe32003800300036003800,0.65740573
fffe33003000300032003900,0.001064899
fffe32003800390035003700,0.29177335
fffe3400320036003200,0.48738417
fffe33003200390038003700,0.46564174
fffe33003100380035003700,0.23012316
fffe32003900350032003100,0.0024627459
fffe31003400360032003800,0.7223755
fffe32003500340030003200,0.2523757
fffe32003600330035003300,0.35148457
fffe3700320033003600,0.3656844
fffe31003400310033003000,0.4171241
fffe31003400380034003800,0.42868727
fffe32003300340039003700,0.41109732
fffe31003300360031003300,0.5761327
fffe3500350037003800,0.38249436
fffe32003300350035003400,0.5603688
fffe3600310037003400,0.48707205
fffe3200350036003400,0.30172563
fffe33003100350034003600,0.25429904
fffe3700390038003600,0.414526
fffe31003200350033003800,0.39815313
fffe32003300320033003400,0.54847246
fffe31003900360035003900,0.051419977
fffe3400360036003800,0.6579948
fffe3100320032003000,0.6214485
fffe3900310038003900,0.6667429
fffe3500330032003600,0.75460434
fffe3700370034003000,0.46167654
fffe3100310038003800,0.42616308
fffe33003300350036003500,0.76755947
fffe33003400390031003600,0.7043047
fffe31003400370035003400,0.37235463
fffe31003600340039003900,0.60396117
fffe31003600350034003300,0.90619975
fffe32003900310033003300,0.40284118
fffe32003700300039003800,0.4048616
fffe32003600340036003300,0.026422234
fffe31003100340039003600,0.3872014
fffe31003700340036003000,0.45634237
fffe31003600390030003700,0.24607717
fffe32003500320036003900,0.58443844
fffe32003200330033003700,0.16511913
fffe32003500380035003600,0.29231673
fffe32003900330030003800,0.16304874
fffe3700360031003700,0.8325142
fffe31003400350032003300,0.39109138
fffe31003000300034003900,0.29943058
fffe31003500370032003200,0.56059575
fffe31003400330039003100,0.6547338
fffe33003100340037003400,0.34304142
fffe33003300390033003500,0.8057831
fffe390035003800,0.44140342
fffe31003500310033003600,0.40251756
fffe31003600390032003600,0.48846537
fffe31003600300038003000,0.3275562
fffe3800390036003400,0.29076383
fffe33003100380031003200,0.3213902
fffe33003100390033003000,0.6023747
fffe31003100370034003800,0.008396184
fffe32003500370034003400,0.4617427
fffe350039003100,0.91870576
fffe31003000340030003500,0.29733732
fffe33003300340034003300,0.32729533
fffe31003600330032003500,0.8178257
fffe31003400350037003900,0.47026077
fffe31003800370035003000,0.6663885
fffe3400320037003600,0.2733707
fffe33003100390034003000,0.57027394
fffe31003000340037003600,0.32856458
fffe3800380033003600,0.60644174
fffe33003300380030003100,0.566389
fffe3900370035003800,0.39797604
fffe3800370031003400,0.15263139
fffe3600380039003100,0.37324154
fffe3100300039003200,0.50360394
fffe31003000330034003700,0.24585102
fffe33003400390034003000,0.2104958
fffe32003600360035003500,0.24602386
fffe3900380031003100,0.5196313
fffe3200350035003000,0.5631899
fffe32003400310032003000,0.7055293
fffe33003200340033003300,0.70183027
fffe3800340035003200,0.76532626
fffe32003300360035003400,0.5631102
fffe3200380031003700,0.3793873
fffe31003200360035003900,0.57702124
fffe33003200320036003800,0.21401143
fffe31003500320035003500,0.4104699
fffe31003400330039003500,0.6502605
fffe32003600360038003200,0.4179738
fffe33003000,0.18795887
fffe33003300370036003900,0.5590314
fffe31003200310031003600,0.5423104
fffe33003400320035003000,0.37128237
fffe33003100300036003800,0.22493345
fffe3200370037003800,0.5805582
fffe32003500300036003500,0.39552274
fffe32003800380034003300,0.63903546
fffe33003100350032003000,0.5513526
fffe31003300340031003000,0.63595754
fffe32003100390031003500,0.6529202
fffe3100380034003300,0.7099529
fffe31003100320030003300,0.58734846
fffe31003200350035003800,0.5919332
fffe31003200350034003500,0.77035755
fffe32003500380037003700,0.43094876
fffe32003500320031003100,0.036569215
fffe3700310035003300,0.70021266
fffe31003300390035003400,0.4231062
fffe31003400390037003000,0.36244652
fffe32003600300037003100,0.6892546
fffe3900380038003700,0.58254075
fffe3600390031003300,0.544627
fffe33003100390031003100,0.66484976
fffe3100320036003300,0.5564666
fffe3900350030003300,0.45439678
fffe32003300350036003100,0.5609977
fffe33003200360032003400,0.35917327
fffe31003400320038003000,0.15758441
fffe31003300310033003900,0.20413947
fffe3800300034003300,0.48594034
fffe32003200370031003200,0.5920014
fffe31003400340039003200,0.37457982
fffe32003600340039003600,0.51715034
fffe33003100370036003600,0.58027726
fffe32003600320031003600,0.5512048
fffe32003000380030003700,0.49190283
fffe32003700340034003800,0.42637548
fffe32003100350030003100,0.3594777
fffe32003400380031003200,0.3511563
fffe31003300370030003800,0.75006634
fffe32003500360031003400,0.714098
fffe3600370037003500,0.21362779
fffe32003300380034003100,0.5521245
fffe32003800310031003300,0.7279004
fffe31003700330031003300,0.6188405
fffe32003000300036003900,0.7772671
fffe31003200370032003100,0.730495
fffe3500340039003400,0.4369995
fffe32003400330037003400,0.5056401
fffe31003000340039003900,0.45417663
fffe31003600350038003800,0.93305075
fffe3400320039003600,0.03889664
fffe3800310034003200,0.42834553
fffe31003500340033003600,0.16345645
fffe3700340036003200,0.33110964
fffe32003800340036003200,0.695951
fffe3700390035003900,0.14805497
fffe32003500300039003100,0.6243023
fffe31003800340039003900,0.47358742
fffe32003200360032003300,0.5823382
fffe3900370038003200,0.7097043
fffe3400300031003000,0.34135184
fffe31003700390036003500,0.59418774
fffe32003000390035003900,0.54676247
fffe32003400330038003700,0.5869559
fffe32003100300037003100,0.4580638
fffe32003700390038003300,0.4735863
fffe31003400380034003400,0.60705113
fffe31003500310036003100,0.58794105
fffe31003200360032003300,0.48030686
fffe33003400350032003300,0.39694044
fffe32003300300035003300,0.23972552
fffe33003200380031003700,0.39087528
fffe3700360039003000,0.18929474
fffe33003300310035003000,0.49110255
fffe31003500390036003900,0.4971142
fffe380037003500,0.3768421
fffe31003200330033003100,0.28112626
fffe31003200320032003700,0.52929235
fffe33003000380031003700,0.1946691
fffe32003400320032003300,0.600497
fffe33003000340035003500,0.63011
fffe31003800320033003300,0.35234135
fffe3600390031003800,0.5527867
fffe33003300370036003700,0.12381138
fffe31003600390032003000,0.26402327
fffe32003000350038003100,0.2696247
fffe31003500330033003400,0.24841657
fffe32003000380032003800,0.62008613
fffe31003400350032003000,0.18070014
fffe31003300300037003700,0.38265094
fffe310032003900,0.58187056
fffe33003200380036003500,0.37348005
fffe3900340033003300,0.3693296
fffe33003000380036003000,0.69436955
fffe31003500300038003400,0.38396856
fffe3500350036003500,0.4111478
fffe3600350033003500,0.2861449
fffe33003200300037003100,0.33368933
fffe3300310032003000,0.7247043
fffe32003100300034003800,0.35287246
fffe3300320038003500,0.5541368
fffe32003000330035003400,0.56981635
fffe3800330036003800,0.2852752
fffe3600360030003200,0.46169817
fffe3500380036003000,0.4977638
fffe31003200380036003500,0.9315367
fffe3200380038003300,0.50235397
fffe33003400390031003100,0.617957
fffe3700320039003400,0.76191497
fffe31003600380030003100,0.20354307
fffe3900300035003800,0.29565898
fffe31003300360036003900,0.49431348
fffe31003100360032003200,0.6412427
fffe31003500340031003600,0.4763294
fffe31003000300034003700,0.42567366
fffe3600380032003700,0.26492298
fffe32003800310037003800,0.37245876
fffe31003600370034003600,0.58112043
fffe32003400320038003600,0.5692695
fffe32003300340036003200,0.67419857
fffe3500300038003900,0.60487133
fffe31003500360036003000,0.47523397
fffe31003000390036003800,0.61506873
fffe3900320031003600,0.19394754
fffe33003300360035003400,0.6191279
fffe31003100370038003700,0.34424064
fffe33003300320034003500,0.22010241
fffe3300370033003700,0.3825771
fffe32003000320030003100,0.26790407
fffe32003400320036003000,0.41213632
fffe33003200330037003600,0.3177158
fffe31003900380031003100,0.9021414
fffe3700350035003200,0.20227082
fffe32003100310030003200,0.25885493
fffe31003100370031003400,0.4871322
fffe31003800370030003700,0.23172927
fffe3700370034003600,0.5874822
fffe3900370039003400,0.29110295
fffe32003500330035003600,0.3097606
fffe31003300360031003900,0.41397288
fffe32003300380034003800,0.49538562
fffe31003800390035003000,0.76419365
fffe31003100300039003300,0.60616356
fffe32003100350033003200,0.60418844
fffe3200360034003100,0.0026877353
fffe32003200340033003800,0.2131771
fffe32003600360030003100,0.7208326
fffe31003600340033003500,0.52272207
fffe3200330030003800,0.23691256
fffe32003900370035003300,0.41079545
fffe31003500380031003300,-0.0018712373
fffe31003600360038003400,0.41936368
fffe3400380034003800,0.30321395
fffe33003100380039003200,0.3083922
fffe31003100330034003200,0.53155875
fffe31003600340030003800,0.43708563
fffe3100380035003900,0.27957386
fffe32003900380039003500,0.119180396
fffe31003700300030003800,0.56125945
fffe31003800370031003800,0.62510437
fffe3200330033003600,0.18753631
fffe3700360038003700,0.7610486
fffe3300320031003700,0.5733081
fffe31003100360030003200,0.4092839
fffe31003300360036003800,0.43548593
fffe32003100390033003800,0.519555
fffe31003900350039003000,0.4909738
fffe32003200320033003300,0.44830257
fffe32003800340035003300,0.5471481
fffe31003100330032003800,0.31511095
fffe3400350039003900,0.51250035
fffe3800310036003000,0.30634442
fffe31003600320033003600,0.3864782
fffe32003400370039003500,0.46989235
fffe3700300036003800,0.26679814
fffe33003000300033003200,0.4970992
fffe33003000370037003100,0.57693964
fffe31003100320038003100,0.61745906
fffe32003500370035003700,0.7314533
fffe31003100320038003500,0.8375224
fffe32003600300035003500,0.32660478
fffe32003600300034003900,0.32474068
fffe3300320039003400,0.33054468
fffe32003800390033003300,0.7076695
fffe31003600340035003800,0.48247153
fffe32003000390030003700,0.26849458
fffe31003300320038003100,0.39729756
fffe31003600370030003700,0.12535337
fffe32003000330039003400,0.5433932
fffe31003800340037003100,0.49758846
fffe31003500370038003900,0.22279994
fffe3500300037003700,0.5769246
fffe32003000320037003300,0.30361274
fffe31003900320036003700,0.55282205
fffe31003900350038003800,0.7289202
fffe31003800300034003200,0.38540363
fffe33003400350036003800,0.719296
fffe31003400340034003400,0.64429194
fffe32003600320037003200,0.3324004
fffe3300390033003300,0.40904245
fffe32003200300031003300,0.3814444
fffe3100360036003100,0.3349889
fffe31003100320039003900,0.3771344
fffe32003700350031003400,0.6115198
fffe33003100360033003100,0.5676778
fffe3400310039003600,0.3552514
fffe32003300330036003400,0.5612178
fffe33003100320038003300,0.58367085
fffe32003200330034003600,0.3899991
fffe31003700350038003500,0.5892848
fffe32003100390030003900,0.33843094
fffe31003000330036003000,0.21979442
fffe390034003300,0.12617935
fffe3300310039003200,0.41691205
fffe31003700320030003600,0.33723083
fffe31003500330030003600,0.6532036
fffe32003300360039003200,0.7543295
fffe3500350031003400,0.36624098
fffe33003000390037003000,0.44912085
fffe3800340030003800,0.9963316
fffe3500390039003500,0.50043863
fffe32003100330033003100,0.26531398
fffe31003900380035003800,0.73267555
fffe31003200370033003400,0.28798577
fffe33003300340036003500,0.49478844
fffe3900380032003000,0.4732822
fffe32003700370035003500,0.007366644
fffe31003900330039003500,0.4066205
fffe32003400300036003900,0.19172668
fffe31003800320037003800,0.10743176
fffe3400360039003400,0.61318153
fffe32003700390036003000,0.17458005
fffe320032003600,0.644561
fffe31003200300037003300,0.2959422
fffe3700380033003700,0.58709246
fffe330038003800,0.5378739
fffe33003200340038003100,0.2232019
fffe32003800370035003100,0.13582999
fffe3800300036003000,0.58014476
fffe32003200340039003800,0.41296148
fffe31003600320033003900,0.0104013635
fffe3500340037003700,0.4144127
fffe32003500340039003100,0.53747064
fffe31003400380033003100,0.4031751
fffe3600370031003600,0.22451764
fffe32003600360035003000,0.26485974
fffe33003100380037003100,0.6845998
fffe32003900390035003100,0.59079623
fffe3800360039003300,0.27781504
fffe32003200310035003200,0.3415298
fffe31003200340036003300,0.49426642
fffe32003300340033003900,0.68884647
fffe32003800380033003500,0.6885729
fffe32003400380039003400,0.50366235
fffe3500350037003700,0.36986423
fffe32003700330037003800,0.36960423
fffe3700320030003800,0.5188779
fffe31003400350033003300,0.5225131
fffe380030003600,0.69088197
fffe31003300380038003400,0.2089616
fffe31003300330038003300,0.565914
fffe33003200390039003800,0.096489176
fffe31003000340034003200,0.5591867
fffe3700310031003400,0.45167527
fffe32003500350032003100,0.9417743
fffe3100310037003400,0.5504746
fffe33003200360031003600,0.6902997
fffe31003900300038003300,0.24313255
fffe3400380039003900,0.7959588
fffe3500330036003500,0.63297904
fffe3800330035003100,0.76387686
fffe3100310032003200,0.34421
fffe32003200340030003600,0.34395584
fffe33003300370038003900,0.2193068
fffe340035003600,0.58685493
fffe31003800370038003200,0.39844003
fffe3900330035003200,0.808303
fffe31003700340039003300,0.726896
fffe3100300034003300,0.45855406
fffe32003200380035003400,0.7187839
fffe3700300030003100,0.39914423
fffe3600370034003300,0.433957
fffe31003700300037003700,0.59864587
fffe3900300032003200,0.3590541
fffe32003200340033003500,0.4242924
fffe31003500370034003300,0.25298604
fffe32003500350033003100,0.22249421
fffe33003300360033003600,0.29653895
fffe3900310038003000,0.051747877
fffe31003100390032003800,0.7463341
fffe32003900340038003500,0.6238013
fffe32003000300030003000,0.6329974
fffe31003600380037003000,0.738938
fffe32003900330035003000,0.38110125
fffe3600310031003500,0.2776647
fffe3200380033003400,0.35801286
fffe32003800310030003700,0.903408
fffe3900300032003300,0.39996645
fffe33003400350039003800,0.32678863
fffe31003600310033003100,0.527961
fffe31003700320039003100,0.19369811
fffe3600360034003900,0.17746575
fffe31003800310031003000,0.39402822
fffe33003300320039003300,0.48245054
fffe3200380032003700,0.45571065
fffe3400390032003700,0.5605287
fffe32003900360031003000,0.7837804
fffe33003400360031003100,0.38667324
fffe32003700380033003200,0.58058906
fffe3500380030003100,0.6308412
fffe32003400370036003400,0.42920458
fffe33003100360033003700,0.27748102
fffe32003800380031003100,0.4282078
fffe3400310031003000,0.45116466
fffe31003800370030003500,0.2399065
fffe3700360036003800,0.60429215
fffe32003300310030003000,0.2892552
fffe32003300340036003900,0.3759552
fffe32003600310039003200,0.40338022
fffe3100380030003000,0.6686744
fffe3500310035003900,0.8749518
fffe33003400360030003800,0.45585108
fffe32003000300034003500,0.6894358
fffe32003600330037003000,0.6863667
fffe3900300034003600,0.3745247
fffe31003400380036003000,0.3357269
fffe31003400350031003000,0.0063862284
fffe31003600360036003200,0.6384532
fffe32003100360035003900,0.49219364
fffe31003600340030003200,0.38801765
fffe31003200370037003600,0.43030986
fffe3200380039003300,0.30493638
fffe3800340030003700,0.34428456
fffe31003200310030003400,0.45583358
fffe330037003700,0.080209
fffe31003600360035003500,0.0048501138
fffe31003700320032003900,0.6144925
fffe31003400360033003300,0.42007276
fffe3800350031003600,0.65085155
fffe33003400380032003300,0.57844
fffe33003100340038003100,0.39538053
fffe32003300340032003300,0.31288317
fffe32003400320035003300,0.78137493
fffe32003900340034003200,0.5553792
fffe32003600330036003200,0.8487572
fffe32003800340039003900,0.103900686
fffe32003800350037003600,0.1681824
fffe31003500330035003500,0.5906132
fffe3100380030003700,0.15383369
fffe31003200380031003800,0.38210595
fffe3600320034003100,0.3816319
fffe31003700310033003100,0.28915384
fffe31003800300037003600,0.42639253
fffe33003000380036003200,0.7130567
fffe31003200360036003000,0.60325366
fffe31003400340032003200,0.44218966
fffe3100380033003100,0.4401156
fffe32003300310032003400,0.60464776
fffe32003000330035003700,0.7783881
fffe31003800340038003100,0.2908751
fffe32003900350035003700,0.42174014
fffe31003300390039003700,0.8423239
fffe3600370036003200,0.17237608
fffe31003900380030003700,0.43142778
fffe3600390035003300,0.5971627
fffe3600370032003300,0.65608925
fffe310032003800,0.61697674
fffe32003800340031003100,0.11211549
fffe32003900330036003200,0.6363147
fffe33003100370033003200,0.36551073
fffe33003400370039003300,0.48102912
fffe32003300370031003300,0.24479793
fffe33003000330032003800,0.7103613
fffe31003900380032003100,0.21545301
fffe31003300340036003700,0.41864762
fffe3700360030003800,-0.008544653
fffe32003800340031003000,0.48676178
fffe33003100300037003400,0.06947252
fffe32003400370036003900,0.3967388
fffe32003000330031003900,0.5205205
fffe32003900340038003600,0.3985249
fffe32003100320033003500,0.034756627
fffe3800340034003600,0.42630565
fffe33003300320035003700,0.4993366
fffe32003700350033003100,0.3444972
fffe31003100350038003500,0.22757494
fffe31003600310038003100,0.51148504
fffe31003800350039003300,0.5462577
fffe33003400320037003400,0.32980308
fffe31003100390030003500,0.42455035
fffe3500310033003500,0.48684132
fffe32003100380033003800,0.65048355
fffe33003100380039003700,0.7575119
fffe32003800300035003900,0.7576461
fffe3400340039003200,0.6831199
fffe32003100360032003300,0.4782608
fffe33003300360037003000,-0.009475321
fffe32003600360033003400,0.9532144
fffe31003100300031003200,0.7086283
fffe3400390036003800,0.23527241
fffe33003200330030003900,0.4415198
fffe32003000380036003700,0.43533796
fffe3700310034003200,0.43673667
fffe32003500310034003000,0.55082136
fffe31003300380036003000,0.55111957
fffe32003100330033003300,0.5541916
fffe3700340036003100,0.78230983
fffe33003100350039003900,0.49564576
fffe32003300300034003900,0.47127303
fffe31003700320031003100,0.25076845
fffe32003400330031003500,0.5191284
fffe33003100320032003200,0.39423555
fffe33003000390038003600,0.62604845
fffe32003600370031003100,0.9638381
fffe3200340038003900,0.30896673
fffe31003600380038003300,0.2663646
fffe31003200350033003300,0.74680054
fffe3600370031003300,0.37765747
fffe33003100360031003800,0.34840563
fffe32003500370034003600,0.36014554
fffe33003000310032003400,0.24178822
fffe32003000370031003300,0.1160113
fffe31003300320032003200,0.60557336
fffe3200370038003600,0.31482625
fffe33003300380032003100,0.5621635
fffe31003300330038003600,0.7150673
fffe3900360037003000,0.3043336
fffe32003600360031003200,0.6040709
fffe33003300350038003100,0.59473395
fffe31003100330034003900,0.39982912
fffe3500340036003500,0.40518245
fffe32003500370030003700,0.9372884
fffe3400370033003800,0.5333744
fffe31003900300039003400,0.41232723
fffe31003300340034003600,0.39497608
fffe33003100380038003700,0.41392687
fffe31003900380034003400,0.312723
fffe31003200320031003000,0.03365442
fffe3300380038003500,0.6646783
fffe31003500300038003500,0.23678066
fffe3600320038003300,0.5509737
fffe32003200380037003600,0.49447387
fffe32003800350031003000,0.2592999
fffe3800360036003000,0.19157545
fffe31003300340038003000,0.29991257
fffe32003600350039003700,0.7034913
fffe32003900310031003400,0.39518207
fffe31003900300033003800,0.6176664
fffe33003000340030003400,0.42515293
fffe31003800380031003800,0.18855341
fffe31003800350031003600,0.39771557
fffe32003500350036003800,0.6577364
fffe3300390037003000,0.29230267
fffe31003000320037003500,0.25255576
fffe32003000370038003000,0.18992975
fffe3500340033003100,0.15774399
fffe32003100370039003500,0.3568671
fffe33003200330035003500,0.29426634
fffe32003900300033003100,0.35154393
fffe31003200310032003100,0.06796798
fffe31003800300032003400,0.3963534
fffe33003300310034003600,0.72400296
fffe33003400320039003100,0.28787038
fffe31003100320032003300,0.24056405
fffe31003100310034003200,0.2557147
fffe31003600390034003400,0.54905874
fffe31003600340033003600,0.58552134
fffe32003000390038003800,0.48851314
fffe31003100340038003400,0.5049951
fffe31003700370036003800,0.33627242
fffe3900350032003900,0.6612332
fffe31003000300036003800,0.37111422
fffe32003700300030003400,0.52422875
fffe31003800360036003600,0.45036563
fffe3700380031003100,0.82540596
fffe3100310036003000,0.18978056
fffe31003800380038003200,0.53688717
fffe33003200390033003400,0.46235925
fffe3500390039003100,0.37041003
fffe33003300310030003400,0.44376546
fffe31003500350035003000,0.3985494
fffe33003200330037003100,0.44473416
fffe33003200360031003500,0.29442084
fffe32003800360039003200,0.6170022
fffe31003600350035003000,0.31434727
fffe32003500300037003400,0.29785004
fffe3200330034003300,0.46165213
fffe31003100380032003200,4.650787e-05
fffe33003100340031003200,0.6754279
fffe33003400300036003400,0.40162155
fffe31003800310032003800,0.52983636
fffe3900380030003500,0.51344997
fffe31003600310036003900,0.21956103
fffe3600320039003300,0.4833026
fffe32003500340037003800,0.166437
fffe31003800390033003000,0.407135
fffe32003400340033003200,0.2772459
fffe31003400370034003600,0.3169191
fffe33003000300030003900,0.14878097
fffe32003800350033003100,0.24509023
fffe3100320036003200,0.39700624
fffe32003500330034003900,0.23501822
fffe3800380036003800,0.38955343
fffe31003300360033003700,0.4148461
fffe32003500390031003200,0.28793854
fffe3500320034003600,0.44894457
fffe32003500310034003800,0.5091271
fffe3700320038003100,0.54493743
fffe33003400330039003900,0.33964515
fffe3500390036003800,0.49966878
fffe3600370039003100,0.29599205
fffe32003000370035003200,0.3657148
fffe31003400320039003800,0.24122445
fffe31003100340030003900,0.6727515
fffe32003300310039003600,0.18083072
fffe3600390033003800,0.579457
fffe3300380038003700,0.7832162
fffe32003600330038003100,0.2994733
fffe31003600390034003300,0.20380639
fffe33003200390030003000,0.4387594
fffe33003400320036003200,0.58538866
fffe32003600330037003800,0.35671136
fffe31003800370037003000,0.30925295
fffe3400340038003800,0.47443518
fffe32003700390031003800,0.078920834
fffe31003300360030003300,0.96106553
fffe32003200310032003000,0.5859102
fffe32003600370030003900,0.37011304
fffe3100350036003500,0.28936422
fffe31003200370037003000,0.6699107
fffe33003400340036003000,0.181322
fffe3200350032003500,0.4539969
fffe350034003400,0.095021166
fffe33003400310037003500,0.2940862
fffe32003200300037003500,0.27390963
fffe320033003300,0.7114997
fffe3300380035003700,0.42770293
fffe31003100320030003700,0.7863751
fffe3600340037003300,0.40466776
fffe31003100370038003900,0.21659407
fffe3400320038003200,0.35923934
fffe3100340036003900,0.38470125
fffe31003500300033003900,0.2927472
fffe31003600350038003100,0.20044826
fffe32003800330035003700,0.41480738
fffe3100300032003600,0.33633018
fffe33003300330037003700,0.6278908
fffe32003100320031003000,0.40970552
fffe320034003300,0.46452564
fffe3700300030003000,0.80378157
fffe32003700330031003300,0.22068192
fffe32003200300032003300,0.23400746
fffe3100350030003600,0.5067349
fffe31003000320030003700,0.5277942
fffe3500360032003600,0.24436468
fffe33003000360030003600,0.28792349
fffe31003500370033003300,0.27320948
fffe33003400390034003600,0.56098294
fffe32003400310034003400,0.4305179
fffe31003600340036003900,0.58040386
fffe3400370039003200,0.6191768
fffe3800340031003000,0.3471677
fffe31003800360038003500,0.41529632
fffe3300390039003100,0.5007558
fffe32003700340039003600,0.6112584
fffe32003700320033003500,0.15219893
fffe31003200330036003000,0.60303843
fffe31003000350036003000,0.19675742
fffe3400390033003100,0.6201123
fffe32003100370037003600,0.39288557
fffe32003000380036003100,0.6872643
fffe32003700320035003100,0.3797501
fffe3400320030003700,0.3734464
fffe31003700350039003400,0.36310795
fffe31003800340038003400,0.5817012
fffe33003000350033003800,0.9409496
fffe33003100390031003900,0.59716624
fffe31003600390034003600,0.30399278
fffe3400300039003900,0.4012055
fffe31003000380034003200,0.3673272
fffe31003600310036003000,0.4224777
fffe3600300036003000,0.25101453
fffe3200370035003000,0.53794736
fffe3200320034003800,0.4096264
fffe32003500380033003000,0.109320976
fffe32003200380037003200,0.49634227
fffe32003200380038003000,0.5814604
fffe32003700300032003300,0.32481807
fffe32003400390036003100,0.0021675117
fffe3400300038003000,0.38230407
fffe33003400390039003600,0.48256695
fffe3900340038003700,0.44460657
fffe33003300370034003400,0.5762968
fffe31003300330032003700,0.47764745
fffe31003200300035003200,0.13784252
fffe32003800390030003500,0.52641463
fffe33003000340035003000,0.41465372
fffe3200340030003500,0.15884179
fffe32003800380034003000,0.11425284
fffe32003900310037003700,0.53455067
fffe3400360031003500,0.43349457
fffe3600360037003100,0.34512275
fffe32003000310034003500,0.6297399
fffe32003000310037003400,0.47563174
fffe32003300370033003600,0.9020618
fffe3100330031003500,0.600978
fffe32003300300034003200,0.014351816
fffe31003000370033003900,0.46142626
fffe3500330031003100,0.43107918
fffe3600330031003100,0.5630815
fffe3200320035003700,0.44244334
fffe33003100300033003200,0.4324099
fffe32003400350039003100,0.5280503
fffe3800360039003000,0.51563793
fffe310036003500,0.61660486
fffe31003900350032003100,0.8014681
fffe31003800380036003700,0.39471334
fffe31003800320030003800,0.36386758
fffe33003200300037003000,0.5435419
fffe32003900380030003100,0.3505231
fffe32003500390034003300,0.4038122
fffe3800370033003200,0.5112501
fffe32003000300032003900,0.4715773
fffe32003100320031003600,0.58884996
fffe31003700360033003900,0.9094069
fffe33003100310031003900,0.48134878
fffe3300310038003000,0.52305955
fffe33003200360033003200,0.6207996
fffe32003300370032003200,0.5287173
fffe3100330036003600,0.34857887
fffe3600310033003300,0.5378494
fffe31003200390031003700,0.46116975
fffe32003300330033003500,0.61222637
fffe3800380030003700,0.5892639
fffe3900330032003100,0.56390584
fffe32003300350036003200,0.38544905
fffe3600380033003200,0.16821487
fffe32003000380034003200,0.17232803
fffe32003400350034003500,0.30827168
fffe32003400360031003400,0.5574086
fffe32003800310033003600,0.5741578
fffe31003000390036003400,0.33871993
fffe360034003000,0.7996721
fffe31003200390035003300,0.3753536
fffe33003300330034003900,0.41125906
fffe32003900390033003800,0.6474157
fffe32003100340030003500,0.23492083
fffe3600370037003800,0.8257541
fffe32003000320036003300,0.29407316
fffe31003800370038003500,0.61065394
fffe33003000380039003400,0.8200685
fffe3800320038003000,0.40980506
fffe3100340035003800,0.33496967
fffe3600320030003500,0.0010581666
fffe32003200320031003900,0.46982566
fffe3600380038003500,0.5737459
fffe31003300300035003200,0.44503042
fffe3800320034003500,0.6059867
fffe32003300340033003100,0.016569428
fffe31003600340032003600,0.19930337
fffe3500380032003000,0.3753082
fffe3900330037003800,0.49839038
fffe33003400360039003000,0.47212481
fffe31003400340032003900,0.57436067
fffe33003100370032003400,0.57369256
fffe31003700390036003300,0.26603416
fffe33003400380034003600,0.60129994
fffe31003400340036003800,0.7228127
fffe31003700310034003000,0.29771838
fffe32003100,0.337086
fffe31003500390038003100,0.595199
fffe31003100320034003300,0.40702003
fffe3300300032003700,0.420133
fffe31003000300033003400,0.817454
fffe32003400300037003000,0.2777387
fffe32003000390039003200,0.48867273
fffe32003000320035003700,0.27262664
fffe33003300390034003400,0.3589224
fffe3100320036003700,0.4177451
fffe32003200320038003000,0.101497814
fffe32003100380031003900,0.31454504
fffe32003900390030003100,0.6294335
fffe32003700380036003100,0.5637918
fffe3600350039003900,0.28435975
fffe32003300320033003100,0.41919982
fffe31003300340032003600,0.07963206
fffe360032003500,0.5038011
fffe32003700300036003300,0.44715637
fffe31003700350030003000,0.5092127
fffe32003900320039003600,0.38355106
fffe32003600350037003700,0.3687288
fffe32003900300030003800,0.58510983
fffe31003200300031003300,0.33750463
fffe33003000390033003700,0.44779983
fffe3100300034003000,0.86360276
fffe31003200320032003400,0.32707417
fffe31003100350036003400,0.33559802
fffe3200390033003500,0.5822668
fffe32003800320032003700,0.41675314
fffe31003100300038003400,0.68386173
fffe32003900390039003700,0.6035471
fffe3800380039003000,0.030576423
fffe31003800330036003700,0.43423617
fffe31003600350033003300,0.69464386
fffe32003700380038003000,0.62261444
fffe32003000330032003500,0.54489267
fffe3800380037003200,0.73622876
fffe3100340034003700,0.13513607
fffe32003800320030003900,0.37290734
fffe31003700340033003500,0.40550247
fffe32003100390036003200,0.38288775
fffe32003600350034003900,0.58672017
fffe31003600320033003500,0.53655624
fffe3700310036003800,0.40286887
fffe33003300320033003700,0.3368476
fffe31003500380032003300,0.7594279
fffe32003400360037003500,0.38515526
fffe3400340033003200,0.5641207
fffe33003000390031003300,0.6312775
fffe3300310036003200,0.42491144
fffe32003200370033003300,0.3212205
fffe3500300039003100,0.31877232
fffe33003400300036003000,0.30907652
fffe3300370034003000,0.47625843
fffe3200300033003300,0.57788026
fffe31003000370033003500,0.30630273
fffe31003400340038003800,0.4531229
fffe3600360034003100,0.70769185
fffe32003800390034003500,0.44110236
fffe32003200340038003000,0.40583932
fffe31003800360039003600,0.6340408
fffe3100300031003700,0.46579787
fffe33003400390036003200,0.058936134
fffe33003400310031003000,0.7086344
fffe31003500320035003600,0.5631022
fffe31003100360038003100,0.6220108
fffe3900360033003300,0.27618268
fffe33003100340039003400,0.54189247
fffe3400390038003800,0.2587134
fffe31003600340032003100,0.72570837
fffe33003400380039003300,0.31051132
fffe32003800340036003300,0.5539857
fffe3300330036003300,0.53194493
fffe3700340030003200,0.25315014
fffe3400300035003700,0.19745004
fffe32003200330039003700,0.6506594
fffe32003000370031003800,0.8547856
fffe31003200340033003800,0.41599023
fffe31003400330033003900,0.57984805
fffe3700380037003000,0.44956577
fffe3200300031003800,0.14895639
fffe32003900370033003200,0.41604933
fffe32003200390034003900,0.64407057
fffe33003100340034003000,0.45737427
fffe32003800330035003900,0.10970756
fffe3900380033003600,0.4442653
fffe32003400380039003600,0.35853985
fffe3200330033003800,0.28813297
fffe31003100310030003800,0.6821862
fffe3100390031003600,0.61582917
fffe31003500340037003300,0.29682925
fffe3300390037003300,0.33508795
fffe31003500390030003700,0.6171502
fffe3300320030003500,0.40255532
fffe32003000320039003600,0.51565653
fffe32003500370036003800,0.4704207
fffe31003400390031003300,0.35631222
fffe3800340038003600,0.32253525
fffe31003500320033003800,0.060555752
fffe33003100320037003600,0.089390434
fffe32003600390030003500,0.41653392
fffe3100320038003500,0.31078205
fffe3500390038003300,0.55449957
fffe32003200380039003700,0.46700135
fffe380034003600,0.006766058
fffe3600300032003000,0.51480615
fffe32003100350031003000,0.07408557
fffe3900300035003400,0.5868109
fffe31003200350039003400,0.25265506
fffe32003400350035003200,0.62521243
fffe31003800370035003400,0.43524542
fffe370036003400,0.28755713
fffe3800310034003300,0.6501367
fffe31003100320038003900,0.25869268
fffe32003600340036003900,0.44913298
fffe3100390038003300,0.28077415
fffe33003200370033003400,0.24578652
fffe3100320030003900,0.4236244
fffe33003400370038003900,0.3685826
fffe3700370030003900,0.45783707
fffe31003200300039003200,0.4262012
fffe3500360032003900,0.44047633
fffe3100340032003600,0.4404969
fffe31003600310037003800,0.013334176
fffe33003000310031003700,0.38671923
fffe31003800360036003700,0.56857777
fffe33003100310039003600,0.16881458
fffe31003300330031003100,0.5188567
fffe32003300360038003800,0.7021814
fffe31003800380032003000,0.53717154
fffe33003000310036003600,0.74131155
fffe32003400390031003900,0.19428436
fffe32003900320037003800,0.37665886
fffe31003000300032003900,0.59463656
fffe32003100320033003600,0.1763528
fffe32003100340034003800,0.34345472
fffe31003500330038003700,0.37792188
fffe3200300038003600,0.17002395
fffe3200380039003900,0.4581817
fffe31003000360037003800,0.41285223
fffe31003700350032003600,0.7668797
fffe330036003500,0.6344435
fffe3900370030003000,0.64708114
fffe32003300330034003900,0.69481283
fffe3300390032003900,0.5575959
fffe31003600310030003500,0.41859925
fffe3500380030003000,0.26969758
fffe3500330035003600,0.5695036
fffe33003000300036003100,0.41517043
fffe33003200300035003900,0.599035
fffe31003200320037003500,0.62260205
fffe32003000370035003600,0.26877707
fffe33003100390030003100,0.38220704
fffe32003200370039003100,0.3370804
fffe32003000320035003500,0.3632802
fffe3400320034003400,0.5668609
fffe370031003600,0.22723486
fffe33003000380038003200,0.37120417
fffe32003100340038003000,0.06444817
fffe3900380039003100,0.18562575
fffe31003300370030003300,0.24620046
fffe3100370039003700,0.5663459
fffe31003300350031003500,0.34133264
fffe3100350034003000,0.63250905
fffe31003500360034003100,0.6207253
fffe3500390033003500,0.6993364
fffe33003100360034003300,0.4389328
fffe3700340036003500,0.5522757
fffe31003100370031003100,0.58473575
fffe32003300330034003400,0.43547478
fffe33003300390038003900,0.38553196
fffe32003900380032003900,0.59043366
fffe3500310039003000,0.11977541
fffe31003600340038003100,0.3507247
fffe31003700330037003600,0.29564795
fffe3600310033003900,0.7842714
fffe33003000360037003500,0.55563027
fffe32003400380034003700,0.20492396
fffe31003200330033003400,0.16523689
fffe32003900370037003500,0.17571327
fffe31003700330032003100,0.61302924
fffe32003900360032003700,0.5224658
fffe3700380030003400,0.3679157
fffe31003600320031003500,0.5172749
fffe3800360030003700,0.099804044
fffe32003600310032003400,0.46412534
fffe3500350035003000,0.5789042
fffe31003700330032003600,0.41224134
fffe31003600310031003400,0.42249826
fffe31003300350035003900,0.546864
fffe31003300310035003700,0.5045566
fffe32003200330038003000,0.7895858
fffe31003900310038003200,0.66449004
fffe3400360038003600,0.43254644
fffe31003200310030003600,0.3368983
fffe3700300033003700,0.41460305
fffe3100360032003600,0.4343285
fffe31003200340039003800,0.6460336
fffe31003000380031003900,0.5916297
fffe3200340033003800,0.20064718
fffe31003900360033003800,0.37676924
fffe33003100320031003800,0.11443235
fffe3900350036003500,0.23932405
fffe3100300031003600,0.44760215
fffe33003200310035003800,0.23548141
fffe3100380032003900,0.79617137
fffe31003300380037003900,0.66951144
fffe33003400310036003500,0.46829334
fffe33003000370036003000,0.15653703
fffe32003800320036003800,0.39975196
fffe33003100350032003800,0.5981815
fffe32003400320031003600,0.39410883
fffe32003200300033003500,0.63711286
fffe32003600360034003700,0.5630133
fffe3900350035003800,0.4770823
fffe32003100300031003600,0.42286155
fffe32003600370036003100,0.29247424
fffe3400310035003000,0.5116841
fffe3900360039003400,0.44468504
fffe33003200350037003400,0.7444571
fffe3900350039003800,0.4165891
fffe31003000360037003900,0.63993555
fffe31003500340038003000,0.0065355
fffe33003100330035003600,0.3804015
fffe32003700390035003400,0.29311046
fffe3900350035003000,0.41012397
fffe3700380037003700,0.56049216
fffe33003300360032003400,0.19784391
fffe32003400380039003000,0.4067382
fffe33003400360032003900,0.7141074
fffe3300360031003500,0.43202108
fffe3100320039003100,0.61990505
fffe33003000380030003900,0.814543
fffe32003400340035003500,0.47820178
fffe33003400370033003500,0.34222507
fffe32003500380035003100,0.65810114
fffe3500330031003600,0.70914125
fffe31003400320034003800,0.65812236
fffe31003000390033003200,0.718994
fffe31003900370031003300,0.3456118
fffe31003800360035003300,0.4200732
fffe3900320039003700,0.5292146
fffe33003100360035003100,0.66929144
fffe32003000380039003400,0.92246705
fffe31003600340033003100,0.4614913
fffe32003000320031003200,0.24376911
fffe31003200380030003600,0.56969017
fffe31003400300038003600,0.5210163
fffe31003500350030003700,0.5710475
fffe32003700310035003100,0.26919913
fffe32003900360030003700,0.6528523
fffe32003500330033003300,0.7220637
fffe3300380035003200,0.6599825
fffe32003400360036003900,0.8320752
fffe3100320031003100,0.4186037
fffe32003000310031003600,0.18113936
fffe32003000360034003600,0.50914484
fffe32003100340034003600,0.39913854
fffe33003300390031003600,0.28936157
fffe32003500330038003700,0.78909445
fffe31003900370038003200,0.71421945
fffe32003000330037003500,0.41229242
fffe32003700350038003900,0.5650081
fffe32003000370039003900,-0.011575166
fffe330038003900,0.6757901
fffe33003400370032003700,0.20954464
fffe32003000380038003100,0.5768668
fffe32003800310031003900,0.683598
fffe33003000330035003700,0.73231995
fffe31003600300034003000,0.38730147
fffe3800340033003100,0.53991157
fffe32003400330034003800,0.5839294
fffe32003200310039003900,0.3867196
fffe32003300390030003900,0.26496544
fffe3400350035003200,0.4471726
fffe31003900320030003900,0.68839455
fffe32003900390036003300,0.694339
fffe3100350031003000,0.3115419
fffe32003400340037003900,0.6290712
fffe31003500370037003500,0.26847684
fffe3600310035003200,0.6994888
fffe31003400350035003300,0.67534596
fffe32003400340032003000,0.5098477
fffe32003200350032003100,0.45142263
fffe32003800380030003400,0.6975004
fffe31003500310035003500,0.64362335
fffe3500300032003100,0.652038
fffe3900370038003500,0.3201523
fffe32003500360030003300,0.46256727
fffe32003500370031003700,0.3128623
fffe32003400360034003400,0.12822734
fffe32003200310030003000,0.52019686
fffe31003500380034003000,0.5916543
fffe3500310034003700,0.18834946
fffe32003100330032003500,0.8668315
fffe32003600390030003900,0.322685
fffe32003800350031003200,0.29602888
fffe350039003000,0.37568644
fffe33003300390036003200,0.37117133
fffe31003100320031003400,0.22753057
fffe32003200310031003100,0.5819838
fffe3300310037003300,0.43658188
fffe32003400380034003000,0.517153
fffe390034003600,0.16600195
fffe32003900300035003400,0.49294654
fffe31003600380034003600,0.35501638
fffe3300380034003500,0.24655761
fffe31003500310036003300,0.28839746
fffe3900330032003200,0.46417972
fffe31003800310033003400,0.47093636
fffe31003200320037003300,0.52897036
fffe3100360030003400,0.6640447
fffe3800370034003700,0.124873556
fffe31003900300036003400,0.26496032
fffe31003700370038003100,0.38886467
fffe33003100370038003200,0.38439825
fffe3100380036003100,0.48217607
fffe32003300330033003900,0.57196206
fffe32003200350035003600,0.16206051
fffe31003000330036003200,0.43288124
fffe32003000370038003100,0.4177639
fffe3700370039003200,0.54524374
fffe32003300370035003300,0.43225726
fffe31003300320030003400,0.27261326
fffe3300390034003000,0.38062754
fffe31003700300034003100,0.14522552
fffe31003800360031003800,0.6886775
fffe31003600370035003900,0.6027524
fffe31003600310038003300,0.45525905
fffe32003700330030003900,0.13824056
fffe32003600370030003400,0.3943975
fffe32003700380035003800,0.55975217
fffe31003100390033003600,0.36693949
fffe3100310034003300,0.6413082
fffe32003300370036003700,0.66944283
fffe32003000390036003400,0.4459111
fffe31003200310033003600,0.13583636
fffe33003200310034003800,0.48688433
fffe31003000350038003400,-0.007086431
fffe32003300340039003800,0.5907842
fffe31003300350039003900,0.48713043
fffe31003100300033003500,0.1564467
fffe31003700340031003200,0.6056819
fffe310031003800,0.61537915
fffe31003200320039003400,0.42662784
fffe31003000380034003600,0.2709316
fffe31003900390039003700,0.6119425
fffe3200320036003700,0.58790463
fffe3200360037003200,0.547392
fffe31003600370032003200,0.5273433
fffe33003100300034003500,0.3728335
fffe32003500340033003400,0.2531949
fffe33003200330039003200,0.53900695
fffe31003700370039003400,0.5433334
fffe32003900300037003400,0.5509148
fffe31003000310039003500,0.58494014
fffe32003100310039003600,0.44865108
fffe320036003600,0.79930246
fffe3600320035003800,0.25599694
fffe31003700350036003800,0.7562959
fffe33003200300030003200,0.44808465
fffe3500390038003400,0.44868222
fffe33003100320030003300,0.6603605
fffe31003400320031003100,0.23386353
fffe3500380030003700,0.2209598
fffe33003200340037003700,0.2120602
fffe31003200380031003200,0.49061584
fffe3600350038003800,0.42413917
fffe31003300350037003500,0.12374828
fffe3200350034003700,0.6072238
fffe32003100370039003800,0.6070021
fffe31003400390037003800,0.37161666
fffe31003000300035003900,0.25907513
fffe31003800300033003800,0.58227164
fffe3500380031003600,0.19191821
fffe31003100320035003200,0.56733334
fffe3500360033003200,0.42898244
fffe33003200370039003500,0.4124545
fffe32003800340034003600,0.5838646
fffe32003000370033003100,0.51608837
fffe33003300380038003600,0.2740784
fffe380035003100,0.50825626
fffe3500320038003500,0.7045215
fffe3700360037003100,0.3541503
fffe3500390037003100,0.11066609
fffe32003700330032003400,0.58886915
fffe3400300033003500,0.56061614
fffe31003200360039003800,0.67092454
fffe31003300300036003500,0.36789805
fffe31003500310038003100,0.5522961
fffe3800300034003400,0.5796702
fffe3200360039003600,0.47409457
fffe3100300031003500,0.55162495
fffe33003200330031003100,0.5459393
fffe3100320039003200,0.43030033
fffe31003400370032003500,0.39383677
fffe33003000350034003400,0.87343013
fffe32003300300033003100,0.255411
fffe31003300310034003400,0.2627068
fffe3900380033003400,0.5513049
fffe3200360039003200,0.4605122
fffe33003300340034003600,0.5720391
fffe32003500340034003600,0.49659467
fffe32003400300037003300,0.14541727
fffe33003200330031003700,0.31677637
fffe32003200350037003200,0.29402888
fffe32003300350032003400,0.40427643
fffe33003000390039003400,0.21102796
fffe3400370039003000,0.5497225
fffe33003300360031003500,0.5432596
fffe3900370036003600,0.5705262
fffe32003300370032003700,0.25593093
fffe3600390031003700,0.75259864
fffe31003100360039003300,0.19138554
fffe33003200320036003200,0.0583693
fffe33003000300032003400,0.24048993
fffe32003300300036003300,0.64199114
fffe32003700330034003300,0.16820584
fffe31003300350033003100,0.062027603
fffe32003400330038003300,0.32953063
fffe3300390037003400,0.4802134
fffe32003100320036003600,0.34876344
fffe3100340032003700,0.6765084
fffe32003700300035003000,0.44606316
fffe3400350038003900,0.22320552
fffe3800390030003700,0.75282425
fffe31003600330030003100,0.51237226
fffe32003000350030003600,0.6983217
fffe32003300300037003100,0.41113305
fffe32003900330031003000,0.63619345
fffe31003700360038003800,0.22052981
fffe31003500380034003200,0.5562914
fffe31003000340038003200,0.5454749
fffe32003400360031003000,0.38804796
fffe3900360032003700,0.46506327
fffe3700330032003900,0.2749446
fffe33003400310036003900,0.24781965
fffe32003500360035003000,0.3688686
fffe33003300320035003300,0.731124
fffe32003800300036003700,0.51915973
fffe33003100370030003300,0.38665673
fffe3300390034003400,0.44143766
fffe31003200360034003000,0.7179189
fffe31003100340031003100,0.43686226
fffe3700360032003100,0.4505476
fffe31003100350039003500,0.50438964
fffe3900310033003400,0.35468414
fffe32003200340037003100,0.62250763
fffe32003600310032003700,0.59700006
fffe33003300330039003100,0.65384984
fffe32003700350031003700,0.3594561
fffe3300300039003300,0.5753564
fffe31003200390030003500,0.6323286
fffe32003100340032003400,0.5171479
fffe3700340037003600,0.57150066
fffe31003400370039003300,0.5149665
fffe32003400350038003700,0.0028047408
fffe31003100360038003700,0.2708608
fffe31003100330038003900,0.7433642
fffe32003100380036003100,0.2272434
fffe32003000380039003500,0.5945711
fffe3800390037003500,0.54812884
fffe31003200370039003200,0.240409
fffe3100340030003100,0.5558081
fffe3100380038003100,0.41922396
fffe3500380032003700,0.47120664
fffe33003000340037003200,0.34093228
fffe3500330039003600,0.5845398
fffe32003600370030003800,0.51575047
fffe32003700370035003300,0.49234703
fffe31003600360032003300,0.45641968
fffe3200320030003000,0.55210066
fffe3300370035003100,0.32874888
fffe3800300038003300,0.77289313
fffe32003300360031003400,0.45749676
fffe31003500300033003800,0.5099385
fffe32003400380032003100,0.32357472
fffe32003600390030003000,0.18063296
fffe32003300390038003300,0.3325308
fffe33003000350032003000,0.016629186
fffe32003300380034003000,0.7337001
fffe31003100360034003300,0.5291734
fffe31003200390038003300,0.7867118
fffe31003900350038003200,0.33492073
fffe31003600310035003500,0.6995285
fffe33003400300039003500,0.29271415
fffe33003400310037003200,0.61585957
fffe32003600390032003000,0.2781069
fffe33003200380035003100,0.2794361
fffe31003800380038003700,0.22095539
fffe32003000330037003400,0.25567946
fffe31003100360039003500,0.31792518
fffe3200340032003600,0.49082533
fffe31003200330035003000,0.13638592
fffe360030003900,0.40588874
fffe31003500390035003600,0.013008114
fffe31003100390034003700,0.3734384
fffe3500380039003900,0.7694883
fffe32003700370039003400,0.224899
fffe32003300370036003900,0.12702934
fffe3200350034003200,-0.0024937273
fffe32003900360036003500,0.38667536
fffe31003500300035003200,0.69836307
fffe31003100340032003500,0.6350049
fffe31003500340037003800,0.48922306
fffe31003600320037003700,0.3719343
fffe3300300032003000,0.3477141
fffe32003700350039003500,0.36110836
fffe32003700320032003800,0.24820204
fffe3400350030003000,0.57902807
fffe33003200390032003400,0.3780664
fffe32003700340038003100,0.5121233
fffe32003900310032003100,0.41252083
fffe3300310030003000,0.4698921
fffe3700300031003300,0.52356225
fffe33003100330038003300,0.5833642
fffe32003900360037003200,0.26948115
fffe31003300340038003200,0.49677262
fffe31003100330036003900,0.39179555
fffe33003000300039003200,0.79976535
fffe32003700310032003700,0.444171
fffe31003600360035003300,0.40448207
fffe31003300350034003200,0.80055386
fffe32003500330030003000,0.18341452
fffe3600390038003200,0.54745907
fffe31003300360032003800,0.45091447
fffe33003400320030003000,0.61096776
fffe33003400340032003100,0.6951298
fffe32003900320032003400,0.3155308
fffe3700310032003800,0.5404631
fffe33003200390030003400,0.4365014
fffe31003000310039003600,0.611684
fffe3200390034003200,0.2890664
fffe31003400360033003800,0.6311315
fffe31003900350030003700,0.6597021
fffe31003700390038003800,0.404819
fffe31003600330038003200,0.40304428
fffe32003700350034003300,0.53316367
fffe31003300360032003600,0.74697614
fffe32003100380035003800,0.19635743
fffe3800300032003300,0.34868804
fffe3900370032003200,0.5417793
fffe3600330038003300,0.56876814
fffe32003800300032003000,0.22391862
fffe31003100360037003900,0.066680655
fffe3400380035003200,0.41243458
fffe3800350034003600,0.4104788
fffe32003600380030003000,0.5910721
fffe3200320030003800,0.6272473
fffe32003300360034003200,0.2087435
fffe31003000330036003500,0.3698046
fffe31003500360036003100,0.59564626
fffe33003400310031003500,0.3976965
fffe3800370032003800,0.439021
fffe3700320035003200,0.4854544
fffe31003600360037003000,0.7206831
fffe3700390032003600,0.24756514
fffe3400320039003200,0.6076468
fffe32003500360035003400,0.76369745
fffe3500300034003200,0.5976459
fffe33003100320031003000,0.5236053
fffe32003700380038003300,0.61305386
fffe33003300320038003500,0.4847916
fffe31003200380033003400,0.7515875
fffe31003200370033003200,0.67504215
fffe33003200390033003300,0.74718577
fffe32003900380038003000,0.266556
fffe31003800380039003800,0.22166786
fffe31003500310036003000,0.7351091
fffe3100340038003000,0.47792396
fffe32003000320034003000,0.6034469
fffe31003400300037003200,0.43171984
fffe33003400320032003400,0.6460767
fffe310032003600,0.7632611
fffe3600370035003000,0.60827035
fffe31003300300031003200,0.64836687
fffe31003400300032003100,0.57930106
fffe3300310039003300,0.19748503
fffe3500390034003300,0.40113345
fffe32003700360037003000,0.25589344
fffe33003400390030003200,0.4880938
fffe32003000370037003200,0.18867715
fffe3200390035003300,0.29795378
fffe32003900330033003500,0.8023227
fffe3900360031003700,0.56971097
fffe33003000390035003800,0.4504066
fffe31003300350039003300,0.3541973
fffe31003900330031003100,0.2452677
fffe32003100380030003600,0.7883502
fffe3900330036003300,0.072395265
fffe32003300310038003700,0.5559179
fffe3400320036003600,0.19367291
fffe32003700350036003500,0.39423883
fffe33003300360035003500,0.6046538
fffe32003000330035003500,0.74018556
fffe3100320035003700,0.9062429
fffe3200390036003000,0.36719924
fffe32003600380037003700,0.4332485
fffe32003600390033003400,0.2190044
fffe31003700320037003500,0.39072448
fffe3700360037003400,0.65225774
fffe31003300390038003400,0.58183986
fffe3100310032003500,0.6213515
fffe3800300036003200,0.5644167
fffe31003900370039003700,0.39613628
fffe33003400320039003600,0.46755284
fffe3500340039003600,0.51932293
fffe3100390033003700,0.6472463
fffe31003800340033003200,0.4797932
fffe32003800300037003800,0.6008411
fffe32003500330031003900,0.11258075
fffe33003200300037003700,0.5349163
fffe32003500320036003000,0.30262905
fffe32003900350032003600,0.61864555
fffe31003900330034003700,0.10068581
fffe3600300036003200,0.30125436
fffe33003300370032003700,0.56555676
fffe32003900340039003800,0.37737474
fffe3500350030003400,0.7088775
fffe3400350035003500,0.6096664
fffe31003100310033003200,0.49050796
fffe32003900330031003900,0.4405922
fffe31003400370030003000,0.37913772
fffe32003700390036003600,0.7552425
fffe3600350034003500,0.60073996
fffe33003000380036003400,0.90769917
fffe3800330037003500,0.2668434
fffe33003300300035003900,0.5773819
fffe33003300320032003300,0.67449075
fffe31003600310031003300,0.3173874
fffe32003500300030003500,0.6894057
fffe32003400370039003600,0.35895374
fffe31003000310030003900,0.4628953
fffe32003200370035003500,0.4239346
fffe3600380033003000,0.3763441
fffe33003300310038003000,0.29939455
fffe33003300390037003800,0.7456306
fffe32003600380033003400,0.39966035
fffe32003200380033003400,0.58994204
fffe3600330030003300,0.54654115
fffe31003800330038003800,0.0939024
fffe33003300320039003900,0.4902855
fffe31003200300039003700,0.5526864
fffe31003100340033003100,0.4336769
fffe3500340031003600,0.3926103
fffe31003800340035003800,0.4185121
fffe390037003200,0.81759715
fffe31003700320036003700,0.24907932
fffe33003100360037003500,0.12552218
fffe3400350033003000,0.093397275
fffe350037003000,0.17304486
fffe32003300380034003300,0.22571792
fffe32003300360038003700,0.4525902
fffe32003400350033003700,0.72289115
fffe3300370030003800,0.60998577
fffe31003100300034003100,0.24878131
fffe3500320030003200,0.40594837
fffe33003300330032003800,0.3223504
fffe3600350031003100,0.45819628
fffe31003000340037003500,0.36950538
fffe32003300300035003500,0.38731733
fffe32003500350034003400,0.33553487
fffe31003100330030003400,0.6549385
fffe32003900350030003400,0.118360914
fffe31003000340039003300,0.60449713
fffe3100300033003400,0.53401697
fffe3400330034003100,0.6158829
fffe31003100370034003400,0.28028828
fffe32003200310033003700,0.5724244
fffe31003200310033003500,0.30377203
fffe3800300037003900,0.6833234
fffe32003100330032003200,0.528758
fffe3300350038003500,0.43742877
fffe3800360036003500,0.28421742
fffe33003100330032003300,0.5967084
fffe3900320034003500,0.15863103
fffe31003900300037003100,0.6456237
fffe3200310037003200,0.2122405
fffe32003300320037003000,0.5583296
fffe31003800360031003400,0.4303513
fffe33003100340036003800,0.3636826
fffe32003600350033003900,0.17297217
fffe32003000390033003900,0.5915161
fffe3500380030003800,0.35845715
fffe33003000370031003800,0.38408312
fffe31003500310035003300,0.3168501
fffe31003800310038003600,0.3864844
fffe3500370035003600,0.18924367
fffe32003900330031003600,0.66158074
fffe31003400330037003800,0.60100085
fffe32003000350039003800,0.42893824
fffe31003600390036003900,0.30977955
fffe3200320032003600,0.41818374
fffe3900320035003400,0.32635593
fffe32003500300032003300,0.41783345
fffe3700380033003100,0.32101732
fffe31003400340035003900,0.36228892
fffe32003100370033003300,0.59277415
fffe32003600350032003000,0.490461
fffe32003100370030003400,0.5888017
fffe32003400390039003500,0.17336737
fffe31003100300030003800,0.20941429
fffe32003000390031003000,0.40642685
fffe31003200320030003900,0.47898725
fffe31003500310038003500,0.19380166
fffe31003000370034003700,0.5321453
fffe31003900390032003500,0.6983848
fffe3200300033003700,0.5991468
fffe31003100360035003000,0.59849554
fffe32003800380033003400,0.2626457
fffe3800350034003300,0.12098341
fffe3900320037003400,0.4033497
fffe33003400310039003500,0.5609941
fffe31003600380034003000,0.39343917
fffe31003200350034003800,0.5387304
fffe3500330035003200,0.23967694
fffe33003000390038003700,0.3655678
fffe31003800350039003400,0.41914374
fffe32003600340035003800,0.5848688
fffe3300390037003900,0.42987534
fffe31003000340039003100,0.5767643
fffe33003100370030003100,0.48558092
fffe3900300036003200,0.582949
fffe32003300350039003700,0.055324946
fffe3700370031003300,0.75127536
fffe32003100360031003800,0.14233617
fffe33003300360039003100,0.66158533
fffe32003100390031003600,0.39487737
fffe3300330035003000,0.28523737
fffe32003200300034003800,0.7399614
fffe31003900380036003900,0.6588855
fffe3100360032003800,0.44943705
fffe3500320032003600,0.6565182
fffe32003200370034003000,0.3113954
fffe31003600380039003700,0.59560734
fffe31003300390032003700,0.2783854
fffe31003200360039003300,0.46026748
fffe3900390031003100,0.47091955
fffe32003900380036003100,0.7402107
fffe32003300380039003300,0.82053804
fffe33003300330036003700,0.2542446
fffe32003300390034003600,0.56991816
fffe32003200320038003200,0.3398228
fffe3300380037003200,0.43068817
fffe3900370035003300,0.431372
fffe3400350037003100,0.25428697
fffe3200310039003600,0.8094913
fffe3600360032003800,0.39540613
fffe3700320030003300,0.606877
fffe3200320036003800,0.71514374
fffe3500390030003400,0.41136765
fffe3800340038003900,0.5598997
fffe33003300380033003000,0.33162048
fffe3100350037003100,0.51107293
fffe31003700360036003900,0.4487562
fffe3700330031003100,0.26511878
fffe31003600360033003300,0.36792055
fffe32003000390037003400,0.26407513
fffe31003700300031003100,0.5038954
fffe32003800370031003200,0.46505153
fffe32003300340030003100,0.22969231
fffe31003700370034003500,0.6420614
fffe32003300360030003300,0.538124
fffe32003200310030003900,0.36245564
fffe3200330038003000,0.36901665
fffe33003100340031003300,0.33532062
fffe32003700390034003100,0.58153546
fffe3400300037003600,0.57840186
fffe3100380035003400,0.62705773
fffe31003200330034003400,0.18895188
fffe33003000340036003800,0.2647844
fffe32003600300038003900,0.41179067
fffe31003600340037003200,0.56059563
fffe32003500370031003500,0.36976954
fffe3200330033003100,0.38432088
fffe32003100390036003500,0.97426957
fffe32003100360037003600,0.56391156
fffe32003600360038003800,0.7210604
fffe31003900350035003000,0.795603
fffe37003900,0.41940525
fffe3100310035003000,0.50141686
fffe33003300300038003900,0.7227436
fffe31003700300030003300,0.5858422
fffe31003200360036003300,0.0005919668
fffe3800360030003900,0.34940946
fffe32003300320034003500,0.14766943
fffe31003500350037003500,0.32891276
fffe3500360035003900,0.40247786
fffe3800300034003100,0.81259054
fffe3300390033003400,0.66321033
fffe3800320031003600,0.6691342
fffe33003300310034003200,0.6588636
fffe3500340034003600,-0.00068599836
fffe31003200350037003900,0.58559686
fffe32003700300030003000,0.17246848
fffe370039003000,0.55702084
fffe31003100390039003600,0.23718521
fffe32003900310038003300,0.436744
fffe33003000360036003600,0.5649943
fffe3700390030003400,0.6315604
fffe31003000320034003900,0.4035015
fffe3700300033003300,0.39932498
fffe33003000300030003300,0.6025356
fffe32003800350037003900,0.4311745
fffe32003800300036003500,0.5954549
fffe3600300033003200,0.39369363
fffe3300380036003300,0.3646563
fffe32003300350033003000,0.019379925
fffe3800340037003200,0.12026516
fffe32003400300034003900,0.2861995
fffe31003400390033003600,0.21159989
fffe33003200370038003300,0.17403796
fffe31003900340034003300,0.5573796
fffe360031003600,0.22326033
fffe32003300310037003700,0.6656679
fffe32003400320035003900,0.005209764
fffe33003100390037003500,0.61295646
fffe32003200310032003200,0.5933106
fffe31003200350037003100,0.4937201
fffe33003100320032003700,0.44345316
fffe31003400320033003000,0.63743657
fffe33003000310034003200,0.12068746
fffe3900380037003900,0.39554757
fffe31003900370030003000,0.42596683
fffe3500360037003200,0.5765628
fffe33003300310036003900,0.2708569
fffe32003000310038003800,0.7809865
fffe31003400360036003600,0.41619602
fffe31003700310032003400,0.59153306
fffe32003300390037003500,0.3086568
fffe3300380039003400,0.27712396
fffe32003900380036003900,0.5553624
fffe33003000350038003100,0.4362096
fffe31003300330034003600,0.71081775
fffe3500310031003200,0.23217483
fffe33003000310032003200,0.69443554
fffe32003200360039003700,0.1719546
fffe33003400310035003100,0.27935946
fffe33003300330030003600,0.33605108
fffe3700340035003300,0.6076484
fffe3600330035003200,0.6012713
fffe33003300320037003400,0.3952847
fffe32003300320038003300,0.6631155
fffe3900380032003200,0.82953393
fffe3200390038003600,0.7835621
fffe32003600300031003100,0.8032674
fffe32003800330033003800,0.5908949
fffe31003800360032003200,0.39015818
fffe32003700320033003900,0.19630323
fffe32003400300033003100,0.3449604
fffe33003400350039003700,0.57038295
fffe31003900360038003100,0.30525303
fffe33003200390030003700,0.2943043
fffe31003600360030003900,0.52445227
fffe33003200350035003300,0.3764318
fffe31003100300037003200,0.54999155
fffe32003900380031003500,0.60309327
fffe330037003100,0.40882996
fffe31003400360036003500,0.5078268
fffe32003300360035003500,0.88392216
fffe3100380032003200,0.41097906
fffe3300360031003600,0.16733466
fffe31003400340033003800,0.34678918
fffe31003000350034003600,0.28246775
fffe33003200310032003300,0.49999243
fffe31003800340032003700,0.4488655
fffe32003600320033003800,0.3564768
fffe33003400390035003400,0.4191394
fffe320030003200,0.032588426
fffe3400370039003400,0.626913
fffe31003500350037003900,0.6866366
fffe32003600310036003000,0.413206
fffe32003000330037003700,0.29311556
fffe33003200310032003800,0.26794496
fffe3900310030003600,0.26308754
fffe3700340038003000,0.6269947
fffe3100340036003600,0.19746982
fffe31003300320038003400,0.4465629
fffe32003000350036003100,0.63372654
fffe3600320038003600,0.3547736
fffe33003400360037003700,0.36450475
fffe3100320035003300,0.5572533
fffe32003600340039003100,0.25115997
fffe31003800390032003500,0.33351675
fffe33003300380033003700,0.78654397
fffe3300300035003200,0.12951662
fffe3200320034003900,0.5466379
fffe31003200370035003100,0.51928824
fffe32003100370037003900,0.39811397
fffe3400360037003400,0.56751
fffe31003000360034003400,0.32051125
fffe31003000370036003000,0.27784356
fffe33003000330032003600,0.40886202
fffe32003000310031003500,0.53568697
fffe3300390034003900,0.44789228
fffe3600380031003500,0.49257198
fffe32003200390031003300,0.6443028
fffe3300300038003500,0.49832642
fffe33003100360034003600,0.16992974
fffe31003300380039003100,0.009064758
fffe32003200340035003400,0.64095837
fffe3300370036003400,0.5353619
fffe3100360039003000,0.1821179
fffe3400390034003200,0.24232085
fffe32003700330036003200,0.38631636
fffe31003500350032003400,0.53973687
fffe3200330031003200,0.28155112
fffe31003100340036003100,0.72488827
fffe31003600390036003200,0.77026486
fffe33003300360036003000,0.3190244
fffe31003200330031003800,0.16501652
fffe31003100370033003100,0.18365051
fffe32003400370030003400,0.71892005
fffe310039003200,0.83306646
fffe31003300360032003400,0.50259453
fffe3700370033003700,0.7203314
fffe33003400300037003100,0.4380968
fffe32003800350036003300,0.7986201
fffe3200320039003600,0.24569409
fffe31003300300033003200,0.38053602
fffe32003100330034003900,0.36156768
fffe32003300310033003500,0.61543256
fffe3500380039003400,0.5868279
fffe32003100370030003000,0.43052047
fffe31003400320039003200,0.27334666
fffe31003200320035003200,0.24767238
fffe3100340031003100,0.563754
fffe31003600310032003100,0.6432992
fffe32003200310030003100,0.2930864
fffe3400390033003700,0.52968717
fffe31003800340034003600,0.42320988
fffe3400300034003600,0.22027318
fffe32003900360038003900,0.5680655
fffe33003200330039003700,0.7354689
fffe31003100390030003000,0.48578852
fffe32003600350034003500,0.5182531
fffe3900310037003700,0.7797772
fffe31003800300036003000,0.42419985
fffe3800310038003900,0.36243698
fffe38003800,0.10222156
fffe33003300380030003300,0.09721203
fffe32003300330036003900,0.38835782
fffe3700350034003700,0.3088127
fffe31003400310030003800,0.39327183
fffe31003800330034003300,0.3441722
fffe32003900370034003200,0.16673236
fffe31003100380038003700,0.47430626
fffe3100330035003200,0.21443035
fffe32003100350038003200,0.46446416
fffe32003200350033003200,0.56094044
fffe32003000390033003700,0.6184698
fffe3500340037003500,0.63660187
fffe32003300330033003700,0.121144995
fffe3700320034003700,0.5392596
fffe31003500350036003300,0.46588433
fffe33003300300039003000,0.55724275
fffe31003000320035003400,0.5562992
fffe33003200370034003300,0.3333868
fffe32003100330039003100,0.24873374
fffe32003300330033003000,0.46528843
fffe32003600350031003600,0.39932743
fffe33003200390037003700,0.36483294
fffe3200340034003300,0.4771575
fffe31003200300037003200,0.010363415
fffe31003800300034003800,0.124890365
fffe32003100350036003500,0.4026198
fffe31003700340035003900,0.12873054
fffe31003100350031003900,0.4942038
fffe3400340034003800,0.17148723
fffe3600310035003800,0.5182672
fffe31003800380031003300,0.4418575
fffe32003800320030003700,0.5946417
fffe32003200360033003200,0.66380125
fffe3900310036003800,0.5325147
fffe3800390030003200,0.5900003
fffe3100350032003600,0.059692428
fffe32003300340036003500,0.6784447
fffe310032003400,0.58759797
fffe33003300390036003500,0.40202156
fffe32003600370038003000,0.3876827
fffe31003800330031003700,0.87988085
fffe3700340030003700,0.58943504
fffe32003200380035003900,0.67893636
fffe31003200330031003100,0.7026159
fffe32003400380031003600,0.5982487
fffe31003600320035003600,0.63473135
fffe31003500380032003500,0.93033636
fffe31003600310038003200,0.3494279
fffe340033003500,0.5706707
fffe32003900350037003900,0.06590135
fffe33003200390038003300,0.212043
fffe32003700390037003200,0.6190169
fffe31003200320033003600,0.28568378
fffe3500320031003900,0.6193558
fffe33003000330035003500,0.6721172
fffe3900360038003900,0.47360212
fffe32003100370038003600,0.16106234
fffe31003300320037003500,0.22443937
fffe3900310034003800,0.42336026
fffe31003400380035003600,0.61965656
fffe3100320033003800,0.3327782
fffe31003200350036003500,0.29029295
fffe31003200330030003400,0.55863833
fffe3100380037003900,0.5114561
fffe340035003700,0.5489285
fffe32003700320039003000,0.35206312
fffe32003500330034003600,0.33173496
fffe31003500370034003900,0.5145255
fffe33003000390036003800,0.5903871
fffe3100370038003900,0.23188825
fffe33003400310034003300,0.4576678
fffe32003600320032003600,0.3434003
fffe33003200370031003600,0.7156525
fffe31003800350035003500,0.508539
fffe32003400330036003600,0.79293644
fffe3800300031003900,0.4012421
fffe31003400390031003100,0.5332368
fffe32003100370031003000,0.8221587
fffe33003300350031003000,0.35715628
fffe32003100360038003500,0.42992136
fffe32003600330031003700,0.2081223
fffe3200330032003600,0.25233284
fffe31003800380035003200,0.58115035
fffe32003900350034003700,0.2863552
fffe31003400360033003200,0.44969612
fffe3600390032003800,0.5506666
fffe32003000310034003000,0.60731685
fffe3100340034003000,0.8591319
fffe32003400360033003000,0.5948261
fffe310030003000,0.62618005
fffe3600390037003200,0.23427421
fffe31003400350035003700,0.5798589
fffe33003000300039003900,0.73620355
fffe32003600390036003400,0.20722291
fffe32003400360038003300,0.28953606
fffe31003000300030003500,0.3286064
fffe33003200300039003100,0.5209884
fffe3900360037003400,0.40476474
fffe3400320033003100,0.24798006
fffe32003500340032003000,0.002921836
fffe3300300035003000,0.4181015
fffe3900320039003800,0.5631201
fffe350030003400,0.4934448
fffe32003700320031003300,0.29846433
fffe31003600330030003500,0.3944358
fffe3800340039003600,0.45832694
fffe32003300390033003300,0.62030756
fffe32003400360036003200,0.5702216
fffe32003100310039003700,0.023511034
fffe33003200300039003900,0.7553105
fffe32003600300033003500,0.5430609
fffe340034003300,0.477026
fffe32003700350038003800,0.67607075
fffe3400360039003900,0.082173735
fffe3900350031003400,0.46159524
fffe3700360039003300,0.62122905
fffe3800360038003400,0.5042845
fffe33003000370038003300,0.3295671
fffe31003400320033003800,0.23400602
fffe3900320037003000,0.41732243
fffe3800330031003000,0.41309628
fffe3800380038003800,0.677278
fffe32003500340038003000,0.6513392
fffe320034003400,0.28824574
fffe32003000350032003000,0.4104124
fffe32003400330036003700,0.417726
fffe31003600390034003900,0.7020829
fffe3300340031003800,0.5248563
fffe3400380032003300,0.601433
fffe33003200310038003700,0.083771475
fffe3600350038003300,0.40303043
fffe3800300033003300,0.32335538
fffe32003600300037003900,0.7190184
fffe31003300330030003400,0.3661736
fffe32003200350036003200,0.23939982
fffe31003700370038003500,0.61931187
fffe33003100370033003800,0.46839216
fffe32003200310035003000,0.7281595
fffe32003800310031003800,0.037020035
fffe3400350036003000,0.6689801
fffe370035003700,0.5077951
fffe32003700350032003900,0.2784324
fffe3900380031003800,0.47221234
fffe3800350039003300,0.46424517
fffe31003300380034003600,0.7159766
fffe3600340038003400,0.64347833
fffe32003500390036003200,0.3414141
fffe3200350038003100,0.6520503
fffe32003600300034003500,0.3272549
fffe31003200340033003900,0.72697043
fffe33003000340036003100,0.5493337
fffe31003300380036003300,0.5476892
fffe32003400330034003700,0.48476398
fffe3700390035003400,0.58359253
fffe31003900310033003300,0.5151546
fffe33003000320037003000,0.5499284
fffe3500370037003100,0.5776915
fffe32003600300035003100,0.59276164
fffe33003200300030003300,0.43285465
fffe3900390031003600,0.3496604
fffe31003600380033003300,0.36756045
fffe32003000380033003200,0.5763192
fffe32003600340034003500,0.55031365
fffe33003000360031003200,0.5417321
fffe31003000370031003900,0.4836976
fffe32003800300033003600,0.86846304
fffe3600320030003900,0.5252232
fffe32003500360032003700,0.53517175
fffe3500390035003500,0.7303072
fffe32003800360031003000,0.23607065
fffe32003800390035003100,0.7268592
fffe33003300350036003200,0.43319833
fffe3100330031003000,0.096839964
fffe32003900350032003500,0.14960845
fffe33003100350038003500,0.102847576
fffe3700320039003100,0.7419546
fffe3100330034003500,0.40528217
fffe33003400370030003200,0.8966413
fffe33003200300039003200,0.60397357
fffe31003300350032003200,0.06799197
fffe3300370039003100,0.4696674
fffe32003900350035003200,0.34320816
fffe33003400350035003600,0.476644
fffe31003300350034003300,0.590911
fffe33003200320039003800,0.5014043
fffe32003400370034003900,0.6079245
fffe32003700330031003900,0.46095565
fffe3800380038003900,0.24783206
fffe31003300350038003800,0.56724995
fffe3700360030003600,0.21249431
fffe31003900300031003200,0.29567963
fffe31003300350034003000,0.41310972
fffe33003400310034003600,0.4535642
fffe3600330038003700,0.65308577
fffe31003900340031003300,0.40785483
fffe31003200380031003900,0.6133714
fffe33003200350035003000,0.5180134
fffe32003000320034003500,0.68795556
fffe31003200300036003500,0.41152713
fffe31003700310035003700,0.082425915
fffe3700360037003900,0.35521796
fffe32003300340039003300,0.49140018
fffe31003700390030003800,0.44608262
fffe32003400310031003800,0.5490072
fffe32003500340032003400,0.5217653
fffe32003600330033003700,0.39256227
fffe31003000340030003000,0.47540706
fffe33003300380036003600,0.7272592
fffe3300340033003000,0.4873122
fffe32003200390033003100,0.41535622
fffe31003100340032003800,0.28947404
fffe370033003300,0.39868084
fffe350031003800,0.8330641
fffe31003000380038003500,0.40471283
fffe3400300033003100,0.6247089
fffe3800300039003500,0.42647162
fffe3500300037003000,0.34068093
fffe33003400300035003300,0.5759111
fffe32003900310034003500,0.37877896
fffe31003800350031003400,0.32197198
fffe32003700320033003300,0.73964196
fffe3700330031003600,0.6415129
fffe3400320038003600,0.48107138
fffe3200370037003700,0.53658396
fffe31003500300039003900,0.7219207
fffe33003300360032003200,0.99597824
fffe3600340037003100,0.5324099
fffe32003500310030003400,0.40508932
fffe31003500310038003400,0.5758304
fffe32003300360036003600,0.4992313
fffe3600300031003200,0.59114087
fffe31003700390031003700,0.7278469
fffe32003500380039003600,0.58636856
fffe32003300320035003400,0.14894514
fffe31003100350034003200,0.740697
fffe32003000320034003200,0.39901045
fffe33003200300034003700,0.49593335
fffe31003100370037003100,0.49782845
fffe32003300340037003700,0.47855052
fffe31003000370035003700,0.0111898035
fffe3200360033003300,0.43035215
fffe3300300035003100,0.45079648
fffe31003400310034003400,0.20306957
fffe31003800360031003600,0.2562906
fffe3100340038003100,0.61731875
fffe3400340030003500,0.43172482
fffe33003200320036003700,0.75365496
fffe32003900390039003800,0.23434277
fffe3800340031003900,0.36162907
fffe31003000310037003700,0.522826
fffe32003800350038003600,0.5729629
fffe33003300300039003800,0.1651739
fffe3800310036003600,0.37991393
fffe3800360031003900,0.6598581
fffe370034003800,0.3674724
fffe31003200380033003900,0.5197495
fffe33003000350036003900,0.40113014
fffe32003900360035003700,0.16020432
fffe32003800380035003800,0.8630119
fffe3500330038003700,0.30225128
fffe32003500370039003800,0.42904085
fffe3500340039003700,0.40825403
fffe31003000310031003500,0.34966418
fffe3600360030003400,0.56404734
fffe33003000330031003400,0.6171255
fffe36003500,0.77702254
fffe3300310039003900,0.66932964
fffe31003000320039003900,0.2503987
fffe32003700310030003200,0.4119358
fffe31003900330032003600,0.524322
fffe32003800370031003600,0.42704764
fffe31003300340038003300,0.43736896
fffe31003700300039003400,0.05530372
fffe3200340039003600,0.31277344
fffe34003200,0.46692833
fffe3500390031003700,0.6459514
fffe31003400390039003200,0.34415188
fffe31003200320031003800,0.42483073
fffe31003900390037003200,0.38248444
fffe32003000380033003300,0.30750468
fffe31003600380034003300,0.3840817
fffe3200320033003700,0.47060323
fffe31003700320039003400,0.7865212
fffe3100370036003500,0.4673357
fffe3500360035003300,0.5652451
fffe31003600370038003400,0.25635782
fffe32003800350030003500,0.4988503
fffe3700330039003800,0.5716883
fffe33003100350031003700,0.5596492
fffe32003400320036003900,0.40632927
fffe32003900350039003300,0.40062234
fffe33003100350031003300,0.5223189
fffe31003700300031003600,0.279271
fffe32003600320038003200,0.4882357
fffe3900350039003900,0.72549134
fffe3100330035003000,0.23131652
fffe31003100370032003900,0.26916358
fffe3600300033003500,0.70747715
fffe3400360030003900,0.60821
fffe3200390035003800,0.41901618
fffe3800370033003800,0.3625648
fffe3600330030003000,0.59878254
fffe33003400320037003700,0.5705262
fffe3800330033003500,0.42204297
fffe3800330036003000,0.42789692
fffe32003200300037003000,0.478377
fffe3400320034003800,0.4364824
fffe3100350039003900,0.33715698
fffe31003300310030003700,0.38853666
fffe33003100340032003300,0.13548025
fffe360038003100,0.29194927
fffe31003800310037003900,0.6686138
fffe32003600330037003700,0.57854146
fffe32003600390031003300,0.6484043
fffe3600370033003200,0.44626522
fffe32003600370030003500,0.24952252
fffe32003500380035003800,0.25187004
fffe32003300340032003700,0.18502565
fffe31003000350035003400,0.32094324
fffe32003900350037003100,0.6682125
fffe31003700370032003000,0.46360505
fffe31003500310036003600,0.43174097
fffe31003900390037003400,0.6658259
fffe32003400320038003200,0.10756773
fffe31003800330032003000,0.35186964
fffe32003300370034003700,0.09657643
fffe32003300310030003100,0.55036396
fffe31003500310038003200,0.5659009
fffe33003400360039003600,0.6851858
fffe33003200370030003500,0.66777074
fffe32003000380034003400,0.20818587
fffe3800300030003300,0.77686226
fffe32003100300032003800,0.68674403
fffe3800320032003100,0.30193314
fffe3900320031003300,0.28589702
fffe32003800360038003300,0.028014194
fffe33003400370031003300,0.6494207
fffe3100330033003200,0.3735556
fffe31003000300037003500,0.5718886
fffe32003000310034003200,0.58720005
fffe330039003500,0.22476703
fffe31003900370031003100,0.32090464
fffe3900360033003400,0.40112823
fffe32003600300032003500,0.44517863
fffe33003000320039003300,0.38357148
fffe33003000340037003700,0.044867877
fffe31003500340038003700,0.47695923
fffe3100380031003300,0.09767715
fffe31003300380030003900,0.1992167
fffe3400300038003900,0.5621582
fffe32003700370038003100,0.6171621
fffe32003100370035003200,0.41558662
fffe3600310030003900,0.7489195
fffe31003900370036003200,0.39853096
fffe32003100300030003000,0.51563734
fffe3800360037003300,0.3529384
fffe32003600330035003100,0.37298584
fffe32003700310038003800,0.49627408
fffe31003700340036003200,0.4159956
fffe3900320038003500,0.42684004
fffe3300350030003400,0.6233795
fffe32003800370030003100,0.12873472
fffe32003800330035003800,0.76880753
fffe31003700350039003700,0.26790577
fffe31003300380034003800,0.63612425
fffe31003900330036003200,0.49545965
fffe31003000360033003500,0.73706156
fffe33003200380039003700,0.29396734
fffe32003600390035003800,0.31483066
fffe3200370036003900,0.17296152
fffe3700310032003600,0.4053368
fffe3600340032003500,0.21404195
fffe3100350030003000,0.6016632
fffe32003300380033003500,0.64472085
fffe3600320032003400,0.56028366
fffe32003000390030003000,0.62818044
fffe32003200320036003400,0.34255758
fffe3600350032003600,0.33178252
fffe31003300310037003500,0.40316817
fffe31003100380033003400,0.9509944
fffe3800300038003900,0.692723
fffe32003300310038003400,0.90695643
fffe3100320034003300,0.44781125
fffe3700310031003900,0.4975335
fffe3100370034003200,0.5658695
fffe33003400310033003000,0.4349529
fffe3700380037003200,0.26263255
fffe32003200360039003300,0.5922152
fffe3100360035003200,0.23254262
fffe3300320036003400,0.43535528
fffe3300390036003900,0.41656446
fffe31003000350031003200,0.63314486
fffe32003900350031003800,0.5460155
fffe32003900300034003500,0.65718275
fffe32003700310032003200,0.32449207
fffe3900310031003700,0.25297248
fffe32003200350030003300,0.46364772
fffe33003300320032003500,0.26143745
fffe3700360038003500,0.4312565
fffe3700300035003800,0.2164865
fffe3400390039003500,0.41811505
fffe31003200330030003700,0.38605252
fffe31003200310030003200,0.48558223
fffe360036003900,0.409038
fffe33003400380032003400,0.5404748
fffe31003200340031003100,0.9343198
fffe32003400320037003800,0.50326383
fffe310031003200,0.34750494
fffe32003100320037003800,0.09389431
fffe3800370039003900,0.47458503
fffe3300300038003700,0.26552442
fffe32003800380031003000,0.07030254
fffe32003900310035003700,0.38758034
fffe3300300035003900,0.6705251
fffe31003100340031003000,0.6172197
fffe31003900360036003200,0.50729513
fffe32003700340030003100,0.69709164
fffe3100330038003700,0.27805102
fffe31003700340037003500,0.371321
fffe31003600310039003700,0.5901102
fffe31003300300034003800,0.17126496
fffe32003800310037003200,0.5414904
fffe3200370035003400,0.72885746
fffe3500340034003000,0.3958061
fffe31003500380035003300,0.6338426
fffe3300380030003100,0.847364
fffe32003200360038003200,0.22836077
fffe3300380035003800,0.45025533
fffe31003900300037003400,0.38583937
fffe31003500370030003600,0.55323726
fffe3900380032003500,0.7313778
fffe3300300030003200,0.7710246
fffe3900320037003500,0.41335276
fffe31003900340035003600,0.014841019
fffe31003700320034003700,0.5757676
fffe31003900330035003500,0.40344635
fffe3200300035003500,0.6922032
fffe32003900390039003500,0.5821785
fffe31003500360032003300,0.602781
fffe330034003600,0.1378378
fffe32003800380032003000,0.64145565
fffe33003100300038003700,0.5623328
fffe31003900380031003000,0.5627294
fffe31003700310031003200,0.53800404
fffe3200380037003100,0.48957747
fffe31003700340033003700,0.5367882
fffe31003200360038003900,0.42914784
fffe32003500390038003300,0.24764003
fffe32003600350034003300,0.509857
fffe31003600380031003300,0.5367601
fffe33003400330035003600,0.66564065
fffe33003200340035003600,0.29185757
fffe33003100320031003600,0.45056632
fffe31003100360035003200,0.25519907
fffe3800370034003000,0.2657234
fffe3100370035003500,0.4317289
fffe31003900330038003700,0.6147653
fffe32003100340030003200,0.7630401
fffe32003100360036003800,0.2839057
fffe33003200390035003700,0.8274992
fffe33003200370037003400,0.12115161
fffe3600360036003600,0.17184888
fffe33003200390039003000,0.58957934
fffe3800330033003200,0.1865354
fffe31003600330037003700,0.47476017
fffe33003000330035003900,0.4102472
fffe31003600380037003800,0.37448347
fffe3100370030003100,0.41819495
fffe33003400330037003900,0.6822675
fffe31003100310032003200,0.3207801
fffe31003300380032003700,0.2657914
fffe3700310030003100,0.25675318
fffe32003800340034003800,0.39214116
fffe33003000310035003000,0.37876216
fffe3400320033003000,0.6289717
fffe31003900390036003800,0.19811352
fffe33003100300034003400,0.39816043
fffe31003900320031003800,0.55667037
fffe31003800350039003200,0.38107058
fffe3800370030003000,0.36534417
fffe33003400380034003000,0.8089559
fffe32003400310037003500,0.55622405
fffe3600350033003000,0.3236454
fffe31003400300038003300,0.2084556
fffe32003800340037003200,0.39414093
fffe3500300032003400,0.40896875
fffe32003200310037003200,0.63937443
fffe33003200330035003200,0.32302794
fffe3400370034003100,0.36085874
fffe31003600300037003800,0.55877423
fffe3100370034003300,0.88559794
fffe33003100300033003800,0.60287875
fffe31003900330033003300,0.7392007
fffe31003600370031003300,0.78388673
fffe32003100320038003600,0.39011723
fffe31003000320031003300,0.28217787
fffe3100320032003100,0.6130496
fffe31003100300032003000,0.35111424
fffe32003300370032003100,0.6452755
fffe3200330033003700,0.5234156
fffe33003000390037003400,0.3314493
fffe3700370032003000,0.3246563
fffe31003400330038003600,0.813154
fffe31003900340035003000,0.5115325
fffe32003100320038003300,0.02627301
fffe32003200330033003600,0.6017756
fffe33003100310036003300,0.602068
fffe33003200330034003400,0.50005853
fffe3700300039003600,0.48008567
fffe3900330039003200,0.38229504
fffe32003500360036003200,0.34935606
fffe32003400300039003400,0.49637663
fffe31003400330032003300,0.33533934
fffe32003900300033003200,0.41511235
fffe32003900310036003300,0.5906363
fffe3100320030003800,0.49954894
fffe31003800310032003600,0.11802117
fffe3700380037003300,0.9143526
fffe31003400310037003700,0.34631693
fffe33003400310039003200,0.5213551
fffe31003700390033003700,0.6340157
fffe31003300310031003900,0.18694489
fffe3700370031003400,0.3672884
fffe3100380038003700,0.34491777
fffe32003900390032003900,0.4363542
fffe3300340030003900,0.39667302
fffe31003400340033003100,0.43661326
fffe31003000310039003100,0.39294824
fffe3100370031003100,0.42482248
fffe31003400330038003500,0.46269938
fffe32003800380039003300,0.49111617
fffe31003100380036003200,0.5675609
fffe3800390039003700,0.42218322
fffe33003000310031003000,0.6945539
fffe3600310038003100,0.46058324
fffe31003400300032003700,0.5212792
fffe31003100390038003000,0.94895315
fffe31003700320034003400,0.6058235
fffe31003200300032003300,0.3576781
fffe32003500390033003100,0.4540916
fffe33003400310039003800,0.27586445
fffe3200380033003900,0.35107186
fffe31003500310039003700,0.78968805
fffe33003200310033003200,0.5775737
fffe32003900390038003300,0.20520176
fffe31003600300032003700,0.17641453
fffe31003300380037003400,0.6210896
fffe32003500320038003600,0.5498212
fffe32003200390033003600,0.9567829
fffe3800380035003900,0.43655306
fffe32003800350035003100,0.5267209
fffe31003400370031003800,0.4016723
fffe33003400340038003500,0.5891645
fffe31003800370033003000,0.3185923
fffe31003400350039003900,0.30241615
fffe32003400370031003600,0.5063448
fffe3100370036003100,0.45218948
fffe3400330038003700,0.5904015
fffe32003100350030003400,0.36768556
fffe33003400390032003200,0.35185313
fffe33003400380030003100,0.59808356
fffe31003200390037003800,0.5845038
fffe3500380030003400,0.60100573
fffe31003700360037003100,0.9026497
fffe32003300320034003600,0.54273486
fffe32003900310030003200,0.36901665
fffe31003500350030003600,0.45399258
fffe31003200370031003800,0.45761254
fffe3300380039003300,0.32610172
fffe3400340035003700,0.3768774
fffe31003400300039003200,0.19470876
fffe3800320034003800,0.62258655
fffe3300320035003600,0.5691778
fffe31003000370034003400,0.1541671
fffe320032003500,0.6545852
fffe32003500380034003700,0.138417
fffe31003100390038003900,0.65910065
fffe3400340038003000,0.5313092
fffe31003900340034003100,0.17204243
fffe32003800320037003400,0.2928297
fffe3600370036003600,0.53228825
fffe3700360032003200,0.1562366
fffe33003300380037003200,0.37551677
fffe3100390031003800,0.40288505
fffe3700370038003700,0.4682757
fffe32003600360031003900,0.18865685
fffe3200320033003600,0.29346082
fffe32003000310031003800,0.18642534
fffe3700310033003200,0.37289536
fffe31003100310031003100,0.64888436
fffe31003900350033003400,0.22214754
fffe31003000320039003700,0.36557066
fffe3500360036003700,0.17324442
fffe31003900350035003100,0.52078414
fffe33003400310030003200,0.26422828
fffe32003300370033003100,0.5771023
fffe33003300330033003500,0.38520542
fffe32003800310035003700,0.61367553
fffe31003400390036003000,0.1425292
fffe31003800370036003700,0.82112527
fffe31003400370033003500,0.67450833
fffe3200360030003500,0.5113082
fffe31003300360038003500,0.3312161
fffe3700370036003100,0.20493414
fffe32003800320031003700,0.48196784
fffe33003200370038003900,0.36164978
fffe32003600300035003400,0.3798779
fffe32003900390031003700,0.4340375
fffe32003500360033003900,0.4803558
fffe33003100330036003800,0.30360335
fffe3200310031003100,0.355157
fffe33003100390032003900,0.38825068
fffe32003600300033003600,0.6625571
fffe3700320031003200,0.34766507
fffe320031003300,0.33987397
fffe31003700380034003100,0.28993177
fffe3600340039003900,0.24997677
fffe31003300300032003900,0.2038949
fffe3600380037003000,0.31304836
fffe33003100320034003000,0.29153818
fffe31003000390038003500,0.6540179
fffe32003200350030003000,0.4730873
fffe32003000390030003500,0.5178398
fffe33003300360034003400,0.5040163
fffe32003500310031003500,0.6136367
fffe31003900370030003800,0.5176616
fffe32003100380031003000,0.45484424
fffe31003700320038003400,0.5464633
fffe31003100310030003700,0.3739804
fffe32003100370032003400,0.8416964
fffe32003200320031003700,0.73624444
fffe31003400310036003500,0.9702891
fffe31003300360033003600,0.29454693
fffe33003300370032003300,0.12640536
fffe3400390039003700,0.52212137
fffe31003500300035003100,0.60899425
fffe32003700370036003400,0.34954995
fffe3200370031003200,0.29004207
fffe32003700310030003400,0.68937063
fffe31003100300030003200,0.384301
fffe32003100310037003000,0.63461006
fffe31003100330036003300,0.56315005
fffe31003300350036003500,0.38930124
fffe3800340033003000,0.57114136
fffe32003700360032003500,0.62429374
fffe31003100310034003300,0.56543803
fffe3300360036003000,0.53892
fffe31003400380035003000,0.5081269
fffe3300340033003400,0.39948767
fffe32003900340031003800,0.47235173
fffe32003300380033003000,0.58119786
fffe3700370035003500,0.0034109685
fffe32003500360032003800,0.4998017
fffe3900340031003600,0.7330954
fffe32003900320032003200,0.5213941
fffe33003200390032003100,0.3996888
fffe31003800370030003600,0.57929575
fffe32003300380033003200,0.30211365
fffe3900350033003900,0.8731008
fffe32003900310034003100,0.14596634
fffe3100330039003100,0.5762183
fffe32003300330039003600,0.40495795
fffe3400300035003900,0.013016475
fffe31003700350039003800,0.32908595
fffe32003400350030003700,0.30205694
fffe31003500330031003800,0.6302551
fffe32003800310037003900,0.38945648
fffe32003500340031003100,0.23660539
fffe33003400300039003300,0.20068067
fffe33003100310035003500,0.36225158
fffe31003900370030003400,0.36837018
fffe33003000350035003400,0.46433574
fffe33003400330039003500,0.022317465
fffe32003500390032003100,0.3699893
fffe32003900320036003500,0.5748078
fffe31003300300033003800,0.39788744
fffe31003000390036003700,0.44993454
fffe32003200380033003300,0.57509106
fffe31003600380036003000,0.009774638
fffe3400310033003500,0.62094706
fffe31003000350038003900,0.3742169
fffe33003200360033003400,0.28637457
fffe32003500350037003400,0.19204335
fffe32003700390031003500,0.3672366
fffe33003400320032003800,0.69718015
fffe380032003600,0.5014257
fffe33003200320039003100,0.6350701
fffe31003400320036003200,0.20499666
fffe31003900380034003300,0.5865207
fffe31003900390035003700,0.3942839
fffe32003200390033003500,0.31631777
fffe31003100390030003600,0.4744341
fffe32003200380035003200,0.6178304
fffe33003200300031003700,0.52492344
fffe31003600340030003500,0.33272085
fffe33003200380037003000,0.40685725
fffe32003400340030003500,0.43904436
fffe33003000300038003100,0.06534375
fffe3100320037003600,0.57838094
fffe3200320033003100,0.8158495
fffe32003500300035003700,0.7518537
fffe31003900390033003200,0.5625838
fffe31003700320038003100,0.44409496
fffe31003000370035003800,0.36008763
fffe32003900330037003600,0.55979073
fffe32003700360030003100,0.7596132
fffe31003600350036003300,0.42686942
fffe32003600370034003800,0.3083961
fffe31003800320035003900,0.30679885
fffe3300380038003900,0.35150582
fffe31003200360030003900,0.20371754
fffe32003600380036003400,0.55662227
fffe33003000340032003200,0.43277106
fffe32003600350034003100,0.49410537
fffe33003000360033003200,0.2439444
fffe31003400370035003800,0.1743958
fffe340037003600,0.5503319
fffe31003800340034003400,0.4436261
fffe32003300320038003000,0.42253432
fffe3800320034003900,0.49853235
fffe3300320032003500,0.6613749
fffe33003400370036003700,0.6019427
fffe3900340031003800,0.4926484
fffe32003600320037003100,0.3368729
fffe3600390039003200,0.45498016
fffe33003300340033003300,0.20718412
fffe33003100340036003300,0.48281235
fffe31003500350037003300,0.53071386
fffe31003300370037003800,0.2769247
fffe31003500310036003200,0.25929263
fffe31003900320034003700,0.6047222
fffe32003300340039003200,0.53830934
fffe32003200350034003900,0.64116365
fffe3500370039003100,0.70427924
fffe3300330033003700,0.8651374
fffe31003300370037003300,0.5169498
fffe33003400330038003500,0.36239088
fffe3900310035003700,0.24946298
fffe32003700380033003800,0.40232202
fffe32003700340031003000,0.7571178
fffe31003300370037003100,0.35566443
fffe31003900320032003100,0.90547055
fffe31003800350030003800,0.19384809
fffe32003700300031003500,0.45192862
fffe31003200320030003800,0.40843782
fffe3200310037003000,0.32717425
fffe33003000330039003800,0.27526623
fffe31003900380033003100,0.5866394
fffe32003200310036003100,0.4570904
fffe31003300300034003600,0.29620174
fffe32003100320038003900,0.0054128943
fffe3300370031003200,0.31966543
fffe32003900330032003500,0.3631813
fffe32003900350035003400,0.3048285
fffe32003700300030003500,0.5537679
fffe31003500320035003700,0.536358
fffe3300320034003100,0.25241378
fffe31003800320036003700,0.43633613
fffe32003200300031003400,0.510941
fffe3500370039003800,0.20436962
fffe32003600300038003000,0.26313832
fffe31003600300037003000,0.20636241
fffe3600310035003400,0.38360894
fffe31003900310035003900,0.5897594
fffe3500380031003500,0.5957083
fffe3600380030003500,0.5995856
fffe33003200390035003100,0.6087571
fffe33003200340037003300,0.12583433
fffe31003800350039003700,0.22781242
fffe3200390038003100,0.54797846
fffe31003400310032003600,0.38466546
fffe32003700390033003000,0.5205489
fffe3100320030003300,0.5285326
fffe32003300330037003500,0.5741015
fffe31003400390031003200,0.7269781
fffe31003900310039003500,0.2297347
fffe32003500370030003600,0.52732885
fffe32003500340035003600,0.47654516
fffe32003100360039003300,0.10253859
fffe31003900300035003100,0.7283403
fffe31003800350035003900,0.35001433
fffe32003100330039003300,0.3805065
fffe32003700330031003500,-0.0018078763
fffe3300370036003900,0.2931606
fffe31003700300038003700,0.26400068
fffe33003100300037003600,0.5012253
fffe3600380030003000,0.41805056
fffe3600340031003200,0.5351805
fffe32003500350037003500,0.5984875
fffe31003400340032003000,0.59743464
fffe3500300039003000,0.035353325
fffe31003700380035003800,0.67273337
fffe31003300310032003200,0.62379616
fffe3800380037003500,0.3737364
fffe3200360033003700,0.23952995
fffe3400300031003600,0.70895857
fffe31003500320032003200,0.51299417
fffe33003100330038003800,0.56023765
fffe32003500310038003500,0.7282237
fffe32003200310030003500,0.37823763
fffe3500300036003400,0.3906244
fffe3900360034003300,0.42047772
fffe31003700340036003700,0.3351978
fffe3300300037003100,0.5267307
fffe31003500330037003400,0.3979879
fffe33003100370035003600,0.3320379
fffe32003500300031003800,0.65999085
fffe31003500390037003500,0.16375704
fffe3500370037003800,0.52778625
fffe31003000370035003600,0.3516147
fffe3400300036003700,0.43561992
fffe3800380030003100,0.8658085
fffe31003900380032003700,0.4821268
fffe3100350036003800,0.42301762
fffe31003500330031003200,0.4106781
fffe31003100390037003200,0.22752753
fffe32003300320039003800,0.17110321
fffe32003800340034003200,0.40045133
fffe3400310031003500,0.5348225
fffe3600370038003800,0.52405864
fffe3200380036003400,0.79575723
fffe31003500330033003600,0.71821785
fffe31003400300038003100,0.38534796
fffe32003900350033003700,0.4574282
fffe32003300380033003700,0.42033085
fffe32003700320034003200,0.22822005
fffe32003100300033003500,0.5457911
fffe32003500390034003900,0.10552211
fffe32003000310032003000,0.44825688
fffe33003200320033003700,0.45133612
fffe3700380031003400,0.4925547
fffe310036003600,0.54289895
fffe3800350032003000,0.28373566
fffe3500350034003200,0.47694227
fffe31003700340035003300,0.25717852
fffe32003900350039003700,0.60269815
fffe3500330035003100,0.5249102
fffe32003500340038003600,0.68620443
fffe31003800300030003500,0.6516765
fffe31003700320036003600,0.6020774
fffe32003400330033003300,0.59828305
fffe32003500340036003500,0.35392335
fffe33003000360035003100,0.46407336
fffe3300340031003100,0.06963262
fffe31003800380031003500,0.557693
fffe3800340038003700,0.34334797
fffe32003100360031003700,0.28457028
fffe33003400360034003400,0.23259608
fffe32003600330032003400,0.3010398
fffe32003800370039003900,0.59647125
fffe3700390036003500,0.4295596
fffe31003800380030003600,0.535476
fffe31003600330032003200,0.77020746
fffe32003900330036003300,0.45863727
fffe32003500380038003700,0.9519861
fffe3600330034003800,0.85171103
fffe33003400370030003100,0.29584122
fffe3300340030003200,0.4991377
fffe32003300340036003300,0.63223773
fffe3900310038003500,0.1406533
fffe3600350036003400,0.400931
fffe31003500360039003500,0.41349643
fffe3300320034003000,0.6102487
fffe31003000300032003300,0.6142517
fffe31003000310034003800,0.520609
fffe3300350037003000,0.05268641
fffe3800360030003800,0.18587638
fffe32003100360037003400,0.59853697
fffe31003900390030003200,0.7931422
fffe3100370034003700,0.28544813
fffe3200350031003200,0.5784919
fffe3200360030003900,0.3975667
fffe3500390038003000,0.4340183
fffe33003100320039003100,0.1343512
fffe32003300340039003900,0.40452477
fffe32003300310030003800,0.63758516
fffe370038003700,0.51187134
fffe32003800310035003800,0.8870604
fffe31003800330039003500,0.24206123
fffe31003800300032003800,0.5953603
fffe33003000360033003300,0.32029176
fffe32003400310030003700,0.8777524
fffe31003900320033003800,0.085291676
fffe32003900330036003400,0.40018696
fffe31003100380030003100,0.20840468
fffe31003300360032003100,0.32819787
fffe31003900390039003300,0.74971825
fffe3300360035003500,0.5348104
fffe31003900300039003300,0.11503257
fffe33003100300037003200,0.6211979
fffe33003400340031003400,0.8148602
fffe320034003500,0.63447213
fffe3400360038003000,0.43089104
fffe3100360032003500,0.6844495
fffe31003700340036003500,0.12114744
fffe31003800390033003600,0.5170413
fffe3600380036003600,0.19650258
fffe32003800370034003900,0.55027664
fffe31003900340031003400,0.40079385
fffe33003000370039003300,0.59153205
fffe32003200360031003500,0.536148
fffe33003100370034003000,0.502613
fffe33003200300038003100,0.31603467
fffe32003600300032003600,0.20716248
fffe3600340037003500,0.47785968
fffe3400350037003200,0.44442552
fffe32003200340039003600,0.6793498
fffe32003400340030003000,0.5269662
fffe31003400350030003600,0.44657886
fffe32003100390033003600,0.21227464
fffe31003100360035003300,0.4250421
fffe31003700320032003500,0.49312818
fffe33003100380034003900,0.4153951
fffe33003000330033003700,0.49984714
fffe32003100310031003500,0.4381937
fffe31003500390030003000,0.652939
fffe3400320030003300,0.828083
fffe32003800390033003000,0.2000053
fffe32003100320033003400,0.2852334
fffe33003100300038003000,0.36742973
fffe33003100370032003800,0.39979157
fffe310037003000,0.3672026
fffe31003000360035003900,0.010788777
fffe3100300030003100,0.58278763
fffe33003000380036003600,0.12556759
fffe31003200370038003000,0.19279718
fffe32003900390039003200,0.18933478
fffe31003300350031003600,0.40189072
fffe32003400390031003200,0.5408554
fffe33003000310036003900,0.22818516
fffe320035003500,0.76998603
fffe31003200380034003100,0.34232366
fffe33003300350030003100,0.58916944
fffe3700360038003600,0.48788342
fffe32003800350038003900,0.35633898
fffe32003800350033003300,0.40780765
fffe3500360031003500,0.5562516
fffe33003100350034003100,0.5563438
fffe3300330039003300,0.6213375
fffe31003800320039003200,0.5817139
fffe31003700380035003000,0.22858697
fffe31003700380034003200,0.68592227
fffe31003900300031003400,0.5925617
fffe31003100350038003200,0.5584713
fffe32003700310033003100,0.5674272
fffe32003500320030003600,0.13228524
fffe3500370036003800,0.3264277
fffe3500350037003000,0.020667301
fffe32003700330037003700,0.22689328
fffe3900340035003700,0.008366703
fffe33003200390030003900,0.24298088
fffe31003000300037003900,0.027382754
fffe32003200390035003900,0.34230542
fffe33003400300032003800,0.2821411
fffe31003900320032003400,0.41485724
fffe32003600390039003900,0.5825541
fffe3900380039003000,0.59040076
fffe31003300380036003100,0.25739902
fffe31003700350035003600,0.7214619
fffe32003200390035003700,0.6128521
fffe3600310030003000,0.59535885
fffe32003400310039003500,0.35018358
fffe33003400310035003300,0.57993454
fffe33003100390039003300,0.4063099
fffe32003100300036003300,0.17046182
fffe32003000300035003800,0.3789779
fffe3700390039003700,0.54028094
fffe3300330038003000,0.42079663
fffe31003500350036003900,0.6766175
fffe3400320034003000,0.68524444
fffe32003600360030003300,0.5553252
fffe32003800310030003300,0.57840055
fffe3500330039003300,0.64860153
fffe31003000320034003700,0.88573205
fffe31003600350037003800,0.39054617
fffe31003400360034003300,0.43412402
fffe31003100370031003200,0.0014220219
fffe31003500340037003700,0.45881793
fffe3800340038003800,0.45180398
fffe33003200320036003900,0.58880097
fffe32003600350038003200,0.63010603
fffe3700330038003900,0.26070815
fffe31003200310035003100,0.50715524
fffe3700320033003100,0.49973303
fffe31003600300035003600,0.397969
fffe310038003200,0.61217463
fffe360038003500,0.4320575
fffe3100320036003800,0.5691995
fffe31003200300034003100,0.6137734
fffe33003300360031003800,0.12421812
fffe3900310038003700,0.59879804
fffe32003300370039003000,0.5537138
fffe32003400380038003500,0.5934516
fffe3800310032003000,0.4115775
fffe3700300034003300,0.3561256
fffe31003800390036003100,0.23647258
fffe3100320034003800,0.2513036
fffe31003300300032003400,0.16294968
fffe31003000300031003300,0.27851108
fffe3600310036003000,0.429614
fffe3100330036003900,0.22024333
fffe33003300320037003300,0.4210412
fffe32003300310034003700,0.6563476
fffe32003700390038003200,0.28328145
fffe33003100390038003700,0.5436752
fffe3900300035003100,0.117812246
fffe3800340039003000,1.000783
fffe3800350032003200,0.369013
fffe33003200370032003800,0.76203215
fffe31003300320035003300,0.3840692
fffe33003200330038003900,0.4603224
fffe31003600300039003000,0.22379057
fffe32003900330039003300,0.69916624
fffe31003700340036003800,0.58087254
fffe3700300032003500,0.8589156
fffe33003000320032003300,0.6468477
fffe3900330036003800,0.40131122
fffe32003300340032003000,0.19258682
fffe33003300300039003900,0.49342185
fffe32003000390038003000,0.4612147
fffe3900320038003200,0.37916303
fffe31003000310038003700,0.5902374
fffe3200370034003500,0.34847355
fffe31003200310035003400,0.42135563
fffe32003900300038003700,0.68593293
fffe31003100310039003500,0.5577078
fffe33003100380038003900,0.56409425
fffe3300380036003600,0.33950633
fffe3700340038003200,0.0079259155
fffe33003000330031003700,0.21291992
fffe3300340039003400,0.6584326
fffe33003300390033003000,0.4363746
fffe32003500320032003200,0.5981976
fffe32003000390035003800,0.1568401
fffe33003100380033003200,0.34478673
fffe3200310035003600,0.43683383
fffe31003200380037003600,0.43622884
fffe33003100330032003100,0.73627186
fffe32003800300039003500,0.6225632
fffe3200310032003800,0.27324384
fffe32003900300031003800,0.4262894
fffe31003200320039003100,0.59445304
fffe32003100360031003400,0.58915997
fffe33003300310033003000,0.18124741
fffe31003700390037003500,0.13124226
fffe3900330030003300,0.38029623
fffe33003200300036003200,0.6035561
fffe3100360034003100,0.7596799
fffe33003400390034003100,0.54888076
fffe31003900350037003800,0.7667273
fffe33003400320036003300,0.32187998
fffe31003000320032003000,0.36016145
fffe32003900390030003300,0.56566155
fffe3100350034003900,0.23187932
fffe33003400340036003300,0.6359158
fffe33003400390031003300,0.40788424
fffe3600300036003100,0.61064285
fffe33003100330036003600,0.23743999
fffe3700330035003300,0.4431754
fffe33003200330037003200,0.48565832
fffe31003800350032003500,0.6122475
fffe3900320033003800,0.5690271
fffe3200300037003100,0.24357857
fffe31003500350031003400,0.20666961
fffe31003600340037003300,0.39343256
fffe32003500320038003200,0.5122663
fffe33003100330030003500,0.25440976
fffe31003300300038003000,0.62109095
fffe380037003100,0.5706036
fffe31003100300031003000,0.006858659
fffe3600300032003800,0.23923007
fffe31003600370039003400,0.45563066
fffe3900370036003200,0.46669033
fffe3600350033003300,0.096253045
fffe31003900300038003600,0.64292026
fffe33003100360039003400,0.76142436
fffe3500350036003900,0.73987854
fffe32003500340038003200,0.70829934
fffe31003700370035003400,0.30420113
fffe32003400300037003600,0.560335
fffe3600370032003000,0.9354483
fffe31003200300036003300,0.56603825
fffe31003500370039003400,0.6964646
fffe33003200310038003100,0.25234547
fffe32003900380034003900,0.6127701
fffe31003500300036003300,0.39553887
fffe31003700370032003300,0.853323
fffe3700380036003000,0.3666794
fffe3300330037003600,0.61879027
fffe3400320037003800,0.42708197
fffe31003100390032003000,0.20297395
fffe3700320038003200,0.34487337
fffe3400370035003200,0.6016311
fffe330033003600,0.39864326
fffe31003200300036003200,0.23432755
fffe31003600310039003100,0.48938325
fffe3400370037003300,0.18719938
fffe32003000370032003000,0.5433584
fffe31003000350038003700,0.5311971
fffe31003700300035003000,0.4301313
fffe3300370035003900,0.6685146
fffe32003900330031003300,0.15061606
fffe31003800360032003300,0.4130007
fffe360032003900,0.59612846
fffe33003000340030003700,0.3447026
fffe380036003500,0.57040733
fffe3800390031003800,0.69094837
fffe3200380031003200,0.58319026
fffe31003100330034003300,0.45978934
fffe33003300390039003800,0.22512935
fffe3300340030003400,0.32097653
fffe32003400360030003400,0.46003062
fffe31003800310030003600,0.35031253
fffe31003400390031003900,0.2582437
fffe31003900360030003300,0.1369649
fffe31003700380033003300,0.5861891
fffe32003300320031003400,0.5336357
fffe32003400340036003200,0.66636497
fffe31003500380037003800,0.45599473
fffe31003800320035003500,0.5650099
fffe32003900340037003700,0.6564632
fffe32003900340031003100,0.32982644
fffe3200320030003300,0.43618056
fffe31003800330033003000,0.16698189
fffe3200320036003300,0.32277423
fffe3300370035003400,0.43104768
fffe32003400340038003500,0.48196763
fffe31003900390035003100,0.22601117
fffe3300330032003700,0.32103336
fffe33003000370030003500,0.5643548
fffe32003300300034003400,0.47818047
fffe31003400300030003500,0.391058
fffe31003900330033003500,0.52386403
fffe33003200300035003000,0.6307458
fffe3500390031003500,0.38808942
fffe3200370034003900,0.48436052
fffe32003400300035003700,0.63348407
fffe32003200370037003500,0.17020264
fffe3200350030003700,0.55737495
fffe31003200380038003600,0.542395
fffe31003200320033003500,0.22736159
fffe32003800300039003600,0.44372687
fffe31003800380038003500,0.34236497
fffe32003100310034003100,0.05963076
fffe3600380034003700,0.10563916
fffe330032003300,0.67225313
fffe390030003600,0.41181538
fffe32003300350037003900,0.2291832
fffe31003600390034003700,0.5650252
fffe31003900320036003100,0.27402666
fffe31003400310034003500,0.21773885
fffe3600340031003600,0.8186192
fffe33003300380031003800,0.400396
fffe3700350030003800,0.48694903
fffe31003900360039003000,0.24863625
fffe31003700300030003400,0.026980657
fffe32003800360033003300,0.5988325
fffe33003300360035003200,0.6768673
fffe3600380035003500,0.043617982
fffe3800350036003900,0.07234206
fffe3700370032003300,0.48222315
fffe32003000320038003900,0.35528997
fffe31003200320033003800,0.3440976
fffe33003300350037003300,0.5969101
fffe3900310039003800,0.33927
fffe3800360032003900,0.4422034
fffe32003400360038003800,0.18481532
fffe32003200320035003800,0.6513576
fffe3900320036003700,0.32390946
fffe31003800380036003600,0.4694932
fffe32003800330034003300,0.40091294
fffe32003800350034003900,0.13588428
fffe31003700390037003300,0.60642976
fffe3400350038003700,0.58381176
fffe3100340038003800,0.21912928
fffe3800360033003900,0.55123776
fffe32003000350037003900,0.14084817
fffe32003900360038003500,0.21975397
fffe32003100300032003100,0.38970304
fffe31003600330036003700,0.49256885
fffe31003800320030003400,0.51749444
fffe3400390031003900,0.28189513
fffe33003200320030003400,0.48269174
fffe3100350032003100,0.43541887
fffe32003500380031003200,0.5611016
fffe31003600350038003900,0.35740644
fffe32003500380031003400,0.46687353
fffe31003600380039003000,0.5768982
fffe32003700310034003800,0.6333043
fffe31003200360038003700,0.23798798
fffe3300390036003200,0.79084885
fffe32003400310030003600,0.44600213
fffe33003100320036003700,0.39787382
fffe31003300380039003400,0.4620796
fffe31003700360039003100,0.41360232
fffe32003300310036003200,0.4428928
fffe31003500,0.5573466
fffe3600310032003100,0.33102807
fffe32003600380034003500,0.5649109
fffe31003300320031003000,0.58740693
fffe3400310039003200,0.44337472
fffe3900390030003900,0.5972714
fffe33003400350038003800,0.57234544
fffe33003400350032003100,0.9341084
fffe32003700380032003900,0.48872715
fffe32003700330037003100,0.3436065
fffe32003900310034003300,0.40145695
fffe33003100330031003900,0.14665264
fffe31003600360032003200,0.22830772
fffe32003200340031003800,0.5947547
fffe33003100320032003800,0.6177072
fffe31003800380033003900,0.48871043
fffe33003000310037003000,0.56250674
fffe31003200380034003200,0.5107093
fffe32003900300035003100,0.54581255
fffe37003200,0.48967198
fffe3800320033003400,0.4213002
fffe390039003500,0.60249364
fffe3700350039003400,0.42331094
fffe32003500360032003200,0.47874382
fffe31003200350030003700,0.63060105
fffe31003400390036003200,0.7418723
fffe3300370032003500,0.20654495
fffe32003800330038003900,0.5141829
fffe31003700380038003800,0.22302549
fffe33003200380039003800,0.19844142
fffe3800390033003500,0.4109195
fffe3900380037003200,0.6111293
fffe32003300360031003500,0.269384
fffe32003100310037003300,0.34057707
fffe3200330037003100,0.28701177
fffe32003700320030003500,0.531196
fffe3500320038003900,0.45213327
fffe32003600310032003600,0.19490764
fffe32003800330030003500,0.32399252
fffe31003400330034003600,0.24478258
fffe3600310032003600,0.4359363
fffe32003000320038003700,0.5346041
fffe31003900320033003700,0.3923891
fffe370032003400,0.2657004
fffe3700350032003300,0.614302
fffe31003500380039003500,0.2560089
fffe31003800320039003100,0.44314858
fffe3900340035003800,0.30189237
fffe32003700390033003600,0.21251175
fffe32003900370034003800,0.39993852
fffe32003100330039003600,0.25075418
fffe32003700360037003400,0.35068876
fffe32003800390037003100,0.61604476
fffe33003100300030003500,0.4718548
fffe32003400340039003800,0.65921855
fffe32003700390036003100,0.12309989
fffe3400390039003800,0.55242574
fffe360038003400,0.47892165
fffe33003400370033003100,0.3951079
fffe3700340030003300,0.5996771
fffe3900360032003000,0.59354717
fffe31003600370037003300,0.098130316
fffe3600380035003700,0.36038652
fffe31003200380035003500,0.5621554
fffe33003300340031003200,0.52151674
fffe360037003700,0.6946675
fffe31003000390038003700,0.24512617
fffe33003400350036003500,0.714492
fffe31003500330035003200,0.49474257
fffe32003600360036003600,0.739522
fffe31003500340037003200,0.43148175
fffe3500370030003500,0.3798753
fffe33003100380037003700,0.39362094
fffe3700300038003100,0.72892463
fffe32003400370039003000,0.18191235
fffe32003800300031003400,0.438924
fffe3600330035003700,0.48792222
fffe33003000390032003700,0.38909456
fffe32003100390037003900,0.6347176
fffe32003600340033003000,0.26719278
fffe32003600300031003800,0.60460365
fffe31003400360035003800,0.23701671
fffe32003000340033003300,0.53608745
fffe31003200370035003200,0.3993156
fffe32003800350039003800,0.20230515
fffe3900370039003900,0.42240044
fffe32003500370039003400,0.5900973
fffe32003100310033003300,0.29069012
fffe32003700370034003800,0.5101742
fffe31003700370037003400,0.46334586
fffe3600340032003100,0.32839566
fffe33003400380039003500,0.73671925
fffe32003600310034003200,0.20912352
fffe3400370034003200,0.5931288
fffe31003900320032003300,0.39740717
fffe33003200310031003100,0.1647068
fffe33003300300034003700,0.40775228
fffe33003000350031003200,0.22907344
fffe33003100380037003500,0.3715949
fffe32003800310037003700,0.4992272
fffe3200330038003900,0.53902614
fffe33003000320038003800,0.6603055
fffe3400310032003900,0.11174181
fffe3500380033003600,0.48569217
fffe31003800380036003100,0.27798727
fffe33003400360030003900,0.3726857
fffe31003200310033003900,0.75756663
fffe3400390032003400,0.4150947
fffe32003100330035003600,0.05500492
fffe3700380038003600,0.37000418
fffe3300360033003700,0.6627615
fffe32003200350031003800,0.30579346
fffe32003900360038003300,0.4180036
fffe31003900390031003700,0.38673255
fffe33003300350031003900,0.49972993
fffe32003100350031003900,0.5914941
fffe32003900340031003900,0.6426625
fffe32003600380038003700,0.24623331
fffe31003000360039003700,0.39514297
fffe31003500350039003700,0.6687202
fffe3100320035003000,0.31868213
fffe31003200390030003400,0.5589315
fffe33003400300033003800,0.4423664
fffe330035003000,0.47204185
fffe31003100360031003900,0.3934388
fffe31003200330035003900,0.3596298
fffe3300310038003600,0.48777035
fffe31003100380037003700,0.42271447
fffe31003900380030003300,0.57819426
fffe31003800370031003400,0.29891068
fffe32003700360036003400,0.5823028
fffe3100390037003900,0.5247065
fffe32003900310039003200,0.75544226
fffe3700300037003200,0.34032437
fffe31003600360032003500,0.18610021
fffe3700330031003900,0.40330738
fffe32003400380034003800,0.28799805
fffe32003700360031003300,0.57679385
fffe33003100300039003900,0.59485203
fffe3800330037003800,0.59939176
fffe33003300310033003400,0.36405712
fffe3100370037003200,0.36432102
fffe3900300039003000,0.21058814
fffe31003200330035003200,0.56263924
fffe3700320036003300,0.6202148
fffe3900330035003300,0.1574709
fffe3600320034003300,0.5570057
fffe31003100390038003400,0.3980725
fffe32003900310033003100,0.55311745
fffe3900330038003100,0.53570336
fffe31003700390036003100,0.59199893
fffe32003500370030003200,0.5717067
fffe31003400320035003500,0.4497193
fffe33003100320037003000,0.2287395
fffe32003900300036003600,0.74934167
fffe32003200370035003800,0.14761397
fffe3900370033003300,0.22994448
fffe31003000360030003600,0.44316095
fffe32003800300031003500,0.65270877
fffe32003400390034003600,0.27938664
fffe33003100360039003100,0.653004
fffe3500350037003600,0.79183495
fffe390038003700,0.15237978
fffe3800390034003100,0.5947997
fffe32003900310039003400,0.40419817
fffe3300390030003500,0.1834638
fffe31003100310031003400,0.2799233
fffe3900330038003700,0.3960041
fffe3800370038003800,0.41434094
fffe33003200350033003300,0.42924926
fffe32003100360037003900,0.451081
fffe31003500330034003100,0.5224335
fffe31003600360034003900,0.51484245
fffe31003400350037003400,0.43554336
fffe33003400350037003100,0.848425
fffe32003000390039003100,0.38060778
fffe31003700390033003800,0.8037693
fffe32003900300030003600,0.61959636
fffe3900380039003700,0.51473767
fffe33003100340038003600,0.36363804
fffe32003300300030003700,0.24234866
fffe32003500330037003400,0.5660587
fffe3500350035003500,0.8500269
fffe3800370034003100,0.19854517
fffe32003600370032003800,0.52845174
fffe31003300350034003400,0.411775
fffe32003600340035003600,0.40180305
fffe31003100380037003500,0.24652602
fffe31003100370032003800,0.20007232
fffe3500390035003700,0.60779446
fffe3900320035003100,0.44983995
fffe32003800350039003100,0.66870606
fffe31003400380033003200,0.31724003
fffe31003900330032003500,0.51554567
fffe32003100340034003300,0.819119
fffe31003800320033003700,0.71072096
fffe32003100360035003700,0.9244477
fffe3100340038003700,0.40378326
fffe31003400320035003700,0.3433212
fffe31003700380034003800,0.7090722
fffe3900350038003600,0.7232229
fffe3700330034003000,0.8093967
fffe31003100380032003900,0.39189467
fffe3600310032003900,0.51349413
fffe370039003600,0.54848224
fffe31003200380035003700,0.23903482
fffe3900380030003700,0.40814286
fffe32003800350033003600,0.48109093
fffe33003400390034003500,0.745132
fffe31003200390037003300,0.20478196
fffe3800320036003200,0.41050804
fffe3500360032003200,0.55601895
fffe31003900320036003300,0.0014227382
fffe33003000380039003000,0.31512943
fffe33003300310033003800,0.39264107
fffe31003200320031003600,0.77306247
fffe31003100390036003400,0.2395112
fffe31003300300035003500,0.32324922
fffe31003000330030003400,0.45185524
fffe3500340030003600,0.61306024
fffe31003400340039003300,0.39817715
fffe32003500370034003200,0.58355784
fffe32003600320036003900,0.33681872
fffe3500300038003400,0.116259724
fffe3700370034003800,0.42660052
fffe32003700380031003500,0.19923067
fffe3500300030003200,0.2695772
fffe340037003900,0.54200995
fffe3600320038003700,0.42174724
fffe32003100390036003100,0.32272553
fffe31003500360032003200,0.09237655
fffe33003000310039003800,0.7855777
fffe32003900360037003800,0.36508992
fffe31003600390039003100,0.7031644
fffe31003900330034003400,0.5061734
fffe32003000330039003700,0.36566633
fffe31003300330032003500,0.2637501
fffe33003100350038003400,0.26655966
fffe32003800320036003900,0.61800665
fffe31003700330033003600,0.3943853
fffe32003900340034003300,0.5183181
fffe3700320032003600,0.39394954
fffe3300310034003400,0.40595865
fffe33003100380034003000,0.16242573
fffe31003100350036003300,0.20809849
fffe31003400350034003400,0.5897139
fffe3900300032003400,0.5435717
fffe32003500310037003800,0.08136281
fffe32003600350031003700,0.48518616
fffe32003500370030003000,0.4379231
fffe32003100350032003600,0.18795055
fffe31003000390037003100,0.40627468
fffe32003700340031003900,0.19423486
fffe3100350034003100,0.44088763
fffe3400360030003500,0.49379715
fffe33003000360036003900,0.25125954
fffe33003200300036003900,0.406943
fffe32003100350031003200,0.76111066
fffe31003100380038003100,0.43818524
fffe350036003500,0.29378757
fffe3700330038003200,0.24915972
fffe33003400360031003000,0.4156862
fffe32003900300035003300,0.46975738
fffe33003300390038003500,0.015822541
fffe31003900390037003100,0.20295808
fffe31003300390031003000,0.45193455
fffe32003200340038003800,0.5791786
fffe31003600330030003600,0.5077855
fffe31003400380035003300,0.3261934
fffe33003300360031003700,0.73240536
fffe3200370038003900,0.67234427
fffe31003600340031003200,0.10792128
fffe3700380035003700,0.61301106
fffe3900300036003000,0.5294726
fffe31003100340033003700,0.5975209
fffe31003900310035003100,0.318043
fffe32003900380032003400,0.6135831
fffe3600310031003400,0.86274195
fffe31003900380031003600,0.43303534
fffe3400320038003300,0.54054266
fffe3100310030003000,0.17949982
fffe370031003700,0.6460039
fffe31003600350035003800,0.6467097
fffe33003300360036003400,0.47273567
fffe3200390035003500,0.21271697
fffe32003900370035003100,0.48641384
fffe31003900390038003100,0.69228303
fffe31003000340034003500,0.43786305
fffe32003800350035003900,0.23441748
fffe32003700360034003400,0.23413278
fffe32003400380033003700,0.3190544
fffe31003100310039003900,0.6143342
fffe33003200350038003700,0.40904528
fffe31003800330030003500,0.29606104
fffe32003100390033003300,0.37248242
fffe31003700310030003600,0.39426777
fffe3700350038003000,0.5102996
fffe3100380036003900,0.24057525
fffe32003700360032003400,0.3343517
fffe3700350033003200,0.32340547
fffe32003500330039003300,0.58297074
fffe31003900300036003000,0.53006184
fffe3900300034003500,0.09108164
fffe3100310036003400,0.34714067
fffe31003100320039003600,0.47427607
fffe3900370032003300,0.44647804
fffe31003600370036003800,0.51043737
fffe33003100360031003700,0.47661877
fffe32003300340034003200,0.872786
fffe33003400330031003400,0.09555468
fffe32003300310036003100,0.3690204
fffe3800340038003100,0.40298986
fffe32003600390037003300,0.5157307
fffe33003200330032003900,0.40386176
fffe3300360036003500,0.7699393
fffe3300300030003100,0.18660784
fffe3800300035003700,0.4117033
fffe31003800340034003000,0.1319938
fffe3800390035003600,0.43716097
fffe3300390037003600,0.6224923
fffe3600320031003300,0.813191
fffe31003600380035003000,0.4453198
fffe31003700300036003300,0.79958296
fffe3800320038003800,0.6928967
fffe32003900350032003200,0.48021373
fffe3400330034003500,0.5335318
fffe32003000340039003400,0.6048613
fffe3600360039003000,0.4194161
fffe32003900330034003100,0.43102452
fffe3600330036003800,0.3882521
fffe31003800330031003900,0.7065938
fffe31003100390038003200,0.2895342
fffe33003000360037003800,0.5842836
fffe32003200300030003900,0.5856765
fffe32003200300033003400,0.09898778
fffe32003500390037003100,0.46205518
fffe32003500390038003200,0.39919743
fffe33003200300037003900,0.4226913
fffe32003800380038003400,0.045384668
fffe3300320039003700,0.64358956
fffe32003600380038003000,0.57112056
fffe31003200340031003800,0.4118474
fffe32003700360031003000,0.28556788
fffe33003300370039003700,0.62706417
fffe32003600340038003100,0.15486568
fffe32003200350038003600,0.6175361
fffe32003600320039003800,0.642779
fffe3300390031003200,0.4294031
fffe32003600300038003100,0.1387858
fffe31003900310035003400,0.5518579
fffe33003000340039003800,0.70571566
fffe3100350034003500,0.26408938
fffe3100330031003700,0.18597184
fffe32003300300037003000,0.7578522
fffe3700380037003100,0.43097472
fffe33003400360039003200,0.5698343
fffe33003400320036003500,0.45480072
fffe32003900320037003700,0.6268942
fffe32003400310034003800,0.5634372
fffe32003500320030003000,0.21186957
fffe31003400370034003200,0.27329603
fffe32003800390035003800,0.55096006
fffe31003000330031003800,0.41079974
fffe31003400350036003100,0.48775288
fffe33003100330034003300,0.41798115
fffe32003800310030003400,0.54738224
fffe31003100300037003800,0.41709843
fffe3300310033003400,0.61250865
fffe3500360030003000,0.80574715
fffe33003100300032003100,0.2535678
fffe3800390036003800,0.28386828
fffe31003800300034003000,0.41851667
fffe31003600330030003800,0.31872547
fffe31003600300036003400,0.48402256
fffe32003800340031003800,0.2478457
fffe3600360037003500,0.4819219
fffe31003300330032003000,0.28808004
fffe32003200320034003500,0.65098625
fffe3400320035003300,0.6703574
fffe33003200370031003900,0.5681039
fffe3400340038003500,0.4290916
fffe32003200330032003300,0.2961013
fffe3300380033003400,0.16618945
fffe31003100300035003400,0.3498091
fffe32003600370035003400,0.6671643
fffe32003400310039003700,0.3713722
fffe3600340032003300,0.52718604
fffe33003400380030003200,0.2405189
fffe32003000350037003400,0.7235963
fffe33003000310037003600,0.6898108
fffe33003400330033003900,0.36414552
fffe32003900370031003900,0.59252894
fffe3700300037003900,0.91373926
fffe31003700390034003600,0.34793305
fffe3300340036003600,0.59691626
fffe32003700390035003000,0.43520138
fffe32003300330039003500,0.305462
fffe3300330030003200,0.6279671
fffe31003400360033003600,0.36120698
fffe33003200390031003600,0.6301795
fffe32003500320037003400,0.39904067
fffe31003600330037003400,0.5291896
fffe3300370033003900,0.4139592
fffe32003500310034003600,0.5549733
fffe33003200330038003700,0.24644692
fffe3200350030003100,0.33548594
fffe3100340032003400,0.3995814
fffe32003900370035003700,0.011741045
fffe3500310039003200,0.38676578
fffe31003100380031003700,0.4901101
fffe31003400320037003700,0.48035744
fffe33003300330030003200,0.5405374
fffe3200330035003800,0.49771437
fffe32003800300039003200,0.04275156
fffe32003100380034003700,0.57558674
fffe32003500310031003600,0.6164035
fffe3800330036003300,0.47299835
fffe3300320032003300,0.5804658
fffe3100390036003800,0.60655737
fffe33003200310031003900,0.22287327
fffe31003600340030003400,0.46451157
fffe33003400380034003400,0.5651414
fffe3600340035003700,0.5474039
fffe31003600330031003000,0.30631328
fffe330036003100,0.534731
fffe31003100340034003300,0.45351356
fffe3200320038003200,0.20835571
fffe3400380037003600,0.4374555
fffe32003500300033003500,0.24133962
fffe31003300300038003300,0.5506094
fffe31003100360033003800,0.4023478
fffe3100320039003400,0.590385
fffe3800330035003500,0.34683567
fffe32003900340032003300,0.29730073
fffe3200320030003500,0.4217427
fffe31003400330037003900,0.7456082
fffe33003300310030003800,0.23553973
fffe32003900320034003600,0.032223694
fffe3800330038003200,0.3817734
fffe32003000340036003400,0.39885867
fffe3800340031003400,0.39464277
fffe3700310032003900,0.110889375
fffe32003600370032003000,0.3375177
fffe3700360037003800,0.38026923
fffe340034003000,0.47496867
fffe3900320034003000,0.21515423
fffe3300350033003500,0.3192952
fffe3600370035003300,0.18986617
fffe31003400300032003500,0.39058504
fffe32003300330033003400,0.29282615
fffe3700310036003300,0.5692303
fffe33003000370036003900,0.41524434
fffe3600350038003100,0.34837687
fffe32003100370030003300,0.48461536
fffe33003000360031003700,0.37919885
fffe32003700390035003900,0.8176681
fffe33003100340036003100,0.4008221
fffe31003900320033003500,0.5893643
fffe31003600380039003800,0.26274893
fffe32003400380039003700,0.25043654
fffe32003200360036003300,0.5596799
fffe33003400300035003900,0.59490734
fffe33003000370035003900,0.24417137
fffe3400350031003600,0.23209889
fffe3900380034003200,0.57466525
fffe31003300340033003500,0.58274806
fffe31003000330034003300,0.5811724
fffe33003300330037003600,0.68995917
fffe33003100330039003700,0.16594149
fffe3900370032003700,0.19449726
fffe31003900320039003900,0.9108894
fffe32003300350031003800,0.90876704
fffe32003200360037003500,0.40823713
fffe31003900320037003800,0.63633806
fffe31003400300030003900,0.32614607
fffe32003700350035003400,0.50917673
fffe31003800390038003700,0.69650364
fffe32003900370034003600,0.5354299
fffe31003000340033003000,0.58263785
fffe31003900310038003100,0.3600482
fffe31003300320033003700,0.40162602
fffe31003600360039003500,0.16965322
fffe32003800310032003300,0.38795474
fffe31003500380037003300,0.28255785
fffe33003400300037003500,0.5718605
fffe3600330037003800,0.39770758
fffe31003000350038003500,0.27948263
fffe32003000310031003300,0.654248
fffe3300380034003700,0.5555815
fffe31003500330030003500,0.45701084
fffe32003600310030003600,0.5189046
fffe33003000310035003300,0.35185808
fffe32003600370032003900,0.51140517
fffe31003000340030003200,0.5877507
fffe31003400350032003100,0.3402126
fffe31003700330031003100,0.38123322
fffe31003900390033003500,0.85538626
fffe3700330033003800,0.3260223
fffe3800360033003100,0.21915197
fffe31003600350030003600,0.31503937
fffe32003700360030003500,0.74833953
fffe31003200340037003300,0.58331174
fffe33003300350038003200,0.37261632
fffe33003100360030003700,0.23800622
fffe3300310030003300,0.40949097
fffe31003200340039003200,0.81483656
fffe32003900350036003700,0.47331724
fffe32003200340039003400,0.48920432
fffe32003700300030003100,0.5491278
fffe3300390037003800,0.2868964
fffe31003800340034003300,0.5643129
fffe3900300033003300,0.60419875
fffe33003000330038003700,0.6419657
fffe31003700350037003100,0.37131
fffe370038003000,0.32060775
fffe3800350030003200,0.05644331
fffe33003200320038003300,0.51716304
fffe31003000390038003400,0.57947826
fffe31003000320037003000,0.5033159
fffe3600350038003500,0.22158794
fffe3200370037003000,0.74706
fffe31003400330035003700,0.09282811
fffe31003200300035003600,0.76790315
fffe31003400380032003700,0.09556385
fffe32003800390031003200,0.8353855
fffe32003600330038003800,0.52252686
fffe32003000310038003700,0.7882385
fffe31003500380038003900,0.009269118
fffe31003400360039003800,0.42932406
fffe33003200360034003800,0.6476358
fffe32003700300036003000,0.40817285
fffe32003600360035003700,0.58537066
fffe3900350030003900,0.6490994
fffe31003700390034003400,0.41200897
fffe31003500310039003900,0.81121784
fffe31003200350036003800,0.6075102
fffe3900310031003200,0.3114557
fffe310035003100,0.90071535
fffe32003900360032003400,0.7363081
fffe33003100330032003600,0.4009418
fffe3200340034003700,0.5004097
fffe32003600340039003200,0.37708485
fffe32003000300032003200,0.30369392
fffe31003100320030003400,0.6079777
fffe32003700320030003100,0.5885719
fffe32003700340031003100,0.18947473
fffe3300390036003700,0.55200905
fffe31003000330030003700,0.8258328
fffe33003000370038003200,0.3853137
fffe31003200320030003000,0.72209233
fffe32003800390036003500,0.17770113
fffe31003600340039003200,0.120586306
fffe33003000370036003500,0.45373946
fffe31003100330039003600,0.24612182
fffe31003600380038003100,0.29526964
fffe31003900330031003300,0.4581666
fffe32003300310036003600,0.49250814
fffe33003200390030003500,0.42888832
fffe3400360030003000,0.44251615
fffe31003200330038003600,0.4804276
fffe31003200390037003500,0.37547845
fffe32003600360032003200,0.3855152
fffe32003100300038003200,0.42164233
fffe3200300031003600,0.42475483
fffe3300350032003800,0.3761194
fffe31003900390032003000,0.5132632
fffe33003200370039003900,0.46675202
fffe32003600380038003100,0.5151746
fffe32003700320038003700,0.4739695
fffe33003300350033003600,0.42019147
fffe31003200300038003300,0.23580468
fffe32003000310033003700,0.5447259
fffe32003900380035003000,0.40208554
fffe31003900380033003600,0.13754399
fffe32003000370034003300,0.5712377
fffe33003300350031003600,0.13107994
fffe31003200330031003200,0.32010907
fffe320038003800,0.8974736
fffe31003100300037003100,0.78160083
fffe31003500330035003600,0.333995
fffe3500360035003600,0.56269014
fffe31003500320033003100,0.1582451
fffe31003500380033003800,0.6186885
fffe33003000390030003700,0.1369266
fffe32003700340032003400,0.6431075
fffe3800310034003800,0.59179056
fffe31003600360036003000,0.15624888
fffe3200330032003100,0.7777678
fffe3100320030003600,0.1799944
fffe3800340038003000,0.11327454
fffe3400320037003400,0.4425479
fffe3700370038003800,0.58307666
fffe32003900390033003900,0.5456997
fffe3900380031003700,0.5989276
fffe33003100390032003300,0.41326275
fffe31003100340035003100,0.20046185
fffe31003600300034003700,0.38304502
fffe32003400380034003500,0.45211828
fffe31003000360036003700,0.45056492
fffe3600340037003700,0.5903226
fffe3500310030003000,0.28913864
fffe31003600300037003700,0.26907638
fffe31003000350038003300,0.06814735
fffe32003600370031003900,0.8509318
fffe32003600390034003200,0.20500892
fffe32003900320034003100,0.29856688
fffe32003600360030003200,0.31757256
fffe3100380030003800,0.2515626
fffe31003400310033003200,0.5820851
fffe32003700320035003700,0.48945546
fffe390030003500,0.74230415
fffe3300300038003300,0.5889092
fffe33003300310037003000,0.44782123
fffe32003000320031003100,0.33559343
fffe33003400390032003700,0.46166742
fffe33003300340039003300,0.65914947
fffe32003300330035003300,0.77688026
fffe32003200300036003600,0.46273068
fffe31003200340032003000,0.36604708
fffe32003000350034003900,0.39419386
fffe31003900330035003600,0.34241614
fffe32003700370032003100,0.45055217
fffe3900390037003800,0.22393349
fffe350033003900,0.9449107
fffe31003700380039003900,0.79198855
fffe3500310037003200,0.5773043
fffe32003100350034003500,0.42422533
fffe3100350030003500,0.2797258
fffe32003500340035003700,0.15769935
fffe32003100390039003300,0.25373247
fffe32003100360032003700,0.58454823
fffe31003900370034003500,0.41214886
fffe32003900340031003500,0.14546272
fffe31003400340035003600,0.38521153
fffe33003000350037003200,0.8607803
fffe31003200350034003900,0.00242638
fffe32003400300030003100,0.5864325
fffe33003100330033003700,0.07836111
fffe3800340035003700,0.17616625
fffe32003900330038003800,0.2672945
fffe33003100300037003000,0.43241718
fffe32003600340036003600,0.29766652
fffe32003500320038003700,0.36358863
fffe31003500320038003100,0.5741274
fffe32003700310038003700,0.4739816
fffe31003700330035003600,0.39342874
fffe31003000320031003200,0.51644063
fffe31003100330034003800,0.57091385
fffe31003400350032003700,0.3505642
fffe31003900350038003600,0.41276413
fffe33003000330033003600,0.2225333
fffe32003200310035003900,0.9268188
fffe31003800320036003300,0.6780162
fffe32003700390031003200,0.6049603
fffe3900360031003000,0.23471831
fffe32003900340039003000,0.33189422
fffe33003200350031003100,0.41979837
fffe33003100380031003000,0.53853756
fffe32003900340035003700,0.6373258
fffe32003600340035003100,0.49836388
fffe31003500350031003700,0.9097315
fffe31003100330035003800,0.8168086
fffe32003700370037003700,0.39682445
fffe32003500390036003800,0.37079415
fffe3700380037003600,0.45835635
fffe3500340038003900,0.53697276
fffe3700360038003800,0.75449073
fffe31003000310038003300,0.43939117
fffe31003100370035003200,0.3553455
fffe32003100300039003100,0.56709564
fffe33003200370033003800,0.5421151
fffe3500320038003600,0.29642197
fffe3100330034003100,0.4172793
fffe3500370037003400,0.39879072
fffe31003400340033003500,0.4119586
fffe31003300360035003900,0.39607766
fffe31003100340036003600,0.50738776
fffe33003300370035003500,0.6387707
fffe3500310033003900,0.26827565
fffe33003100300032003800,0.493668
fffe31003700330031003900,0.18890697
fffe31003700360032003300,0.5904584
fffe33003400320039003000,0.6256216
fffe32003000320034003600,0.44638672
fffe3600340038003200,0.34749287
fffe33003100350030003300,0.48858893
fffe32003900370031003100,0.9228397
fffe36003300,0.5493915
fffe32003300360032003000,0.332965
fffe31003600320032003200,0.33098316
fffe33003100360031003000,0.4838918
fffe32003000310033003100,0.4941755
fffe3300300034003900,0.2728751
fffe32003400300038003700,0.62843424
fffe3400300034003900,0.68327135
fffe350033003400,0.71228755
fffe31003400360032003000,0.623415
fffe32003700310030003700,0.40538692
fffe32003600310035003800,0.3664456
fffe32003200340038003900,0.3139113
fffe3600300035003400,0.25321504
fffe31003200340035003800,0.38010082
fffe33003100330030003600,0.62475836
fffe3400340031003400,0.37058446
fffe31003500330037003900,0.57081366
fffe31003700370038003700,0.41229388
fffe32003200350030003200,0.6206622
fffe31003000360033003400,0.46404096
fffe33003200380039003600,0.59958655
fffe31003800350035003800,0.3088091
fffe32003000320033003000,0.60698295
fffe320036003300,0.32293856
fffe32003800340034003700,0.75823677
fffe31003400370034003500,0.88153535
fffe3700380039003200,0.3913638
fffe3400300037003100,0.30993447
fffe390039003200,0.7794699
fffe3300340038003400,0.17259116
fffe3100390039003200,0.6054436
fffe32003400350033003400,0.36400586
fffe32003300380033003600,0.28979313
fffe32003900380033003900,0.3742116
fffe32003600350031003400,0.3263908
fffe33003300310039003600,0.6236499
fffe3200310037003800,0.626576
fffe33003300370032003100,0.58056074
fffe3800370032003100,0.45530793
fffe3200340035003800,0.5292305
fffe31003000340035003800,0.30317524
fffe3900310036003600,0.44303325
fffe31003600350034003600,0.38175496
fffe33003000310033003500,0.72328705
fffe31003500310034003500,0.43857586
fffe3500320036003300,0.33909637
fffe33003200390034003700,0.19818832
fffe3500380039003500,0.119195215
fffe33003000340032003800,0.09659764
fffe32003400340038003300,0.21533017
fffe31003500340035003400,0.6033536
fffe31003900320037003700,0.4588216
fffe33003100320031003400,0.30897364
fffe31003300390031003900,0.5049942
fffe31003800350036003100,0.72749907
fffe3500360037003900,0.7562904
fffe31003000370032003100,0.5518705
fffe3700370032003700,0.27517468
fffe32003300390033003700,0.44399258
fffe33003300330031003900,0.64339894
fffe32003100330037003100,0.21537861
fffe32003600310037003200,0.6057517
fffe3900380035003100,0.42774174
fffe32003000390033003800,0.25419185
fffe31003300320034003700,0.015430347
fffe32003500320039003000,0.44425216
fffe31003400380038003900,0.4144104
fffe32003500300031003300,0.41849157
fffe31003900340036003800,0.3388094
fffe3300310035003900,0.26379752
fffe31003200340032003100,0.5677071
fffe3100380030003500,0.6542348
fffe31003800310035003000,0.5337406
fffe31003000390031003300,0.4568005
fffe3600380036003500,0.5381885
fffe32003300320033003200,0.36987713
fffe31003700340038003300,0.55466163
fffe3600340032003400,0.3641329
fffe31003600360039003300,0.43239954
fffe3500320035003200,0.43211856
fffe33003400380036003800,0.49462718
fffe33003300390034003600,0.5569888
fffe32003500330032003500,0.5703465
fffe32003800310037003500,0.5315982
fffe32003800390036003300,0.51655334
fffe3700310037003600,0.61971104
fffe31003100380030003300,0.55390185
fffe32003800310038003200,0.16267546
fffe3400330030003600,0.34788716
fffe32003600300033003900,0.43817535
fffe3700300033003800,0.3526
fffe31003900360035003600,0.59340215
fffe31003000390034003600,0.7287496
fffe32003100320038003800,0.59988713
fffe31003900380031003700,0.7599884
fffe32003200380031003900,0.5630176
fffe3100370035003000,0.30197573
fffe32003200320036003900,0.58972675
fffe3800330038003500,0.58765906
fffe3600330034003400,0.9017843
fffe3400320033003400,0.4184707
fffe33003400340033003700,0.080620736
fffe32003900380030003700,0.38403484
fffe3200370039003100,0.2294991
fffe32003300390032003000,0.45818627
fffe330038003100,0.34678277
fffe3900330033003200,0.3732517
fffe32003100390038003200,0.733458
fffe340032003800,0.38940084
fffe32003100320034003600,0.49966532
fffe31003400340039003600,0.24206702
fffe31003600360035003100,0.31523538
fffe3400330031003000,0.3764251
fffe31003700390035003500,0.45424542
fffe3300360039003300,0.6413993
fffe32003300340039003600,0.4539576
fffe33003100300030003000,0.493453
fffe32003800330031003900,0.623679
fffe31003300320032003900,0.5518808
fffe3600380034003600,0.3941027
fffe33003100310037003700,0.21195248
fffe3400300032003800,0.5459148
fffe3600320035003300,0.37090993
fffe32003100380032003900,0.42331463
fffe31003500380039003300,0.5731611
fffe33003200370034003600,0.91656864
fffe370037003600,0.63625664
fffe32003700310039003900,0.51806647
fffe33003400310037003600,0.7207324
fffe32003800300033003500,0.08650882
fffe3200320032003400,0.55470544
fffe31003900370038003400,0.59963906
fffe31003600330033003200,0.40696406
fffe3300320033003400,0.55847675
fffe3800320033003900,0.29318142
fffe33003300370033003800,0.3676495
fffe33003100310030003000,0.63861406
fffe32003200330032003600,0.87455094
fffe31003200370038003600,0.51598865
fffe3100370036003000,0.3648915
fffe3100390032003500,0.61066234
fffe31003200360036003400,0.41272387
fffe3800300038003500,0.33286366
fffe32003600330036003700,0.33062288
fffe31003500330032003600,0.05189695
fffe32003000350032003400,0.7555325
fffe33003300310035003700,0.30192882
fffe31003200330036003800,0.4463046
fffe31003800310039003000,0.62152934
fffe31003700380030003800,0.52611667
fffe31003100320036003600,0.4735511
fffe3500310032003600,0.16076033
fffe3200330039003700,0.24421376
fffe3100330034003700,0.53175956
fffe3600310035003000,0.8147938
fffe31003400390039003000,0.76063794
fffe31003900390038003200,0.22291084
fffe31003200320033003100,0.22660793
fffe33003100380038003300,0.27195516
fffe3300390039003600,0.5551271
fffe32003600340030003000,0.41980973
fffe32003900330034003800,0.30416465
fffe31003800370036003900,0.39240488
fffe32003600360032003900,0.3790235
fffe33003400330039003700,0.57183206
fffe32003800360036003400,0.3509141
fffe3800310036003200,0.3796304
fffe3500300035003800,0.58579797
fffe33003300330035003300,0.17387837
fffe3300370031003100,0.17523885
fffe32003600340036003800,0.057759125
fffe32003000350030003100,0.39431354
fffe32003600390039003000,0.4439396
fffe3500320037003700,0.60109913
fffe33003400310035003700,0.40224314
fffe32003200300032003500,0.3301329
fffe32003900340032003400,0.54259753
fffe33003200360036003800,0.5546897
fffe31003000360039003800,0.48286977
fffe31003000340036003600,0.64515376
fffe3400380030003900,0.91090953
fffe380035003200,0.40094185
fffe3900340035003600,0.43562028
fffe32003100360038003300,0.6478685
fffe3400330033003300,0.30365023
fffe3100350039003500,0.64877826
fffe3800300030003500,0.475407
fffe32003600320032003800,0.36497837
fffe3400330035003700,0.4452991
fffe33003000370034003500,0.24138203
fffe31003100340035003300,0.16592987
fffe32003800350038003000,0.37636045
fffe32003000330032003300,0.68873966
fffe32003600370030003200,0.269913
fffe31003300310032003400,0.44025707
fffe31003700340030003500,0.6149442
fffe31003200390034003200,0.38763854
fffe390037003700,0.35652596
fffe31003400360033003500,0.2132084
fffe31003200310032003300,0.39655608
fffe32003400320032003900,0.5525372
fffe3700310038003700,0.26555425
fffe33003300360037003300,0.006698988
fffe32003600350031003000,0.6495577
fffe31003500380032003200,0.18821643
fffe32003000300036003000,0.4303188
fffe3200340031003900,0.46393323
fffe32003200310032003600,0.6891659
fffe3600340037003000,0.46721423
fffe31003300320038003900,0.29395127
fffe33003300300032003000,0.6110725
fffe390032003100,0.47935584
fffe3400370035003400,0.24778405
fffe3900360036003600,0.81627536
fffe31003900360037003600,0.25599638
fffe3500300036003100,0.51981866
fffe3500360030003300,0.5306348
fffe32003100300038003100,0.40411648
fffe32003300310032003900,0.4179856
fffe33003000320031003000,0.5599397
fffe31003400390032003300,0.56894946
fffe380036003700,0.5641425
fffe31003300370031003300,0.4902189
fffe3100330036003700,0.2737503
fffe3600340033003800,0.3149884
fffe32003300340035003100,0.22021289
fffe32003100380038003700,0.54549867
fffe32003000380034003100,0.3811823
fffe3600300034003100,0.74347574
fffe31003500340036003900,0.6120307
fffe32003700390036003300,0.3805716
fffe31003400320030003800,0.6280928
fffe31003000340030003800,0.64281726
fffe3300330032003200,0.592869
fffe3700380036003800,0.55116
fffe33003300320039003200,0.31424004
fffe33003300300039003400,0.447485
fffe33003200340039003000,0.587092
fffe32003800330033003100,0.6102475
fffe31003300360037003000,0.59718704
fffe31003300360032003700,0.6153062
fffe3600380035003800,0.73503906
fffe33003400360036003000,0.15131858
fffe32003800390030003800,0.39106074
fffe3900330037003300,0.4385034
fffe32003600370035003500,0.64274925
fffe33003200360034003900,0.306247
fffe31003200340032003400,0.58899903
fffe3300360038003000,0.39966667
fffe31003100300033003900,0.55054295
fffe3100390039003400,0.3692039
fffe32003000350037003700,0.10895552
fffe31003500310031003600,0.24756007
fffe33003300310036003000,0.5945555
fffe31003300330033003900,0.761818
fffe31003700340038003200,0.8075566
fffe3500350033003500,0.41760266
fffe3200390039003800,0.21916293
fffe3400380033003500,0.45313185
fffe3800370038003500,0.4092524
fffe32003700340039003100,0.41367096
fffe3500310033003400,0.54415333
fffe32003900380031003800,0.7316841
fffe33003300360031003400,0.76289576
fffe3500310031003500,0.23493285
fffe3200330030003400,0.1963205
fffe33003000350038003700,0.69687545
fffe3800350030003100,0.38711622
fffe390034003900,0.46429297
fffe32003500350035003200,0.510744
fffe33003300370037003700,0.7749835
fffe3200370030003200,0.065202236
fffe33003300300030003100,0.44365633
fffe31003300340034003000,0.3429847
fffe32003800360032003300,0.31873074
fffe33003200330035003900,0.59242016
fffe32003400300037003100,0.80884546
fffe32003500310034003500,0.63540804
fffe31003600320039003300,0.45509627
fffe33003000350036003500,0.6245519
fffe32003400320030003400,0.43715978
fffe33003200340039003900,0.02200828
fffe3700310035003800,0.49953064
fffe31003400,0.19267124
fffe31003800340036003600,0.2442365
fffe32003500390035003700,0.16653468
fffe32003200340037003900,0.22213991
fffe32003300310037003100,0.27158672
fffe32003800340030003400,0.50683063
fffe33003300340034003200,0.38662747
fffe3900380035003000,0.21690187
fffe3400380033003200,0.5924395
fffe31003000320038003100,0.5423001
fffe33003400370031003800,-0.011149761
fffe32003500320034003800,0.5374808
fffe3700360033003200,0.40205994
fffe32003000380031003300,0.64162856
fffe31003900380034003800,0.41390172
fffe32003500320038003500,0.56584555
fffe34003700,0.57540023
fffe32003900350034003200,0.65765685
fffe3800310033003500,0.3559182
fffe3400360034003400,0.6719822
fffe32003600370037003500,-0.0027451087
fffe32003800310033003400,0.25136626
fffe31003800390035003200,0.38328853
fffe32003500370032003100,0.4989468
fffe31003700340032003200,0.13819627
fffe31003600350036003200,0.27676377
fffe31003400310039003000,0.20890148
fffe31003700350031003900,0.15366763
fffe32003400350036003700,0.5757465
fffe32003100330034003200,0.38181913
fffe31003100340031003700,0.12835848
fffe31003400390037003900,0.20142941
fffe32003700390030003300,0.59523475
fffe3800390038003300,0.529623
fffe31003500320033003600,0.55611295
fffe3600310039003700,0.5549925
fffe31003900310037003400,0.59082824
fffe3400320039003300,0.2254807
fffe31003500360036003300,0.6512837
fffe32003000380039003300,0.51649547
fffe31003800370038003600,0.72847813
fffe33003300320036003400,0.58143336
fffe3800340035003000,0.58241934
fffe3200320033003300,0.49054787
fffe32003800320035003900,0.058564648
fffe3400370036003400,0.22671504
fffe32003700300034003800,0.2426959
fffe3600300034003800,0.39087877
fffe32003600300035003000,0.6426404
fffe31003900370036003300,0.43665245
fffe3700350038003500,0.5651773
fffe32003300330031003800,0.58843964
fffe3400350033003200,0.23498915
fffe3700350035003100,0.51979184
fffe33003400340035003500,0.52280307
fffe31003600370033003900,0.48562238
fffe3200390035003100,0.19571921
fffe31003500340035003000,0.5886081
fffe31003400370038003300,0.56389755
fffe31003800310030003800,0.5933925
fffe3100360032003700,0.55182153
fffe33003200390033003000,0.41236848
fffe31003800300032003300,0.54680014
fffe32003000340030003100,0.52273965
fffe3600310039003300,0.3132203
fffe32003800340039003000,0.6441336
fffe31003600300031003500,0.118902475
fffe310035003800,0.5791195
fffe31003300370035003500,0.9255101
fffe33003000350038003200,0.77375084
fffe31003000330035003900,0.47077695
fffe32003500360030003700,0.40065068
fffe32003900350037003000,0.41455296
fffe3500380038003300,0.27298743
fffe32003500370037003400,0.30282798
fffe32003000360030003900,0.21560085
fffe3900360031003900,0.48319864
fffe3700330038003800,0.5230264
fffe32003800300035003100,0.6363092
fffe32003000300037003800,0.45276764
fffe3300350038003900,0.33189493
fffe31003400320034003200,0.60020864
fffe3700320032003800,0.40267858
fffe32003200340039003100,0.7566088
fffe33003300380030003200,0.0076578916
fffe31003600340032003900,0.34093228
fffe3700350039003900,0.10350534
fffe3300390039003200,0.46867168
fffe32003700330032003000,0.53258836
fffe31003600330034003100,0.7626204
fffe33003300370031003600,0.33892822
fffe3300360031003300,0.41043165
fffe32003700360034003000,0.97721905
fffe33003400300030003500,0.6926496
fffe32003000300038003800,0.2503824
fffe31003800380030003800,0.6635009
fffe31003200350036003000,0.22322974
fffe32003500380030003900,0.659034
fffe31003100350037003100,0.57537043
fffe33003300330038003700,0.62744707
fffe33003400380037003700,0.70828307
fffe3100370030003000,0.5339836
fffe31003000320032003700,0.2731044
fffe32003200300034003300,0.34162596
fffe33003000310035003700,0.30321315
fffe31003800310033003900,0.45003086
fffe31003900390033003000,0.23405777
fffe3200380034003300,0.61002904
fffe3200330036003000,0.5568451
fffe3400370030003700,0.6009389
fffe33003200310030003300,0.6908652
fffe3300320038003800,0.33020237
fffe31003400310033003300,0.4156249
fffe3200340031003800,0.508538
fffe31003900310032003300,0.4370881
fffe32003500380038003500,0.54549587
fffe32003500350031003100,0.2313718
fffe33003200360038003700,0.30280215
fffe32003500350038003300,0.5841724
fffe31003300390035003100,0.39452037
fffe32003400330039003200,0.3972503
fffe3600350038003700,0.4254692
fffe31003200350037003300,0.53713596
fffe33003200370037003900,0.23434184
fffe31003200360037003700,0.713922
fffe32003700390034003500,0.25011733
fffe31003300310038003400,0.18563962
fffe3100340032003100,0.7868366
fffe3200340035003900,0.2755629
fffe33003300310032003800,0.47075412
fffe32003000350031003800,0.49447373
fffe31003200340037003700,0.13058694
fffe33003100330034003100,0.4375203
fffe32003800390031003100,0.07129962
fffe3800320034003600,0.7493668
fffe32003100310031003100,0.6585174
fffe32003500310039003200,0.69883317
fffe3100350039003400,0.14532194
fffe33003000370032003600,0.5737415
fffe32003500370037003100,0.4390299
fffe31003500380031003000,0.39681846
fffe3400390035003600,0.6639404
fffe3600330038003100,0.38563874
fffe3700330032003500,0.011040131
fffe3500360039003700,0.38383713
fffe33003300340030003800,0.36712024
fffe31003600350035003200,0.26890212
fffe3300390039003900,0.5327802
fffe3400390030003100,0.33745933
fffe3500380037003700,0.9425012
fffe33003400340034003000,0.23149322
fffe33003400320031003500,0.7587517
fffe31003700380033003700,0.40718058
fffe3700360037003700,0.46711773
fffe3800360030003000,0.23648451
fffe31003400390030003700,0.31665087
fffe33003400310034003100,0.37834218
fffe32003600340037003900,0.47724608
fffe31003700360034003300,0.6163724
fffe31003200300037003700,0.32614732
fffe31003400330030003900,0.5787546
fffe32003600340031003400,0.1060116
fffe31003600360038003900,0.559431
fffe3300320031003400,0.38910198
fffe31003100340039003400,0.31771478
fffe3200300034003700,0.37374923
fffe32003400350035003400,0.51939565
fffe31003500310039003400,0.13600074
fffe3600340039003000,0.13475558
fffe31003800300038003600,0.29100376
fffe32003800360038003700,0.41049373
fffe32003300380030003200,0.8322605
fffe31003600320038003300,0.27230367
fffe3500350034003800,0.34620598
fffe33003000340033003700,0.48966622
fffe32003700320032003000,0.31436598
fffe32003300340039003000,0.9858638
fffe32003200360036003100,0.5386495
fffe31003400310034003900,0.72964674
fffe3700340030003400,0.38975522
fffe3900370039003600,0.52284276
fffe32003200380036003700,0.26241803
fffe32003200340032003700,0.14346749
fffe33003200330036003700,0.6678487
fffe3500300034003400,0.3128077
fffe380031003600,0.1576082
fffe350038003000,0.41216335
fffe32003700360036003900,0.6224651
fffe32003900360035003800,0.11880149
fffe3900350038003300,0.62633765
fffe33003100350030003100,0.45972043
fffe32003500320033003300,0.732057
fffe32003100320038003000,0.41724047
fffe33003000350034003900,0.58735883
fffe31003300300032003200,0.5812293
fffe31003900300038003700,0.39493036
fffe31003300350037003700,0.3880532
fffe390039003100,0.14221838
fffe33003100340033003500,0.756891
fffe32003200370031003400,0.5430936
fffe31003300310035003800,0.39347023
fffe31003600360030003200,0.5168386
fffe33003000300033003900,0.5173524
fffe32003400370032003700,0.789872
fffe31003200360036003800,0.45069
fffe3600330031003900,0.66017133
fffe31003900360033003200,0.39084026
fffe31003300360035003100,0.7127835
fffe32003300390038003800,0.42007363
fffe3600340034003500,0.0033838237
fffe32003900340036003800,0.35541427
fffe32003600330038003500,0.55852824
fffe31003700300031003500,0.7982458
fffe3200390037003800,0.6632478
fffe3500390037003400,0.5775139
fffe31003800350030003700,0.5310388
fffe3700360039003400,0.50617445
fffe33003300310036003200,0.030455643
fffe31003500370033003400,0.52219516
fffe31003200370031003500,0.531555
fffe31003700310030003400,0.3742864
fffe3400370036003000,0.6773521
fffe31003700320037003900,0.7214399
fffe32003100350037003000,0.32966766
fffe32003600310036003100,0.33509937
fffe31003500330035003800,0.37240183
fffe31003000380035003900,0.48071393
fffe33003100310030003200,0.44319627
fffe32003400300032003000,0.80149335
fffe32003200320037003900,0.45679188
fffe3100390030003800,0.26531923
fffe32003000360035003200,0.7576133
fffe32003100320035003300,0.49622336
fffe31003300390037003800,0.5966603
fffe32003500310034003400,0.15615043
fffe3700390031003900,0.41519505
fffe32003000370032003700,0.31529772
fffe32003800350039003500,0.104527906
fffe3400320032003500,0.29394147
fffe3200320036003200,0.27759123
fffe3500360033003400,0.4289089
fffe32003000310033003400,0.29055896
fffe320035003400,0.5805684
fffe3200340032003700,0.6263277
fffe32003500360037003000,0.89944327
fffe32003800390038003100,0.61653215
fffe3900330038003400,0.39193088
fffe3700340034003200,0.11518725
fffe3500310031003600,0.67156446
fffe3700320031003500,0.4389623
fffe33003100330033003500,0.9089738
fffe32003100310031003400,0.48623794
fffe3800360033003700,0.36977363
fffe31003800330035003500,0.34521413
fffe3400330039003500,0.5939799
fffe32003500390039003900,0.41143453
fffe3300360034003500,0.21346004
fffe31003800300034003700,0.5943377
fffe31003300360030003100,0.58232516
fffe33003100380039003500,0.5867477
fffe32003400360037003700,0.40509924
fffe3400380033003400,0.09659203
fffe31003400360036003400,0.3464658
fffe3600320030003000,0.72831845
fffe31003000360039003600,0.4101815
fffe32003600390035003200,0.8085567
fffe31003900360038003300,0.061623678
fffe31003700320032003800,0.3173033
fffe3700330037003100,0.36166713
fffe3300330030003000,0.62308633
fffe31003300350039003400,0.26075748
fffe32003900360032003300,0.5087789
fffe31003500370039003500,0.54088384
fffe3100300033003000,0.40899205
fffe32003100350036003600,0.6857184
fffe33003100370032003700,0.417321
fffe3300310032003600,0.5285402
fffe32003800360030003400,0.3409962
fffe31003000340037003000,0.4879315
fffe32003200360032003900,0.5866476
fffe32003400340032003300,0.23868336
fffe3900310038003200,0.6819314
fffe31003500330032003700,0.6021051
fffe3400350036003900,0.43750733
fffe33003000330038003900,0.443915
fffe32003000370030003800,0.16227895
fffe31003400340034003300,0.60778
fffe31003800330036003500,0.550835
fffe32003600370032003700,0.40622374
fffe31003000310038003900,0.7438526
fffe32003400320039003700,0.51120704
fffe3800310038003000,0.90150034
fffe3800310032003600,0.63796693
fffe32003200380030003600,0.38108706
fffe330033003400,0.55005264
fffe32003300340035003500,0.40100417
fffe3700330032003000,0.6421641
fffe3200310033003800,0.008044836
fffe32003300330033003200,0.36045554
fffe32003100330030003700,0.7251005
fffe31003000320034003100,0.5444
fffe32003500330031003600,0.45583388
fffe31003600370038003900,0.5660072
fffe3400330033003400,0.41634983
fffe32003800300034003600,0.76546013
fffe32003700390038003800,0.24861054
fffe33003000330035003300,0.6626569
fffe32003700330032003500,0.31734636
fffe32003700320037003900,0.5887876
fffe3400350039003600,0.6563034
fffe31003400380036003600,0.31942147
fffe3800300036003300,0.0073611997
fffe32003200360034003000,0.78650063
fffe3800370035003100,0.5713828
fffe33003400350033003600,0.01846423
fffe33003400390034003200,0.1756702
fffe32003000380036003400,0.40916088
fffe31003800360033003400,0.1573379
fffe33003300370030003100,0.6039625
fffe3200380034003200,0.42998937
fffe33003000370039003200,0.42292458
fffe31003400320032003400,0.7344233
fffe33003300360035003000,0.35849273
fffe3300390039003000,0.7507364
fffe32003200390035003100,0.63306504
fffe380039003900,0.36317605
fffe32003600390033003500,0.25251883
fffe31003100340034003700,0.28984964
fffe33003000390036003100,0.22850792
fffe33003200320031003900,0.22538164
fffe32003000350039003000,0.3325296
fffe33003100350037003500,0.6090759
fffe34003400,0.80920064
fffe31003400330036003200,0.6346221
fffe31003600380036003400,0.95401216
fffe3200310034003000,0.26090544
fffe31003700320035003200,0.35745758
fffe31003800320033003500,0.4291601
fffe32003600300037003200,0.032541525
fffe31003300390038003900,0.62725914
fffe3700390037003500,0.72345513
fffe32003000350031003500,0.4096247
fffe3700330035003000,0.6249575
fffe31003300390030003700,0.26792532
fffe32003700390037003300,0.20116332
fffe3800310038003600,0.024812343
fffe3500320033003300,0.5224976
fffe31003500360033003700,0.075141646
fffe32003200360031003800,0.4210253
fffe32003600350037003100,0.5505467
fffe32003300330031003200,0.3152682
fffe31003500370032003500,0.18333597
fffe3800360031003800,0.49060792
fffe32003200370034003900,0.0022056622
fffe32003200370037003400,0.46896487
fffe31003800360032003900,0.5840779
fffe3700310034003300,0.2707485
fffe33003100360034003700,0.10471909
fffe31003500360032003900,0.2728217
fffe3900380036003400,0.6612281
fffe31003600390036003400,0.3355868
fffe31003900310034003200,0.56704676
fffe3900300035003900,0.55194694
fffe32003300320032003200,0.24727692
fffe32003600350030003400,0.44620505
fffe3800380030003300,0.5913869
fffe32003700380033003000,0.30088487
fffe31003500300039003200,0.5361641
fffe31003400380039003800,0.5694419
fffe32003400310033003300,0.90085614
fffe31003000300030003000,0.28225848
fffe3800320034003400,0.3026382
fffe33003100340033003700,0.34548
fffe3600370039003300,0.24025929
fffe33003000390034003400,0.4619498
fffe31003200370035003900,0.7669853
fffe3300300035003500,0.60071933
fffe31003500370039003600,0.67130065
fffe3900380030003600,0.6566714
fffe31003900370033003200,0.58331835
fffe31003000310031003700,0.24425988
fffe31003100380035003600,0.35098898
fffe33003400360033003400,0.4289313
fffe33003200350038003800,0.7118272
fffe32003900390033003500,0.721914
fffe33003400380033003200,0.4957822
fffe3800370031003100,0.027001493
fffe33003400360038003500,0.57741505
fffe3500370032003800,0.7555622
fffe31003000340031003700,0.16074522
fffe3600350033003700,0.577436
fffe33003000370030003300,0.8375315
fffe32003600370039003400,0.45065224
fffe32003600330038003200,0.37674874
fffe31003500310036003500,0.0013387629
fffe32003400390031003800,0.5585893
fffe32003700360037003100,0.5873254
fffe32003700300033003300,0.7378737
fffe3200300039003900,0.24928965
fffe32003400350032003500,0.29770166
fffe3500340030003000,0.45569187
fffe32003500310036003800,0.3718336
fffe31003200320035003400,0.7587092
fffe32003800350036003500,0.29836622
fffe3100370037003500,0.43548012
fffe31003200390036003800,0.5797694
fffe3500330032003200,0.3680189
fffe3500390039003300,0.50513655
fffe31003500310035003700,0.77149165
fffe31003200330030003900,0.5494552
fffe3200320034003400,0.407764
fffe31003700380038003000,0.61194295
fffe3500380033003100,0.27195686
fffe33003300390033003800,0.43950424
fffe31003200320030003200,0.6314496
fffe32003700380030003900,0.6048495
fffe33003400300039003000,0.43514296
fffe31003900310036003600,0.47602627
fffe3600380031003200,0.21780896
fffe3600300030003000,0.44353762
fffe33003000330030003700,0.15263921
fffe31003500310031003300,0.7609048
fffe32003200370033003100,0.5425348
fffe31003700320035003100,0.54549986
fffe32003400340037003800,0.3617005
fffe33003100340034003400,0.7123924
fffe390036003100,0.5089256
fffe33003000350038003800,0.87214756
fffe31003000310032003500,0.3969137
fffe31003800390032003800,0.30527702
fffe33003200370036003600,0.4300837
fffe31003100300038003100,0.42293283
fffe32003900330032003000,0.2017382
fffe33003200380038003200,0.8117023
fffe32003300300030003200,0.27488586
fffe33003100380038003800,0.35609487
fffe31003300360035003300,0.5630239
fffe33003200360035003700,0.7835287
fffe32003800360039003000,0.30368632
fffe31003600350035003700,0.5615389
fffe33003100350038003600,0.4724674
fffe33003100350037003100,0.20399545
fffe32003600340032003700,0.41804263
fffe3400300038003400,0.4054013
fffe33003300360033003000,0.78046286
fffe3100320037003500,0.17084593
fffe33003400360034003300,0.32171088
fffe31003300350032003000,0.27346244
fffe31003100340030003300,0.5180828
fffe31003300350039003100,0.5618027
fffe32003300340039003400,0.72405213
fffe3300390030003100,0.32269886
fffe3900330038003900,0.21230511
fffe33003100370030003200,0.41797414
fffe3600310030003600,0.47818196
fffe32003700380033003700,0.72328776
fffe3600390036003800,0.2752041
fffe32003000350039003200,0.43362308
fffe31003100370035003600,0.62447476
fffe31003400380036003800,0.3758414
fffe3600380035003200,0.66750574
fffe31003800310030003400,0.3079514
fffe33003200370035003800,0.6476568
fffe31003000360037003700,0.55693597
fffe31003600300036003000,0.35792455
fffe31003000300036003600,0.35486844
fffe3200330038003200,0.5482122
fffe3400360034003000,0.7054506
fffe32003800300038003700,0.69962096
fffe31003000310035003200,0.04792698
fffe32003300340033003500,-0.00052619976
fffe3700390038003400,0.4261102
fffe32003800350035003500,0.45419317
fffe32003300390035003700,0.40276256
fffe32003700340032003100,0.7588355
fffe3200380036003700,0.26397458
fffe32003700360030003300,0.41582873
fffe3600310037003800,0.8752203
fffe3700390031003400,0.46098894
fffe32003500300035003600,0.5698459
fffe33003100390034003900,0.49243745
fffe3200370033003400,0.6262776
fffe31003000350037003800,0.47700557
fffe3600330032003700,0.2790668
fffe31003900330037003900,0.3503651
fffe3500390030003000,0.53950137
fffe3300300039003200,0.09718384
fffe32003000330038003900,0.36778775
fffe3200300036003000,0.24415584
fffe3100300036003700,0.38858572
fffe3900350032003400,0.535962
fffe3900320032003800,0.49868757
fffe3200300036003200,0.6039178
fffe31003500350034003400,0.59663326
fffe3800320031003500,0.45215932
fffe32003400390036003700,0.3645021
fffe33003000340031003400,0.54626775
fffe32003400320032003700,0.5677919
fffe31003300330031003200,0.546401
fffe3700370039003900,0.17229135
fffe31003500310030003700,0.64295936
fffe3400340030003700,0.5983414
fffe32003600370037003900,0.822123
fffe3700320031003300,0.87223285
fffe32003700330033003000,0.16689318
fffe31003600330036003800,0.2662609
fffe32003000360030003400,0.41710356
fffe3600360034003800,0.31256416
fffe32003300360031003800,0.37074378
fffe3300310033003900,0.5413675
fffe3800320035003000,0.17325239
fffe3500320039003600,0.20765363
fffe32003600320032003000,0.5699096
fffe33003100390032003400,0.8431344
fffe32003100310034003900,0.31313312
fffe31003300390034003000,0.7423681
fffe3900330039003900,0.79837364
fffe33003200330039003600,0.7335622
fffe31003600370038003500,0.41127482
fffe33003200350037003900,0.7533971
fffe32003100360031003300,0.15469214
fffe370038003600,0.46023738
fffe33003200380038003900,0.58749145
fffe32003700360031003900,0.58304095
fffe31003500310030003400,0.0532991
fffe31003700300031003900,0.90882486
fffe31003200350034003000,0.6671146
fffe32003800300039003800,0.30759767
fffe31003900370037003100,0.34142682
fffe32003500360036003400,0.797699
fffe31003100330038003400,0.24562256
fffe3600360036003700,0.16848995
fffe31003700330030003700,0.37350023
fffe31003800330033003900,0.7326734
fffe380038003700,0.5376094
fffe32003100300035003500,0.55476844
fffe31003900340036003500,0.51631224
fffe32003100340033003200,0.7803388
fffe31003900300035003800,0.2393718
fffe3100340031003600,0.6163246
fffe3700320033003800,0.23491529
fffe31003600340031003800,0.5668211
fffe31003700390032003100,0.2874794
fffe3100350033003200,0.56224453
fffe3200330031003600,0.5082003
fffe33003100390039003800,0.44728616
fffe31003800340030003300,0.17233847
fffe31003900340033003100,0.7793397
fffe31003100350035003500,0.4319764
fffe33003000320033003400,0.6423641
fffe3500350038003500,0.63719976
fffe33003200390031003700,0.13684706
fffe31003200370033003100,0.5245333
fffe3700350032003400,0.16763783
fffe32003800370035003300,0.32115003
fffe31003800320030003200,0.40282482
fffe31003300370030003600,0.66243625
fffe32003200360033003100,0.64433604
fffe31003600360033003600,0.5704167
fffe3100300038003900,0.63472253
fffe390034003500,0.5828417
fffe3400310033003700,0.5838913
fffe32003000310039003200,0.33015695
fffe31003300350035003100,0.4128088
fffe33003400390033003700,0.31389952
fffe31003800380033003300,0.4361023
fffe31003500330031003000,0.23992804
fffe32003800300033003300,0.22095723
fffe32003900350036003200,0.5932509
fffe32003100300032003700,0.3638329
fffe32003600370034003900,0.9521703
fffe3300380030003500,0.5684301
fffe32003400330039003500,0.06419048
fffe32003500380036003100,0.7435193
fffe32003600390031003500,0.41672108
fffe33003200390037003800,0.5171958
fffe31003400320031003500,0.3232545
fffe3400320037003500,0.44010466
fffe32003900340035003800,0.49707994
fffe32003500340032003800,0.25927234
fffe32003900310035003500,0.73569894
fffe31003800350030003900,0.20709379
fffe3400390031003600,0.52321947
fffe31003200360038003000,0.61906594
fffe31003900360036003000,0.5510934
fffe3100310039003900,0.42842427
fffe31003800380035003300,0.38285896
fffe31003100350032003000,0.23658517
fffe33003300380032003600,0.6544174
fffe32003600370038003100,0.4098536
fffe32003800310032003800,0.68303007
fffe32003400310038003000,0.40491688
fffe31003100370030003300,0.35371295
fffe31003000360038003800,0.37023282
fffe3600330032003200,0.34204212
fffe3100300036003300,0.87447584
fffe32003400340032003400,0.0032169311
fffe31003600340038003600,0.4236907
fffe31003000310036003900,0.32751083
fffe3100390031003200,0.72432745
fffe3700380031003000,0.48072544
fffe31003500390039003300,0.5698759
fffe32003500310032003600,0.596931
fffe32003600310033003200,0.38705534
fffe3200370030003900,0.5843231
fffe32003000320033003100,0.27038768
fffe32003900350036003000,0.41469666
fffe32003100340035003700,0.6782783
fffe31003100390039003200,0.24500749
fffe3600310037003700,0.42338118
fffe3300340037003900,0.71009713
fffe31003800390034003200,0.21017027
fffe3400300037003700,0.614917
fffe31003500310033003500,0.14484394
fffe32003500370039003100,0.3256294
fffe38003700,0.42511448
fffe31003700370039003100,0.19334188
fffe31003600360039003100,0.6904798
fffe3400300038003600,0.43701446
fffe3500350038003800,0.60027283
fffe3700360034003300,0.46035126
fffe33003100370033003300,0.43438184
fffe32003200350033003700,0.48876455
fffe3900340033003500,0.53576714
fffe31003700330035003300,0.3560583
fffe32003600380036003100,0.07467736
fffe31003000380031003600,0.30584997
fffe31003700380036003600,0.53316736
fffe32003900340030003000,0.31489182
fffe3400390036003600,0.7087758
fffe3900310033003100,0.59864986
fffe320036003000,0.47594908
fffe31003400380039003400,0.4396144
fffe340036003000,0.5825846
fffe32003600390036003000,0.35565454
fffe31003600320036003200,0.90216446
fffe32003100370035003100,0.72734207
fffe32003000320031003700,0.6626932
fffe31003500330030003900,0.52286077
fffe3400300036003900,0.61064655
fffe31003500340032003500,0.38501468
fffe32003000360033003700,0.5890739
fffe33003400340038003000,0.36200842
fffe31003200360031003900,0.58197546
fffe3100370033003300,0.62740505
fffe32003900380030003500,0.62132704
fffe3600330034003200,0.047047935
fffe3400330039003300,0.8485483
fffe31003000350038003600,0.22408378
fffe3700370032003800,0.3019092
fffe32003800320038003100,0.61725056
fffe33003100370039003500,0.53672737
fffe33003400380035003000,0.5147626
fffe32003400310037003700,0.4106852
fffe32003100310038003800,0.22156
fffe33003000330039003100,0.71336377
fffe31003300330035003500,0.48180425
fffe3300350032003100,0.39642587
fffe32003300370033003500,0.4730434
fffe32003700330030003500,0.3419608
fffe32003100370035003900,0.25446406
fffe32003500350039003900,0.5779851
fffe31003700370032003900,0.66598934
fffe31003300390032003800,0.5935516
fffe33003100350030003500,0.1944649
fffe3300300032003200,0.4092291
fffe3300300034003500,0.09459758
fffe31003000390033003500,0.42561194
fffe31003600380032003400,0.19447152
fffe3600360038003600,0.2788432
fffe3500350031003800,0.9640288
fffe3600370038003100,0.104512356
fffe3200350032003600,0.4559151
fffe32003400320037003300,0.21486035
fffe33003000360036003500,0.3742942
fffe3300330038003700,0.40939838
fffe32003500340030003000,0.38481855
fffe32003900310032003200,0.48288682
fffe32003300370039003900,0.6221624
fffe3500310033003300,0.44866583
fffe33003400320032003600,0.2562136
fffe31003800360033003200,0.4142888
fffe33003200340037003800,0.3947505
fffe33003200390036003700,0.57972395
fffe31003100360032003500,0.18681933
fffe32003500330033003800,0.23709993
fffe32003600330030003600,0.53092736
fffe370031003500,0.2332074
fffe31003600350033003100,0.29296073
fffe31003900340035003400,0.2851927
fffe32003300340033003800,0.67552954
fffe3800380039003800,0.54541075
fffe3700320038003600,0.38584468
fffe32003100390030003500,0.26206237
fffe31003400360038003600,0.15669453
fffe32003300370038003500,0.62782806
fffe33003100330037003100,0.73137915
fffe32003600380038003900,0.7711021
fffe3700320034003300,0.57476443
fffe32003800330031003800,0.3507932
fffe31003900340037003000,0.32651454
fffe3600340030003100,0.6515024
fffe31003400300037003900,0.23868522
fffe32003700380031003200,0.23609734
fffe31003800360030003700,0.7694518
fffe31003700360030003300,0.70513797
fffe31003000340039003400,0.6160564
fffe3700370038003200,0.39977717
fffe3300380031003300,0.9210294
fffe32003700340031003200,0.42966363
fffe340034003500,0.6012118
fffe32003900360034003300,0.43127614
fffe31003500330030003100,0.3454404
fffe3700370039003100,0.81707734
fffe31003700320035003800,0.501433
fffe31003400320039003600,0.38751554
fffe31003900350034003500,0.29203802
fffe3500300031003300,0.15128732
fffe3900310030003400,0.18181255
fffe31003300360030003400,0.61411625
fffe3600360039003700,0.2684768
fffe3400340031003200,0.49781838
fffe32003000310035003600,0.25229964
fffe32003200300039003600,0.48899424
fffe32003100370035003600,0.5928721
fffe32003900310031003100,0.5639986
fffe33003300300039003100,0.4404963
fffe33003100330039003800,0.5657399
fffe31003900350033003900,0.27232888
fffe3600340036003100,0.24353772
fffe32003800360036003700,0.6261486
fffe32003500330036003200,0.5661244
fffe3100380036003700,0.19810683
fffe31003700310037003200,0.6244333
fffe32003300320030003800,0.47430852
fffe33003300350032003000,0.27260014
fffe31003400310038003400,0.008911014
fffe3500390037003600,0.49180284
fffe3300300031003600,0.66803455
fffe3100310031003200,0.69052815
fffe31003600390039003800,0.39463505
fffe33003300380030003900,0.4192776
fffe3600310037003200,0.3933816
fffe31003100350033003300,0.568605
fffe31003200310030003800,0.3553197
fffe3400390039003400,0.50081915
fffe32003900340039003300,0.51275545
fffe31003900390037003700,0.6030249
fffe32003000330037003900,0.37749603
fffe3900310031003600,0.62529325
fffe31003800340039003200,0.28813472
fffe3400360039003200,0.37576404
fffe3900310034003900,0.3919367
fffe32003200330039003000,0.8338762
fffe32003000320032003500,0.22551937
fffe31003700300035003500,0.7271465
fffe33003200390034003600,0.2049444
fffe33003300320031003400,0.4756871
fffe3900300036003600,0.633394
fffe31003800330039003200,0.33601838
fffe33003200300030003700,0.3223867
fffe32003200360036003600,0.3259258
fffe33003100370039003700,0.3636586
fffe3600360033003600,0.31739917
fffe32003400390039003900,0.46478152
fffe32003900340033003400,0.38232064
fffe3800360035003500,0.67188674
fffe3500390038003200,0.35910836
fffe3400330033003500,0.38687518
fffe33003200370036003500,0.35051474
fffe31003300340037003500,0.9007272
fffe31003700390032003800,0.685082
fffe32003100330033003700,0.6442911
fffe3500360037003500,0.40770274
fffe32003300330035003700,0.6609014
fffe31003000310035003000,0.39951077
fffe31003100300035003800,0.50404423
fffe32003900320033003100,0.65507543
fffe32003200350035003400,0.3434896
fffe31003800350031003800,0.39083424
fffe3300360030003900,0.5000479
fffe31003200350034003100,0.24931066
fffe31003700350033003500,0.64479345
fffe32003100370030003700,0.062146742
fffe31003100390037003800,0.5668727
fffe33003200310039003300,0.3804875
fffe31003700320036003300,0.41678223
fffe31003000380032003300,0.16030952
fffe3600330030003200,0.5412496
fffe31003000330032003800,0.5882627
fffe31003500300033003100,0.4120916
fffe31003900370031003200,0.23712377
fffe3800350031003700,0.44268814
fffe33003300310031003200,0.39186475
fffe33003100350039003100,0.6558567
fffe3400390035003000,0.58424836
fffe33003300340035003000,0.79494095
fffe31003000310039003400,0.74457985
fffe32003500350037003300,0.57719594
fffe32003900340030003400,0.593717
fffe31003200310031003900,0.3620831
fffe32003900340032003800,0.46135232
fffe3800390039003900,0.34896386
fffe31003700360038003500,0.6476983
fffe31003800330033003300,0.5089338
fffe32003300350038003000,0.32554704
fffe33003200340035003500,0.25078568
fffe33003200350035003900,0.63613266
fffe31003800320032003200,0.4686672
fffe32003000370037003100,0.11898492
fffe3700390039003000,0.309926
fffe32003900390035003400,0.6221559
fffe32003800310039003600,0.14700592
fffe32003000340039003000,0.37883174
fffe3500300039003600,0.27214065
fffe3600380035003600,0.13820694
fffe31003000310038003200,0.059473816
fffe31003500350031003100,0.46147248
fffe3800380038003200,0.5736523
fffe31003100330034003600,0.4113094
fffe3400380031003800,0.6185225
fffe32003000330036003500,0.7552879
fffe32003100360037003200,0.33155397
fffe32003900390035003600,0.5343549
fffe31003300310032003900,0.39125347
fffe37003100,0.32199565
fffe31003100330037003100,0.23022558
fffe3400390036003000,0.60345215
fffe31003200370038003100,0.67771965
fffe3600330039003000,0.21083598
fffe31003300330036003400,0.67216045
fffe33003200340031003500,0.485509
fffe3200350038003300,0.6242321
fffe32003200330033003200,0.41159928
fffe31003700310034003100,0.35206088
fffe31003500350033003500,0.7826264
fffe32003600370036003300,0.11985775
fffe33003000370038003400,0.50513434
fffe31003300360030003700,0.5854638
fffe3700340038003800,0.7681766
fffe31003600310037003000,0.30312708
fffe31003000330039003400,0.44368586
fffe31003500380036003200,0.5462034
fffe31003800390038003900,0.46395245
fffe31003200300037003600,0.58507764
fffe32003000380038003800,0.6702543
fffe31003600340035003000,0.36252606
fffe31003800320035003300,0.63650084
fffe31003600350034003000,0.031656995
fffe390037003900,0.58851594
fffe3700350036003300,0.38425913
fffe32003500320037003600,0.28385338
fffe3300390035003400,0.40031523
fffe32003000370038003700,0.23347227
fffe3500380035003000,0.3785909
fffe31003400320036003100,0.6669551
fffe32003800370038003200,0.806251
fffe31003300340036003300,0.5918775
fffe33003100340038003400,0.42867646
fffe33003100370034003100,0.56926876
fffe3700320037003500,0.31697923
fffe33003100390030003300,0.5305808
fffe31003400390030003600,0.4285755
fffe31003400390035003300,0.76576793
fffe3300300039003700,0.60578215
fffe32003000350035003900,0.35969615
fffe32003000390039003300,0.37129122
fffe32003400370032003600,0.37673038
fffe32003200380030003500,0.08509548
fffe33003200390031003800,0.43156075
fffe31003000350036003500,0.78726065
fffe32003100370036003700,0.3163963
fffe33003200300034003600,0.66423804
fffe3500340032003600,0.593523
fffe3800330031003100,0.24425662
fffe33003200310032003400,0.5822228
fffe32003200380038003900,0.15878245
fffe31003500340033003200,0.5563445
fffe3300320035003500,0.3809853
fffe32003900350033003300,0.3071277
fffe32003000340032003700,0.39601624
fffe32003000360037003400,0.26652458
fffe32003000310037003200,0.41075188
fffe33003100380035003400,0.68608147
fffe32003200310037003400,0.37464967
fffe33003000330036003600,0.09567318
fffe3400310038003500,0.7521286
fffe33003300380030003800,0.20301868
fffe33003200330039003500,0.36275452
fffe32003600350037003300,0.56251836
fffe32003700300035003600,0.38808915
fffe3600360034003500,0.48524216
fffe33003000320031003800,0.67954206
fffe33003000370033003800,0.42963496
fffe3200340038003000,0.31450188
fffe32003100380035003000,0.27821186
fffe33003200370035003500,0.27508152
fffe3800380035003200,0.39274108
fffe31003400310035003100,0.2656545
fffe32003500310030003100,0.5249389
fffe3800320034003100,0.28989133
fffe3700300031003400,0.75092155
fffe31003700310033003200,0.41056067
fffe3700300030003800,0.27579942
fffe31003200360038003300,0.5097707
fffe3500330035003500,0.82796377
fffe31003300380035003600,0.3836411
fffe32003100310030003100,0.60801405
fffe3400370032003000,0.58326566
fffe33003400350030003700,0.42552605
fffe33003200300037003200,0.67620385
fffe33003300340036003400,0.38568822
fffe31003100360031003200,0.4896863
fffe31003900320034003300,0.5489494
fffe31003300390037003700,0.44003737
fffe32003200370030003100,0.5813813
fffe31003000360038003500,0.5288823
fffe31003700350039003100,0.515713
fffe340031003800,0.5872098
fffe31003600360032003100,0.25695693
fffe32003000350032003800,0.7167801
fffe33003000360031003600,0.37702772
fffe31003600380037003300,0.41385385
fffe32003000300033003200,0.40297678
fffe31003100350033003100,0.53826773
fffe33003300360034003000,0.5458724
fffe31003300390037003600,0.92552763
fffe32003700330033003400,0.530753
fffe31003200380038003100,0.1585524
fffe31003200330038003400,0.69493663
fffe3700360039003600,0.2692189
fffe31003400340037003300,0.34273812
fffe3800320039003400,0.35010353
fffe31003100380034003700,0.62024957
fffe32003000360034003800,0.5675201
fffe33003200370030003900,0.5453361
fffe3800350034003800,0.4043048
fffe33003200320033003600,0.35557473
fffe31003400310032003200,0.5405631
fffe31003500330039003700,0.4500568
fffe32003100350037003600,0.5828874
fffe3900360035003400,0.5865444
fffe3800340032003900,0.5490457
fffe32003200360036003400,0.5719951
fffe3300350033003600,0.56117874
fffe32003300350033003500,0.5428979
fffe32003000340033003100,0.16654779
fffe32003100370034003100,0.5820811
fffe33003400350036003200,0.23442492
fffe31003800310035003800,0.5676401
fffe31003300390035003600,0.83169127
fffe3900340034003800,0.39005077
fffe32003600390036003900,0.651179
fffe32003600370039003500,0.61858934
fffe380039003600,0.58771545
fffe3500310034003400,0.4118674
fffe32003600380034003900,0.36062765
fffe31003000340035003900,0.8482979
fffe31003600380032003600,0.25510308
fffe3400310034003400,0.7149671
fffe33003300330030003700,0.2691312
fffe32003500340038003700,0.35189447
fffe32003100340033003400,0.56752723
fffe31003900350030003300,0.41198105
fffe32003800390034003300,0.43829125
fffe32003500350033003400,0.3875026
fffe32003400370033003900,0.3609324
fffe32003500300030003700,0.71780163
fffe32003600330032003500,0.76525486
fffe32003100340032003500,0.6470618
fffe33003200320036003300,0.41954097
fffe33003400390039003200,0.020063417
fffe32003700360034003900,0.5613168
fffe31003600340031003400,0.5267668
fffe32003200310031003600,0.24801952
fffe32003700370037003800,-0.010649214
fffe31003200370038003200,0.49056906
fffe3300390033003700,0.48918745
fffe33003200330033003700,0.24997842
fffe31003800360038003600,0.25938523
fffe3800300037003200,0.2833842
fffe32003200310031003700,0.7698438
fffe32003100370031003600,0.38884225
fffe31003900310036003100,0.40311864
fffe33003400330032003300,0.26400512
fffe3400310034003800,0.13222487
fffe3900340033003700,0.74772525
fffe33003000390038003100,0.5091542
fffe32003500370038003400,0.52063257
fffe31003600300031003700,0.19858769
fffe32003000360033003000,0.5917425
fffe33003100390030003200,0.6023843
fffe32003600340033003700,0.4833144
fffe3300330033003900,0.40396243
fffe31003500310039003600,0.57513845
fffe3500390034003200,0.3706085
fffe31003200360039003900,0.26144376
fffe31003400360036003000,0.57399815
fffe31003900310030003000,0.4186081
fffe3500390031003400,0.25049123
fffe33003200330032003200,0.53145146
fffe33003400380030003400,0.47193265
fffe3500310039003400,0.18868367
fffe33003300390039003400,0.29854092
fffe32003700300038003300,0.50757843
fffe32003700320033003800,0.39640588
fffe31003800340037003900,0.23998879
fffe33003100390037003600,0.672006
fffe32003500340035003400,0.5219328
fffe32003900360038003800,0.7259577
fffe32003900340032003700,0.2895545
fffe31003700360032003700,0.36490765
fffe3600320032003600,0.36930585
fffe31003300300036003300,0.40395722
fffe31003300310034003700,0.059502486
fffe31003500300030003100,0.5458771
fffe33003100390032003800,0.4638794
fffe33003000320031003600,0.505565
fffe32003700380034003200,0.26530296
fffe3500350030003800,0.5001766
fffe33003400360032003200,0.57147175
fffe33003100330037003500,0.53390986
fffe31003400340030003900,0.38584924
fffe31003000380036003100,0.49498618
fffe32003900310033003200,0.6299035
fffe3200340036003900,0.22163415
fffe31003500360036003400,0.7153513
fffe3300300039003500,0.53850925
fffe33003300390034003300,0.39598
fffe33003400310035003500,0.20049001
fffe32003700390034003600,0.5588858
fffe3800300033003200,0.71576405
fffe31003100380033003100,0.24836405
fffe31003100360036003600,0.38980475
fffe32003300340030003600,0.58473957
fffe33003000390030003400,0.43969643
fffe31003400370031003200,0.49000964
fffe320036003100,0.48254988
fffe32003300300032003900,0.783554
fffe33003200360037003400,0.44321617
fffe3600350039003200,0.23849475
fffe32003700360033003500,0.5204637
fffe3100370032003100,0.80564255
fffe33003000370030003700,0.5327726
fffe31003500390039003700,0.5669467
fffe33003100390033003500,0.36221305
fffe31003100310030003200,0.52598214
fffe31003000350037003000,0.07550416
fffe390038003900,0.3587821
fffe32003800380039003000,0.83087206
fffe31003200390032003600,0.93343544
fffe33003000350031003500,0.49902433
fffe31003000300032003200,0.7191968
fffe3900310035003500,0.40481606
fffe310033003800,0.57577515
fffe31003500350030003500,0.27393484
fffe31003900360031003600,0.40248293
fffe31003900340033003600,0.25078517
fffe3600380037003700,0.413841
fffe3200380030003200,0.677557
fffe32003600320035003000,0.3913738
fffe32003700350034003200,0.4579864
fffe32003700320038003200,0.343435
fffe33003000350032003400,0.3712368
fffe31003700350038003900,0.20329455
fffe33003100320035003100,0.21176717
fffe3300300038003000,0.42571354
fffe31003200380038003900,0.8353151
fffe33003000380033003400,0.60267645
fffe31003500310034003000,0.42053893
fffe31003500340037003600,0.64111406
fffe33003300320038003400,0.6347066
fffe3700350030003400,0.208135
fffe3900340034003100,0.59628016
fffe3500310031003100,0.3993662
fffe31003100380031003100,0.41918173
fffe31003300340031003600,0.44822636
fffe32003800320033003100,0.45906425
fffe390030003100,0.41175142
fffe3600300030003700,0.55815774
fffe31003200350032003000,0.38206014
fffe3700340031003800,0.42896953
fffe310031003400,0.38060766
fffe3700360035003400,0.92210114
fffe31003400370037003800,0.50875753
fffe32003400360033003600,0.5355238
fffe3500370036003300,0.46197164
fffe32003700330034003100,0.5091107
fffe370035003500,0.11303297
fffe31003400380035003700,0.372656
fffe3100340031003400,0.472664
fffe33003300300035003600,0.53164196
fffe370032003200,0.2990602
fffe32003900310031003700,0.46245053
fffe3900390035003500,0.47952223
fffe31003300360032003000,0.36086017
fffe31003400340039003800,0.91314477
fffe32003800380033003700,0.34251913
fffe31003100300030003100,0.30910963
fffe33003200310034003100,0.37440723
fffe3200320031003800,0.3504748
fffe3900390032003400,0.34248233
fffe3900330033003400,0.3158616
fffe31003600330032003400,0.6246089
fffe3100350039003000,0.5817483
fffe3800300038003800,0.5243888
fffe32003400380035003800,0.23271488
fffe31003900300034003600,0.23278032
fffe3500310030003400,0.65525126
fffe33003400330037003700,0.64350605
fffe32003200380030003100,0.3888335
fffe31003200330037003700,0.25464344
fffe31003800330031003100,0.5149145
fffe3500360038003400,0.5347851
fffe32003000300030003100,0.121520795
fffe3100350039003200,0.65930015
fffe33003200310036003500,0.4070284
fffe33003100300035003500,0.31717163
fffe31003300310031003700,0.38492015
fffe3300370034003500,0.1590419
fffe33003300340036003900,0.7234449
fffe31003400390033003800,0.18314628
fffe3500380039003800,0.38586974
fffe33003400360031003500,0.6872913
fffe32003400380038003100,0.9353832
fffe32003000380037003700,0.544396
fffe3600380034003300,0.253447
fffe31003700300036003700,0.66601413
fffe33003100350036003800,0.5028313
fffe32003800320034003200,0.58056235
fffe34003800,0.63534665
fffe3200300031003000,0.24710578
fffe33003100300034003000,0.6477329
fffe33003100380033003000,0.4726262
fffe31003000360036003400,0.5384539
fffe32003200350034003400,0.2017412
fffe3100380033003700,0.4615427
fffe33003400300037003600,0.23685394
fffe31003400340038003600,0.41621464
fffe32003800350033003200,0.24603125
fffe32003100390035003500,0.38815045
fffe32003100350031003600,0.36348438
fffe33003000380030003000,0.27696344
fffe31003600340039003600,0.40104645
fffe3300350038003100,0.04623904
fffe3600370031003900,0.2714575
fffe31003000350031003600,0.16592604
fffe3300380035003100,0.49461797
fffe33003100390034003600,0.42910272
fffe32003100390030003200,0.40384936
fffe3900350030003400,0.43493348
fffe3600350035003500,0.9729264
fffe3300370030003000,0.6096361
fffe32003300340035003000,0.70779127
fffe3900320031003500,0.4074975
fffe32003400300031003500,0.44538024
fffe31003000330030003800,0.49122858
fffe31003200360035003600,0.41312605
fffe33003000360035003600,0.41507164
fffe31003200350036003200,0.2390024
fffe3700350032003800,0.7607122
fffe3100300034003600,0.7626001
fffe32003400320039003300,0.2826745
fffe3800310034003000,0.10800666
fffe33003400370037003400,0.71885115
fffe31003400330034003300,0.44537693
fffe31003500310033003400,0.40241534
fffe32003400310039003900,0.2844629
fffe31003700300034003000,0.3690427
fffe31003200390032003700,0.660841
fffe3600370033003900,0.4145887
fffe32003100340039003300,0.48421112
fffe31003900330039003000,0.1864214
fffe3700320037003100,0.5771204
fffe31003300310033003100,0.56396484
fffe32003400320035003000,0.35417458
fffe31003400390037003200,0.42323485
fffe31003300350033003500,0.21182802
fffe31003400340034003800,0.7906888
fffe32003800380034003400,0.057828214
fffe31003100370037003600,0.42649034
fffe32003200330031003400,0.4006462
fffe32003000310035003000,0.70053434
fffe32003100350035003400,0.2596896
fffe33003400390030003900,0.6481972
fffe32003100380038003200,0.5400713
fffe31003600380031003700,0.71565264
fffe33003400330033003400,0.3312901
fffe31003800300030003600,0.1743889
fffe3200360039003800,0.35313118
fffe33003300330032003400,0.40901375
fffe31003700380031003900,0.6219042
fffe32003100380039003900,0.4682126
fffe3200350032003700,0.16065203
fffe32003700310032003400,0.63081414
fffe31003100310034003800,0.21115503
fffe31003900380039003800,0.2446874
fffe32003400380034003400,0.5425042
fffe3500330034003200,0.23545411
fffe32003100320030003800,0.3606223
fffe32003200350036003000,0.19043665
fffe31003900300030003800,0.4380608
fffe31003400380031003000,0.15554091
fffe33003200320033003900,0.68971026
fffe3400330031003200,0.48147425
fffe33003000300030003200,0.50190675
fffe32003200390037003600,0.4341347
fffe3500320038003800,0.35317707
fffe32003300370030003400,0.40479952
fffe31003500390038003600,0.36211818
fffe31003800380039003400,0.8998566
fffe3200380036003200,0.039473385
fffe320038003100,0.57142144
fffe32003300350031003300,0.4980871
fffe31003700320030003000,0.55121124
fffe31003600390032003700,0.3608397
fffe33003200300035003200,0.4259878
fffe31003200300037003100,0.5778987
fffe31003900390034003700,0.26839697
fffe32003700310033003000,0.4414907
fffe31003400370036003400,0.43924984
fffe3700360031003200,0.3909228
fffe33003100340030003000,0.43400505
fffe33003200340032003100,0.65084964
fffe32003500370034003900,0.54565895
fffe31003800390033003400,0.0013591828
fffe3500330036003200,0.40846223
fffe32003200320030003500,0.5381315
fffe32003100300031003400,0.36085552
fffe3600310032003500,0.54753333
fffe31003200380031003400,0.6558683
fffe32003700390035003200,0.25834626
fffe31003800360033003900,0.69593805
fffe31003000310033003100,0.52657354
fffe3900360036003000,0.3588964
fffe3200360030003100,0.18292794
fffe31003000390039003100,0.42500886
fffe3500370034003400,0.5546346
fffe33003300330033003700,0.2846246
fffe32003400360030003700,0.39511308
fffe32003500300033003100,0.5128213
fffe32003700370031003000,0.7313857
fffe31003800390034003000,0.4688361
fffe32003500320031003300,0.25997722
fffe32003400310031003600,0.40372908
fffe3300330035003600,0.08185321
fffe31003100330038003300,0.42634478
fffe3600360034003600,0.13327502
fffe31003100340035003800,0.22952765
fffe31003500390036003800,0.28218815
fffe31003900300033003900,0.29863837
fffe31003000320035003800,0.31816655
fffe31003700390033003100,0.569221
fffe31003500390032003700,0.16554114
fffe33003100320036003300,0.39569548
fffe3600340033003200,0.5650598
fffe3800350037003900,0.65601826
fffe32003100320031003500,0.4707729
fffe31003400360039003300,0.4418881
fffe33003200370033003100,0.165442
fffe32003600360031003800,0.36900195
fffe31003900350030003200,0.48223773
fffe33003400310038003900,0.88612115
fffe32003200300032003100,0.2923937
fffe31003900380035003100,0.5312498
fffe3200320038003600,0.47483292
fffe33003300360033003700,0.13900284
fffe31003900310032003700,0.47596616
fffe32003800390030003400,0.90271413
fffe31003900390036003100,0.34542492
fffe31003800300034003600,0.61251557
fffe31003800300034003900,0.55585045
fffe31003600370030003200,0.6889864
fffe3900350035003700,0.4657759
fffe33003200390035003000,0.43253922
fffe33003100300030003400,0.24629545
fffe31003500380035003100,0.5803103
fffe31003200300037003500,0.5642797
fffe31003100350035003600,0.9669549
fffe3200350030003500,0.5928854
fffe32003400300039003300,0.34076574
fffe330036003400,0.28670537
fffe33003100370034003400,0.24246456
fffe31003800330030003600,0.52060604
fffe31003700380030003200,0.29316503
fffe31003800350038003500,0.1896041
fffe31003600380031003800,0.44232297
fffe3400350032003600,0.35836744
fffe32003800380038003200,0.7348995
fffe3200310036003700,0.386622
fffe31003400380030003900,0.4713908
fffe3800320036003600,0.57684773
fffe33003400370036003600,0.55581635
fffe32003200300034003400,0.52295107
fffe32003200340034003800,0.41105127
fffe32003500350037003100,0.46493962
fffe31003600350035003400,0.32705268
fffe32003900320036003100,0.44031456
fffe31003400380038003600,0.6550356
fffe31003800370034003900,0.5789057
fffe31003400310034003200,0.2197756
fffe31003700360034003800,0.48559457
fffe32003900340035003500,0.5071095
fffe32003200330036003400,0.61049896
fffe3300320039003300,0.38806525
fffe32003500300037003700,0.2838077
fffe32003500360033003200,0.5918669
fffe32003200360030003000,0.14976108
fffe33003300370030003700,0.6873141
fffe31003400370039003500,0.6512609
fffe3200300039003800,0.6289015
fffe33003300340037003000,0.75757855
fffe32003500320037003100,0.014879897
fffe32003100310032003300,0.48821095
fffe31003000330034003400,0.7809779
fffe33003300380033003500,0.6280973
fffe32003700380035003900,0.3781193
fffe31003100300039003700,0.41502732
fffe32003100370039003600,0.3865712
fffe31003500320039003100,0.56513137
fffe31003600310034003700,0.6072817
fffe32003800390039003800,0.60785854
fffe32003900390030003600,0.87490124
fffe31003600310035003400,0.4770557
fffe32003200340033003100,0.4395348
fffe32003500370036003300,0.35023397
fffe33003400370035003000,0.6251386
fffe33003400330039003600,0.7583426
fffe33003100360039003900,0.16049506
fffe3100390033003100,0.35117832
fffe31003300350034003100,0.56095976
fffe3900300038003600,0.4377548
fffe32003500300037003200,0.3569145
fffe31003000350038003100,0.43884048
fffe31003900380034003700,0.032824777
fffe32003800340031003900,0.4715524
fffe33003100320039003600,0.18211922
fffe33003200390031003500,0.29613847
fffe31003500320034003700,0.532438
fffe32003800340032003200,0.56875783
fffe3200370032003600,0.4402828
fffe3400370030003000,0.720954
fffe32003900390037003000,0.69034374
fffe3300360037003500,0.41706353
fffe3300390031003500,0.58703005
fffe31003400380030003100,0.40935132
fffe32003000300033003400,0.70993507
fffe32003700300037003000,0.47061995
fffe31003200390032003900,0.4974844
fffe3500360035003100,0.5529489
fffe31003700360036003200,0.50173384
fffe31003100340035003400,0.37093392
fffe3200350032003400,0.5851078
fffe32003000370032003600,0.37803012
fffe31003300380033003200,0.43221343
fffe3900370034003300,0.54848355
fffe320034003700,0.2522808
fffe32003400350034003400,0.6293536
fffe33003000320039003200,0.68980217
fffe31003100350039003200,0.5551688
fffe3300350039003000,0.93374014
fffe31003200370039003500,0.29361987
fffe31003800370039003400,0.5431593
fffe31003600360030003300,0.52368706
fffe3700300030003400,0.71578574
fffe31003500320030003300,0.42834434
fffe31003200310034003500,0.42528775
fffe3500350034003700,0.35297963
fffe3400310037003100,0.66950226
fffe3700340038003500,0.4559094
fffe31003100320035003500,0.18064788
fffe33003300310036003600,0.61974573
fffe32003800380036003700,0.32590076
fffe32003000380030003500,0.84239715
fffe3900320038003300,0.45575616
fffe3800390037003600,0.2241093
fffe33003100380036003900,0.52291083
fffe32003800340039003200,0.41952267
fffe31003900340030003600,0.39599583
fffe31003100360039003000,0.596821
fffe33003100390036003400,0.58903533
fffe31003800330030003300,0.28962535
fffe3600300032003500,0.51746905
fffe3900340034003200,0.83607817
fffe3100360032003000,0.08387156
fffe33003200350036003400,0.44521326
fffe31003200380039003900,0.738486
fffe31003800390039003600,0.35448658
fffe32003500390033003600,0.37757707
fffe33003000320033003000,0.5843457
fffe3800380034003200,0.6057748
fffe33003200320039003400,0.36194712
fffe33003100330030003800,0.371322
fffe31003200360037003800,0.121924
fffe3100310034003900,0.61134464
fffe31003900300034003300,0.32120648
fffe3700370035003400,0.5565165
fffe31003400340037003400,0.3507517
fffe3700380032003200,0.6337224
fffe31003300390032003300,0.56297517
fffe31003200370037003400,0.49607918
fffe3400310030003100,0.23497269
fffe3100320031003300,0.5735053
fffe32003000390035003000,0.6495545
fffe3300330037003300,0.27624974
fffe31003500330036003000,0.5579364
fffe32003000340039003900,0.2611359
fffe33003300330034003600,0.35975906
fffe33003300300037003100,0.5716815
fffe3500330033003000,0.956467
fffe33003400390032003300,0.6320324
fffe31003600380032003100,0.662664
fffe32003600320038003600,0.216802
fffe31003700390034003100,0.40183514
fffe31003400390031003000,0.6115146
fffe31003600370034003400,0.7444182
fffe32003100350032003800,0.21990307
fffe33003400380030003900,0.7435216
fffe3800360038003800,0.03704768
fffe3700370035003000,0.15829572
fffe31003000300037003600,0.32132664
fffe33003300360030003700,0.18248476
fffe31003600300038003300,0.6526675
fffe340039003200,0.4119207
fffe33003200360031003200,0.39964575
fffe31003600350037003400,0.8855153
fffe31003900340031003900,0.25637057
fffe31003400350032003600,0.28810686
fffe32003900360037003500,0.37778667
fffe33003400390031003700,0.46973884
fffe3400370031003300,0.33767048
fffe31003100370032003100,0.184266
fffe33003300340035003700,0.35974818
fffe31003700340038003900,0.38697523
fffe31003000300031003700,0.32517347
fffe32003000350035003800,0.40693113
fffe32003100350034003100,0.24019136
fffe3800370038003700,0.67361426
fffe31003500390032003300,0.6177745
fffe31003200340036003500,0.6685842
fffe3100360036003300,0.3819621
fffe31003500350036003700,0.22991279
fffe3300380033003000,0.05443521
fffe31003300370039003500,0.20182446
fffe3400360037003200,0.36407974
fffe3100380031003400,0.36560842
fffe33003200360033003000,0.3443585
fffe3100340032003000,0.31970018
fffe31003600390030003500,0.7697777
fffe33003000390035003000,0.5724179
fffe31003500300032003600,0.58439076
fffe32003200310034003700,0.9137098
fffe32003500310032003800,0.6135311
fffe31003000390035003900,0.44332474
fffe3900330031003700,0.10059164
fffe32003000330039003300,0.3783261
fffe3900390037003200,0.13214342
fffe32003700330039003400,0.5908469
fffe32003400340037003600,0.88269126
fffe3300310034003000,0.4706339
fffe32003800330037003000,0.52220315
fffe32003200310039003300,0.43721217
fffe3100340036003500,0.17125343
fffe32003800320034003400,0.42749232
fffe31003100370031003600,0.4129222
fffe33003300330031003000,0.36366713
fffe3600390033003300,0.4765942
fffe31003200310038003800,0.32351494
fffe3600390035003200,0.27850032
fffe3500300036003000,0.44220778
fffe31003600330033003700,0.2031682
fffe32003800380030003100,0.6356567
fffe32003900390038003500,0.46515247
fffe33003200360039003700,0.23495203
fffe33003300350035003000,0.43287593
fffe3800370036003300,0.29409653
fffe31003900360034003800,0.41647854
fffe3900360032003900,0.5685107
fffe33003200380038003100,0.6957564
fffe3600390039003800,0.27997458
fffe32003400310038003900,0.46987078
fffe3100370033003700,0.23363955
fffe3100380030003900,0.28718275
fffe3200310030003200,0.7107144
fffe32003100360032003100,0.36550632
fffe32003200390033003800,0.43462673
fffe3800360037003500,0.5144439
fffe32003400330035003800,0.05385309
fffe320039003700,0.46764618
fffe33003400390032003100,0.36262193
fffe32003600310037003900,0.66011
fffe32003700380038003500,0.41602913
fffe3900310032003700,0.5815925
fffe31003900300033003300,0.51619154
fffe33003100370031003600,0.61449814
fffe31003000330037003400,0.6140942
fffe31003400310035003900,0.1129312
fffe31003700380030003100,0.57750076
fffe32003700300036003600,0.34264553
fffe31003400360039003000,0.47361973
fffe320032003700,0.5088263
fffe31003400390035003600,0.26868555
fffe31003900370038003800,0.6026255
fffe3600370037003300,0.22493786
fffe32003500300037003600,0.4384297
fffe32003400380038003800,0.40828207
fffe32003600300030003700,0.93789524
fffe31003700300034003300,0.31237948
fffe3300320032003800,0.23260562
fffe32003300370038003000,0.52653533
fffe3300360031003800,0.60457873
fffe3900390035003200,0.74419826
fffe32003000340032003400,0.23641363
fffe3600330033003600,0.4271299
fffe3900380030003000,0.5670913
fffe32003600340037003300,0.5453365
fffe33003000390034003600,0.7556152
fffe32003400360038003500,0.1701316
fffe31003100350039003600,0.2609051
fffe31003600380033003500,0.16091263
fffe3200350036003800,0.16956757
fffe32003400350032003000,0.19784853
fffe32003100370032003000,0.35050306
fffe31003200380039003600,0.24072456
fffe3300310032003100,0.3976891
fffe3500390033003900,0.7504415
fffe32003400350033003300,0.50163144
fffe32003400390033003200,0.26562917
fffe3800320034003200,0.4356713
fffe3800310033003800,0.3013498
fffe3300310033003800,0.6913368
fffe33003300370037003600,0.3253556
fffe3500360036003100,0.3437364
fffe33003200390038003000,0.24337646
fffe33003400370036003500,0.58336157
fffe3200390036003200,0.44981366
fffe3800360032003400,0.6225987
fffe32003800330034003400,0.13397668
fffe32003500350036003300,0.58610827
fffe32003700300034003300,0.5592628
fffe3900360036003100,0.40605268
fffe32003000380035003700,0.7688739
fffe3500390032003200,0.81141025
fffe32003700380039003700,0.41129434
fffe32003500330031003100,0.46894667
fffe3200310039003000,0.51959085
fffe32003400370039003400,0.39223886
fffe31003600320037003400,0.44173983
fffe32003200360033003700,0.45201132
fffe33003200390038003900,0.65664035
fffe32003100310036003700,0.375277
fffe33003100340039003900,0.4486297
fffe33003000390034003800,0.4067909
fffe32003300330033003300,0.27022517
fffe32003400370039003700,0.43653277
fffe31003800350036003800,0.5894361
fffe31003800310033003300,0.36312795
fffe32003900380031003200,0.50874907
fffe33003000360035003000,0.3764941
fffe33003300340032003900,0.728867
fffe31003100310039003300,0.54279923
fffe31003700340036003600,0.28608754
fffe32003200300033003300,0.5642185
fffe3100350033003900,0.29040235
fffe31003900320033003100,0.4633724
fffe32003200300037003900,0.5485794
fffe32003900360030003800,0.18386681
fffe3200300031003500,0.22778013
fffe32003800320031003200,0.5695777
fffe3800380030003400,0.46370715
fffe3200360032003900,0.0059630526
fffe32003500350039003400,0.55572945
fffe31003000330034003100,0.5411084
fffe32003000330031003400,0.394745
fffe32003200360037003300,0.46660691
fffe33003400320031003400,0.55862176
fffe32003800320036003200,0.17833842
fffe31003500320036003500,0.39671916
fffe31003100340037003900,0.2478534
fffe3300330036003800,0.35028657
fffe3200350033003600,0.4256353
fffe32003100370033003500,0.5058818
fffe32003000330033003500,0.4468078
fffe31003000390039003800,0.89521056
fffe3800310031003000,0.3389135
fffe31003700310034003800,0.3197521
fffe31003200390031003800,0.55217844
fffe3400340030003100,0.24533123
fffe3800320036003700,0.32551828
fffe3500300032003900,0.49929243
fffe33003300330031003300,0.828662
fffe32003400330030003700,0.81037873
fffe33003000300034003300,0.46069837
fffe3100310035003300,0.31973216
fffe3900330031003800,0.34713185
fffe3400350034003900,0.75948673
fffe33003400340039003600,0.65508854
fffe31003600300030003600,0.49430266
fffe33003100320031003700,0.3967185
fffe32003900330030003900,0.095847115
fffe31003500320031003600,0.35811234
fffe33003000360033003000,0.60680175
fffe32003600370033003800,0.66436046
fffe31003800380032003900,0.64664567
fffe3800320035003400,0.7542115
fffe32003700390034003000,0.46021572
fffe3100370034003100,0.18010549
fffe3900320031003900,0.6955883
fffe3100310037003500,0.38626847
fffe3600340037003400,0.2973329
fffe32003600300034003100,0.59058213
fffe33003400360035003300,0.54832244
fffe3300350036003700,0.6316792
fffe31003800340031003200,0.6727889
fffe3300340038003600,0.57743704
fffe31003800390031003200,0.44074222
fffe31003100310038003400,0.50068104
fffe31003000380031003000,0.34085426
fffe33003000380037003200,0.06601762
fffe31003700320039003500,0.5060937
fffe31003200390032003500,0.34508926
fffe3300320034003700,0.59423655
fffe33003300340039003800,0.54013324
fffe3500320032003500,0.37106833
fffe3500310037003600,0.3372294
fffe3500380030003900,0.25910574
fffe3400320036003400,0.16047847
fffe3400370035003300,0.14245565
fffe33003300320030003400,0.56578493
fffe3600330035003300,0.32223642
fffe31003000310031003000,0.39913404
fffe31003000360033003300,0.5120645
fffe32003800300032003300,0.50466317
fffe32003200300038003100,0.19820167
fffe3300330039003000,0.26110628
fffe32003400330035003100,0.48088336
fffe33003400390033003200,0.6967558
fffe32003500300033003400,0.5164559
fffe31003900370034003700,0.46819285
fffe32003200340037003000,0.6333077
fffe31003700370031003900,0.63270634
fffe33003400350036003000,0.200516
fffe32003800390032003000,0.5637355
fffe31003100380030003200,0.6091447
fffe3500,0.34085566
fffe31003300300036003400,0.42028388
fffe31003700310039003600,0.4223011
fffe380038003100,0.20373255
fffe32003900310034003200,0.3625452
fffe32003800350032003100,0.22553249
fffe3900360038003000,0.51216817
fffe3900370037003600,0.40898025
fffe33003300320031003500,0.36414576
fffe32003600340033003600,0.71755433
fffe32003200320034003800,0.32338068
fffe33003300310038003800,0.40314728
fffe31003700360033003300,0.719944
fffe33003400390038003900,0.39090142
fffe32003600340032003300,0.28481153
fffe32003500300034003700,0.31852484
fffe31003100350032003600,0.33285043
fffe390033003700,0.5498432
fffe33003400330030003000,0.56263894
fffe31003200370037003200,0.5686343
fffe32003300320032003100,0.35543633
fffe330033003100,0.27991226
fffe31003500310032003700,0.390371
fffe32003800340030003200,0.49345246
fffe32003300340038003700,0.7749877
fffe32003800340038003300,0.513425
fffe3700340031003900,0.65366316
fffe31003100340032003100,0.4368592
fffe3300340036003800,0.124585904
fffe33003200320038003400,0.42300206
fffe31003800310037003000,0.63832027
fffe32003900370032003800,0.4500829
fffe32003400370031003300,0.2636484
fffe32003800320030003800,0.38862145
fffe32003600380030003600,0.03668259
fffe32003500380035003200,0.64604753
fffe32003300310039003100,0.53962547
fffe33003300390036003800,0.19616118
fffe3300360035003700,0.63193387
fffe33003400370034003800,0.052700914
fffe3300310035003400,0.23472859
fffe31003000310039003000,0.7097544
fffe31003900380037003900,0.056999397
fffe31003700300033003000,0.34899905
fffe31003600310034003500,0.07574267
fffe33003100330036003200,0.30897135
fffe3300360035003000,0.3120047
fffe32003800320033003000,0.19886209
fffe32003200320037003800,0.62492126
fffe32003200370038003500,0.6244473
fffe31003800300031003600,0.51379
fffe3700360037003200,0.72365767
fffe3700310032003200,0.30376703
fffe32003900370031003400,0.39952505
fffe3200360031003400,0.74942786
fffe35003000,0.6132971
fffe32003900360034003400,0.41185698
fffe3300330032003500,0.50632113
fffe3100340030003200,0.587248
fffe31003100360032003100,0.53183293
fffe3400360032003600,0.3071918
fffe31003400310036003000,0.5548325
fffe3500380031003800,0.56941944
fffe33003300310037003900,0.21475019
fffe32003800330038003600,0.49310833
fffe3300360039003900,0.2988966
fffe32003300320032003000,0.12977664
fffe32003500320036003200,0.7801265
fffe32003700340035003100,0.46993142
fffe31003300330031003900,0.6891935
fffe3500320037003800,0.46018094
fffe3600310039003200,0.4081562
fffe31003900340037003100,0.6642917
fffe33003300310033003500,0.02292446
fffe32003000330039003500,0.14438076
fffe31003300330036003000,0.5032955
fffe32003300350030003900,0.36039153
fffe31003400330035003100,0.3000422
fffe3100340034003300,0.3967813
fffe350031003100,0.68111545
fffe31003600360038003700,0.58547264
fffe31003900380030003200,0.5852525
fffe33003300300030003400,0.17596984
fffe31003700350030003500,0.45531246
fffe32003200340038003300,0.73795336
fffe31003900340032003800,0.6127446
fffe32003700350032003300,0.46304896
fffe31003000330036003300,0.33925438
fffe3900340035003400,0.5698483
fffe32003500360039003300,0.422838
fffe3300370031003600,0.5191193
fffe3200380031003500,0.34781238
fffe3400390035003100,0.20211974
fffe31003800330037003500,0.41890228
fffe31003900390034003100,0.5643464
fffe3600360039003500,0.5907757
fffe31003000380035003600,0.29207826
fffe31003100370034003700,0.48390424
fffe3100330032003300,0.40137684
fffe31003900330031003400,0.8005579
fffe31003200360030003300,0.42598033
fffe33003000350036003600,0.60469884
fffe31003800370034003600,0.5347246
fffe32003900310037003100,0.39579284
fffe32003800380035003600,0.86871797
fffe3500310031003400,0.3934091
fffe32003700300037003500,0.5370809
fffe31003200310030003900,0.33853295
fffe33003000320037003300,0.23819365
fffe31003700330037003100,0.15228562
fffe3600330037003700,0.55891794
fffe32003000360036003800,0.6409878
fffe3400310036003000,0.5274787
fffe31003600330034003900,0.5741709
fffe32003500300035003000,0.3893387
fffe31003300320033003400,0.7132374
fffe3700330037003300,0.43266833
fffe33003300320037003200,0.6017909
fffe32003900320036003300,0.7652921
fffe3300350035003900,0.43682063
fffe31003500330038003600,0.44326925
fffe32003300330030003600,0.5901691
fffe33003400340033003800,0.18722633
fffe3200360038003900,0.55050766
fffe33003000390031003200,0.4564626
fffe3100390039003900,0.4505989
fffe32003100350034003000,0.08505378
fffe3800350032003300,0.8303505
fffe31003200390038003600,0.5960584
fffe31003900310032003200,0.37764448
fffe33003000300033003100,0.37973022
fffe3500380033003300,0.16175061
fffe31003200390035003600,0.5044208
fffe3400340035003200,0.92413884
fffe31003800370039003500,0.2897684
fffe32003700380037003900,0.18359554
fffe33003100380034003100,0.52924603
fffe32003600380030003900,0.74300283
fffe32003100350039003300,0.8481013
fffe32003500370032003900,0.6023777
fffe31003200300035003800,0.74822515
fffe32003200370038003400,0.23905256
fffe31003000330036003100,0.29864955
fffe32003700350034003100,0.82905006
fffe33003000380030003300,0.41237712
fffe3100340035003500,0.52571476
fffe33003400340039003700,0.3917132
fffe33003300310031003900,0.29765928
fffe32003100320032003400,0.43840462
fffe3700340031003700,0.1611884
fffe33003200340034003400,0.6122889
fffe32003000390038003300,0.12598944
fffe3100310035003700,-0.0057236245
fffe31003300330036003900,0.7945153
fffe31003400300032003400,0.57934934
fffe31003800350030003200,0.19166104
fffe33003300340037003600,0.79714584
fffe3100360036003800,0.57716256
fffe3400370038003700,0.7040714
fffe33003300300039003500,0.56217575
fffe32003400390033003900,0.5357412
fffe33003200320030003600,0.6045523
fffe3300340033003200,0.37864304
fffe3400310032003100,0.49030274
fffe31003700360037003200,0.17374042
fffe32003200360031003300,0.08443361
fffe3100330038003300,0.45601285
fffe31003800360035003500,0.59431964
fffe31003900350032003400,0.56172454
fffe32003300320032003400,0.76037854
fffe31003800340033003500,0.2250405
fffe310036003400,0.66348577
fffe32003700380030003500,0.23326834
fffe32003400370038003700,0.37997234
fffe32003200390035003800,0.55145705
fffe32003000370035003400,0.4149927
fffe32003800350035003200,0.53711224
fffe32003200350030003400,0.31022152
fffe31003700390033003900,0.82337946
fffe320038003700,0.41994298
fffe32003900370037003900,0.5665005
fffe3500300035003900,0.36547953
fffe360035003900,0.3901662
fffe33003300360034003600,0.44847947
fffe3900330036003500,0.5732252
fffe3800390039003800,0.6180672
fffe32003100350030003800,0.88883823
fffe31003300390036003100,0.3653289
fffe3200390038003400,0.6215669
fffe3200390034003700,0.26059765
fffe32003100360037003700,0.7849884
fffe32003300380030003700,0.39524737
fffe3900300037003600,0.42240787
fffe32003500340037003900,0.24236889
fffe32003600360033003900,0.6187823
fffe31003100310033003100,0.5152037
fffe33003000390033003600,0.1779129
fffe32003000330036003100,0.4259946
fffe31003400330031003500,0.7528667
fffe32003900350030003300,0.38833636
fffe32003100320033003900,0.5682928
fffe33003200370035003600,0.4356747
fffe32003200390034003300,0.24002734
fffe32003300330035003400,0.4604236
fffe31003900370032003500,0.36226547
fffe33003300380038003500,0.5888207
fffe3200380035003100,0.45731235
fffe32003200380037003100,0.32333574
fffe32003700390039003900,0.57401514
fffe3200370038003700,0.89461005
fffe33003100390032003200,0.42148194
fffe32003300320034003100,0.61007154
fffe31003400350038003200,0.51994246
fffe340038003400,0.5508993
fffe3900370033003000,0.2709795
fffe32003300310036003300,0.64956295
fffe33003200340038003700,0.30009145
fffe32003700310038003000,0.3644164
fffe31003300390035003300,0.007520445
fffe31003600370036003700,0.3347262
fffe31003900360035003300,0.54372376
fffe32003900330038003700,0.17163818
fffe370035003000,0.50386083
fffe31003600310037003500,0.41780454
fffe31003000330039003600,0.23283558
fffe33003200330033003100,0.21563974
fffe33003000380032003400,0.54639107
fffe3300370038003100,0.35496053
fffe340038003900,0.38136247
fffe330038003300,0.64344215
fffe33003000330039003300,0.37998754
fffe32003500330035003700,0.3396576
fffe32003800,0.5919586
fffe3600360032003000,0.45379025
fffe33003400320037003800,0.51056415
fffe3400370030003500,0.27234763
fffe31003600340035003700,0.39579526
fffe32003900310030003500,0.8065779
fffe33003000300038003800,0.28281084
fffe33003300390032003800,0.66031873
fffe31003600320039003000,0.20312944
fffe31003500320039003000,0.43455836
fffe3300350039003400,0.52470505
fffe31003600310035003200,0.46645662
fffe33003400380033003600,0.37828454
fffe32003000300031003900,0.57840633
fffe32003200380031003100,0.44687915
fffe3400350033003500,0.2775038
fffe32003300370038003700,0.3504047
fffe32003400340036003400,0.41999084
fffe31003700380033003500,0.3955265
fffe31003700330035003100,0.25537667
fffe33003100310030003300,0.5771068
fffe31003600350032003900,0.37575454
fffe31003400320032003000,0.64232737
fffe32003400370037003000,0.53504914
fffe31003700350032003700,0.27397025
fffe31003000380035003500,0.40589112
fffe3700360031003300,0.118405536
fffe31003300320034003300,0.36542535
fffe33003100330030003400,0.17117928
fffe3600300033003100,0.52096474
fffe31003100340037003200,0.24046119
fffe390033003400,0.37912083
fffe3700320038003300,0.57028043
fffe3500380031003300,0.41758645
fffe33003300300038003400,0.6502736
fffe31003400330032003500,0.58004624
fffe33003300340038003400,0.58775455
fffe32003300350035003800,0.6857121
fffe3700300035003100,0.38350615
fffe31003900310038003800,0.51395804
fffe33003400320037003900,0.60963804
fffe32003300340031003300,0.58946234
fffe3400340031003600,0.58771497
fffe31003000320037003100,0.33368608
fffe31003500360033003400,0.63849473
fffe3800390039003100,0.59665215
fffe31003700380037003600,0.2378666
fffe31003800380038003400,0.5068751
fffe33003300350033003400,0.026076011
fffe33003200370036003300,0.5244124
fffe3100300033003500,0.09613782
fffe32003500320033003600,0.63671625
fffe32003000370033003000,0.5425934
fffe31003900370034003600,0.751647
fffe3800370035003700,0.27198273
fffe33003300300031003300,0.65804386
fffe33003200390032003800,0.5916569
fffe3800340030003400,0.124622665
fffe31003500310032003500,0.58952296
fffe3300320036003200,0.4929153
fffe3500340030003500,0.39988813
fffe31003000340033003500,0.68401635
fffe3400300030003900,0.32476428
fffe31003100390032003100,0.3223624
fffe31003800390031003600,0.12886569
fffe31003600350038003000,0.44455704
fffe31003100370035003500,0.31926265
fffe32003100340036003400,0.42936
fffe33003200370033003500,0.5322184
fffe33003100370031003300,0.5169635
fffe32003500330039003800,0.5181955
fffe33003000350034003300,0.8127958
fffe32003600360032003300,0.7560766
fffe3300330031003500,0.48727888
fffe3900390039003300,0.56280905
fffe32003700340032003700,0.4376838
fffe32003500300031003200,0.3082863
fffe3300310030003900,0.031318776
fffe3800310034003400,0.06178365
fffe31003700380033003400,0.31646928
fffe3500360034003500,0.9196754
fffe3200360030003300,0.23165303
fffe31003600350034003700,0.73290527
fffe380033003300,0.5235763
fffe32003800310036003800,0.3291746
fffe33003400350034003000,0.1256139
fffe32003400360034003700,0.3920349
fffe33003400350038003500,0.30629036
fffe3900360032003300,0.59445804
fffe32003400380033003000,0.25029653
fffe31003100380032003100,0.28564805
fffe3500380038003700,0.581921
fffe32003200360030003700,0.5447584
fffe31003500360038003800,0.3802562
fffe33003400330037003400,0.57137036
fffe3900310037003800,0.5899854
fffe32003400300030003300,0.37701625
fffe32003800320039003800,0.29232708
fffe33003300300035003400,0.54173404
fffe3700330036003600,0.5686217
fffe31003200360030003100,0.79370856
fffe3500390030003100,0.0178216
fffe3600350036003800,0.40566155
fffe3500360034003100,0.50694764
fffe33003300320032003400,0.4717152
fffe32003000350034003400,0.409243
fffe31003500340036003500,0.29088342
fffe33003200340038003600,0.13871428
fffe3500350036003200,0.55606335
fffe31003300320032003600,0.37989601
fffe33003000300039003400,0.17962521
fffe33003400330034003400,0.4099126
fffe3800330031003600,0.73842674
fffe3800370030003600,0.26502085
fffe32003700360034003500,0.537761
fffe3600380034003100,0.5754076
fffe3200360036003600,0.33891404
fffe31003700340037003900,0.68053025
fffe3400320032003700,0.41782784
fffe31003900330034003900,0.18463948
fffe31003100330037003200,0.09017716
fffe3300390031003100,0.13781375
fffe32003600380037003300,0.28612992
fffe3200380034003400,0.6384903
fffe31003600340030003300,0.041791078
fffe3400300032003000,0.7172072
fffe31003700390031003800,0.37966365
fffe33003300380036003100,0.7115919
fffe31003200390033003200,0.1683895
fffe33003300310034003300,0.5970453
fffe3100320037003100,0.45586076
fffe33003400300039003200,0.26094317
fffe33003300300032003600,0.42387176
fffe32003700310033003300,0.761635
fffe31003000340030003700,0.41291788
fffe31003300340031003100,0.5696125
fffe31003900330034003800,0.21158709
fffe32003300350037003700,0.46074316
fffe3900300036003100,0.22182135
fffe3400340033003900,0.5059199
fffe31003400380030003800,0.24046339
fffe3400390030003000,0.119710945
fffe31003200330030003000,0.5452412
fffe32003700300038003600,0.80008614
fffe31003600310035003000,0.3521822
fffe32003300350030003700,0.5060409
fffe3900300033003600,0.60451657
fffe33003300300034003400,0.038837995
fffe31003200300033003500,0.2987652
fffe32003100320031003100,0.7741701
fffe31003400380031003500,0.44628406
fffe31003200380033003800,0.54791766
fffe33003400360032003700,0.24105719
fffe32003400360031003300,0.91247207
fffe31003400310036003100,0.3938762
fffe33003200380030003700,0.28615198
fffe32003900330033003800,0.8183239
fffe32003400360037003600,0.57419896
fffe33003200310030003000,0.5341562
fffe31003600380033003600,0.38664958
fffe3700300030003700,0.44379094
fffe31003900370030003500,0.7089115
fffe31003000350032003200,0.5649448
fffe31003500370038003700,0.54797786
fffe32003500330037003000,0.059700295
fffe31003200310031003300,0.4187077
fffe31003800330036003100,0.6038813
fffe31003200390034003300,0.29808232
fffe33003400370032003200,0.5026987
fffe33003200310033003700,0.6465542
fffe3300310031003900,0.19803657
fffe32003000300039003600,0.0122589795
fffe32003800300037003000,0.20598112
fffe32003100300039003000,0.3968287
fffe310035003700,0.43493378
fffe340035003500,0.04354357
fffe33003000320039003800,0.6734257
fffe31003800330032003700,0.24558988
fffe3600300038003100,0.51082766
fffe32003700310036003200,0.6780775
fffe31003000380030003200,0.19797704
fffe32003200370038003700,0.12492268
fffe33003000350032003100,0.5970595
fffe3100300031003900,0.42814702
fffe31003000330034003800,0.19948255
fffe32003700340030003200,0.74787563
fffe32003900380036003600,0.13948081
fffe32003200390031003800,0.31789503
fffe33003200300038003700,0.81067216
fffe3700330031003300,0.61487496
fffe31003500390038003800,0.6399224
fffe31003800340035003100,0.49043834
fffe3800330030003900,0.56231636
fffe3200330035003600,0.2618896
fffe3700330037003700,0.23893443
fffe33003200370036003900,0.47616184
fffe31003800360035003900,0.711612
fffe32003900380039003900,0.32461816
fffe32003200360034003800,0.2561083
fffe31003800320038003700,0.5393706
fffe33003000300036003000,0.5965762
fffe33003300330036003600,0.76838404
fffe3800330030003000,0.5217985
fffe32003600390037003400,0.6701764
fffe3300380033003700,0.3567766
fffe31003900340035003500,0.327368
fffe31003300380039003800,0.5725511
fffe31003400330030003300,0.43240938
fffe3800340037003600,0.82301354
fffe31003000320030003300,0.5177006
fffe3900330035003100,0.91171813
fffe33003100350032003100,0.8206042
fffe31003900320035003700,0.4383437
fffe3500320038003000,0.283871
fffe32003100310036003400,0.19324374
fffe32003100390031003400,0.64769846
fffe33003000350037003800,0.39487612
fffe31003200340031003900,0.38324806
fffe3100300032003200,0.3274251
fffe33003100340038003900,0.22927631
fffe32003600380036003700,0.61404437
fffe31003500360038003300,0.40714708
fffe32003900360035003600,0.433006
fffe32003000380035003100,0.50567096
fffe32003500370033003100,0.61812836
fffe33003400330034003800,0.6187821
fffe31003100380033003500,0.40656176
fffe33003300350034003700,0.40470758
fffe31003000300031003100,0.097954236
fffe33003400330034003000,0.77332485
fffe32003000310031003100,0.40577656
fffe3500300033003500,0.4848579
fffe32003500350031003200,0.38740885
fffe31003000380033003600,0.7205311
fffe31003200310034003600,0.14970443
fffe31003000370036003700,0.4474215
fffe31003200390037003100,0.5320543
fffe32003200390030003300,0.5194232
fffe31003300370039003600,0.68745977
fffe32003800360037003900,0.765819
fffe32003100390030003700,0.592453
fffe32003000320033003900,0.44726565
fffe32003100320036003000,0.6837571
fffe33003200340036003600,0.03264576
fffe31003300330030003100,0.8214419
fffe33003100380036003500,0.5603162
fffe3300310032003200,0.110608615
fffe32003200340032003000,0.59234667
fffe31003000330035003500,0.6071804
fffe3200310032003500,0.57575256
fffe31003900330031003200,0.44902667
fffe3800320033003300,0.5641314
fffe32003600390039003200,0.79106003
fffe32003600370034003700,0.47359967
fffe33003200360035003100,0.61414033
fffe32003300380031003200,0.55381924
fffe32003300390030003000,0.49736175
fffe31003000320038003700,0.3417881
fffe31003600390032003800,0.4199733
fffe31003300390032003900,0.19600782
fffe31003500380037003700,0.5539744
fffe3600380039003300,0.48419818
fffe33003100310039003500,0.61991465
fffe3800390030003600,0.21206655
fffe32003800380036003400,0.46307173
fffe31003300320039003400,0.32605907
fffe32003600340034003200,0.5471878
fffe33003400350039003200,0.46243134
fffe3600340030003900,0.611419
fffe31003800310039003300,0.6362604
fffe31003800330033003600,0.36330754
fffe33003400360035003500,0.722369
fffe31003100310031003700,0.36336002
fffe31003000390032003700,0.5162065
fffe3100360034003900,0.38076207
fffe3100380038003400,0.25065264
fffe33003400370031003100,0.54617596
fffe32003400330035003600,0.26467413
fffe32003300360035003900,0.69862074
fffe3400390034003400,0.71610737
fffe31003600360033003700,0.45558825
fffe31003500310038003600,0.3687112
fffe31003300360036003400,0.5403188
fffe3500380037003900,0.7488564
fffe31003000340037003800,0.4459472
fffe3400330036003600,0.8227452
fffe3600360038003800,0.19724482
fffe31003600390030003800,0.3422311
fffe32003900310038003400,0.4876588
fffe31003600380032003900,0.3856534
fffe32003700350034003700,0.5774221
fffe31003000390037003600,0.13742366
fffe33003100320031003200,0.53510976
fffe32003900350038003600,0.58126813
fffe3200370033003100,-0.005838132
fffe33003200340037003400,0.26591477
fffe32003000360032003500,0.48738584
fffe33003200340037003000,0.5146498
fffe32003800350037003800,0.027503258
fffe3400330032003400,0.7425551
fffe3100330037003700,0.089221686
fffe3700320036003500,0.32432136
fffe32003800320034003500,0.62850666
fffe32003400370033003200,0.8472788
fffe31003000380038003400,0.3764859
fffe3800360036003600,0.68991774
fffe3500360033003000,0.4977316
fffe31003800310034003000,0.31836262
fffe3100310031003900,0.007347116
fffe31003600310037003200,0.43112984
fffe32003400310035003900,0.3601507
fffe32003600340032003600,0.58253866
fffe3500370035003700,0.19384809
fffe32003600300037003600,0.20935485
fffe32003200310034003300,0.8263241
fffe32003700380030003100,0.5118359
fffe3800320034003700,0.017104063
fffe32003000380036003600,0.414782
fffe33003200340031003400,0.7076021
fffe32003000310030003800,0.24081752
fffe340036003800,0.75624025
fffe32003000320033003500,0.41227642
fffe3700380039003400,0.4622944
fffe3800310036003800,0.4075828
fffe3600360036003400,0.6149702
fffe32003600300035003800,0.42258123
fffe32003700310037003900,0.7290119
fffe31003700360033003700,0.5112267
fffe32003600360039003500,0.5092726
fffe3600380037003900,0.4183069
fffe32003900380039003700,0.5969798
fffe32003000370031003100,0.30989796
fffe32003700330038003200,0.33877206
fffe31003600330034003700,0.35396147
fffe31003900300036003700,0.20498355
fffe33003100350034003300,0.35563454
fffe32003000380031003900,0.6043521
fffe31003700340034003000,0.48515707
fffe31003300330039003800,0.92348486
fffe31003200350030003200,0.5541259
fffe31003800300035003800,0.52985716
fffe31003500380033003600,0.80008966
fffe3400380036003500,0.5487018
fffe31003500390032003800,0.29428464
fffe3500320039003400,0.15046485
fffe33003400360030003200,0.55853665
fffe31003600360035003700,0.53656095
fffe31003000330037003900,0.57926446
fffe3300380034003900,0.2232064
fffe3600370033003300,0.8006038
fffe33003200300030003100,0.22326182
fffe31003700380030003600,0.44869205
fffe33003000350038003900,0.3383191
fffe350032003000,0.6149458
fffe3600310033003700,0.4317121
fffe31003300320036003800,0.54373395
fffe32003400340039003300,0.4956484
fffe3100350032003200,0.4461605
fffe32003800340037003500,0.5085904
fffe3900370039003100,0.4189395
fffe31003700390033003300,0.4577571
fffe32003600350033003000,0.5326405
fffe32003400380030003000,0.2804359
fffe33003300350032003500,0.4659665
fffe31003900370039003600,0.0063181813
fffe3900360034003200,0.5784197
fffe3600380035003100,0.24524175
fffe31003600380030003200,0.48545554
fffe31003300300039003100,0.029006695
fffe33003200340039003700,0.5364042
fffe31003700360037003000,0.191165
fffe3800320032003400,0.34139585
fffe33003400380032003500,0.11448208
fffe31003700310037003100,0.1104323
fffe31003200360031003600,0.42247257
fffe32003800380035003100,0.20610549
fffe370032003000,0.302249
fffe31003600320035003100,0.7250001
fffe31003800350031003100,0.46672913
fffe3100330030003800,0.48270407
fffe32003800310038003600,0.29004207
fffe31003600340038003000,0.5557943
fffe33003400360030003400,0.66105443
fffe3700300039003900,0.57874286
fffe33003100350038003300,0.1057155
fffe32003900320035003200,0.5566518
fffe33003400310038003100,0.38222522
fffe31003800310030003300,0.13444468
fffe33003200390032003900,0.23338148
fffe32003300350039003900,0.3869092
fffe31003800350039003600,0.4986066
fffe32003200360030003300,0.4549265
fffe33003200350037003700,0.77185416
fffe32003100350035003800,0.6290009
fffe31003700300037003000,0.57792103
fffe32003200380039003900,0.5834718
fffe32003300300033003700,0.46431366
fffe31003100370031003500,0.4460966
fffe31003100350032003400,0.6292345
fffe31003400350038003500,0.4001859
fffe33003000300038003600,0.32195815
fffe31003400380036003400,0.19844036
fffe3200350035003900,0.708836
fffe33003000320033003100,0.48138225
fffe33003200330038003200,0.41458884
fffe3200380033003300,0.7373323
fffe3900380032003900,0.76802903
fffe3600360038003300,0.26291302
fffe33003300350034003200,0.7394919
fffe3200330039003300,0.2383225
fffe3400340036003900,0.4750952
fffe31003800360030003400,0.6869424
fffe31003700320038003500,0.65921444
fffe32003100320030003400,0.46562505
fffe32003800320037003500,0.4235037
fffe3100390034003500,0.35026467
fffe3900350030003100,0.61928266
fffe32003300380039003100,0.020456083
fffe32003400330039003800,0.61207145
fffe31003800370031003500,0.6104511
fffe33003300370035003400,0.39637968
fffe31003600330035003600,0.64337844
fffe31003100380035003100,0.55110836
fffe3900360033003000,0.32045263
fffe32003100300031003900,0.6836795
fffe31003200370034003700,0.7774506
fffe32003100330030003900,0.78530306
fffe31003000330039003200,0.22984566
fffe3300350033003800,0.5831285
fffe31003600350037003200,0.4576744
fffe32003800310039003300,0.20250562
fffe31003500380038003700,0.4060068
fffe33003100330037003800,0.17524639
fffe32003100350030003900,0.3967774
fffe3700350035003300,0.37182915
fffe3800350030003000,0.50273365
fffe3400350035003900,0.4718492
fffe3800390035003900,0.26007476
fffe33003400390037003500,0.18085194
fffe3300340035003500,0.55676854
fffe3500330031003400,0.41983292
fffe31003000330037003800,0.2749198
fffe33003300330037003300,0.7487988
fffe31003200340031003500,0.44122282
fffe3600360036003300,0.72051924
fffe33003200380033003700,0.64314324
fffe32003100330033003000,0.49593055
fffe33003100380033003300,0.27359068
fffe33003100350032003600,0.56390446
fffe32003500340032003900,0.52275133
fffe32003700390038003400,0.55892974
fffe31003600330037003900,0.4150106
fffe3700340031003300,0.24949938
fffe32003700360038003300,0.101377144
fffe3400320033003800,0.44895303
fffe3600320034003500,0.61330307
fffe31003300310038003600,0.6261767
fffe31003500330037003000,0.21532415
fffe3800380037003300,0.5040066
fffe33003200300034003400,0.37225586
fffe3800310034003100,0.3628459
fffe32003800340032003800,0.6105726
fffe360038003600,0.6740912
fffe33003000350036003000,0.4158587
fffe31003500300032003900,0.66313833
fffe31003300360033003100,0.86170983
fffe32003900310038003500,0.69069964
fffe31003400320030003600,0.27486742
fffe3700360036003300,0.52531195
fffe3300330033003200,0.69799215
fffe3300380036003700,0.32860264
fffe31003200390031003600,0.21981959
fffe3200390032003800,0.5183012
fffe33003100380033003100,0.3291522
fffe33003300300033003200,0.5032613
fffe32003400390031003100,0.5136944
fffe32003000330031003300,0.58595294
fffe31003700370036003500,0.008109407
fffe32003800350031003600,0.13247398
fffe33003400330030003300,0.22678322
fffe33003400330032003700,0.48802522
fffe31003800330038003700,0.25615332
fffe31003500350039003500,0.68998927
fffe31003600390037003200,0.6591935
fffe3200380037003000,0.28312227
fffe32003200380030003900,0.5519795
fffe3700360030003200,0.22251785
fffe32003900340038003400,0.4164409
fffe32003800390039003500,0.33090594
fffe31003300320031003100,0.27396005
fffe32003500300036003200,0.6849533
fffe3900360038003800,0.4659901
fffe32003600330033003500,0.3653201
fffe32003200310032003300,0.11326974
fffe3700320031003100,0.64974767
fffe32003500340039003400,0.072918214
fffe33003400350037003800,0.32876912
fffe3400370037003900,0.4535224
fffe31003400390039003400,0.25505218
fffe32003300340031003200,0.3408352
fffe380038003200,0.5741573
fffe31003100330035003400,0.0047989474
fffe3400320035003900,0.5869013
fffe3500360037003400,0.74552435
fffe32003400350036003600,0.4418157
fffe32003900310034003900,0.90100396
fffe31003000300038003400,0.50516367
fffe3900350037003700,0.19618438
fffe31003500300036003000,0.6457235
fffe390035003900,0.59740853
fffe32003400390032003100,0.6020663
fffe3200350037003900,0.23076314
fffe31003000380034003700,0.3660441
fffe31003100360037003500,0.35516575
fffe3600310034003600,0.47072184
fffe32003000330039003100,0.605381
fffe31003100320037003100,0.3810658
fffe31003000380033003300,0.5594591
fffe3700340039003300,0.115421884
fffe32003100340030003700,0.50951207
fffe32003800340032003000,0.72225314
fffe32003300320031003300,0.45965543
fffe32003500350034003300,0.6030284
fffe3600300037003600,0.30590367
fffe31003100330037003400,0.6118917
fffe3600390033003600,0.596294
fffe32003900320031003700,0.21503414
fffe3900320038003100,0.40851334
fffe32003400330031003300,0.38477576
fffe3100300039003000,0.6289379
fffe32003800320034003700,0.69239926
fffe32003500300032003900,0.22421929
fffe32003400370033003300,0.37277588
fffe3500330035003300,0.708619
fffe32003700370035003200,0.49190333
fffe3300330038003800,0.60294324
fffe32003900370030003400,0.06482706
fffe370037003400,0.1288981
fffe33003300340037003100,0.49811354
fffe3600320035003500,0.44265872
fffe33003200330031003300,0.9807829
fffe31003900350030003100,0.21339752
fffe31003000350037003500,0.33332878
fffe32003300310038003300,0.23688723
fffe32003800360038003500,0.33447608
fffe3200370031003300,0.26468253
fffe32003300310039003800,0.20780471
fffe3200320030003400,0.6491994
fffe32003200380033003200,0.30103627
fffe31003500370033003200,0.7471876
fffe31003900360032003200,0.6315528
fffe3900380039003500,0.24299513
fffe32003100390032003600,0.6950385
fffe32003800390037003700,0.52709556
fffe3800340031003100,0.241063
fffe33003300370031003200,0.52069914
fffe3900390032003300,0.57201415
fffe33003200390033003800,0.5819018
fffe350035003300,0.5613049
fffe32003500300030003600,0.7253631
fffe31003100350039003100,0.40857613
fffe3500370039003000,0.3939761
fffe33003000300035003200,0.48580703
fffe3200350031003700,0.6557202
fffe3800360032003700,0.38873446
fffe31003900370033003400,0.837537
fffe33003000330038003600,0.45512724
fffe3100320034003000,0.32061377
fffe32003800370038003500,0.5234939
fffe31003400360035003400,0.60362655
fffe33003200380033003500,0.14889124
fffe32003600300034003300,0.41894832
fffe31003000300038003100,0.22707509
fffe3200300037003200,0.7655618
fffe33003100350036003700,0.46423006
fffe33003000360038003200,0.38396913
fffe3200330035003000,0.5721901
fffe31003100320035003800,0.13479233
fffe31003700310035003300,0.89455885
fffe3600330038003500,0.39691004
fffe3100300035003100,0.55971813
fffe3800300033003800,0.3488053
fffe3200300032003200,0.9607121
fffe32003200330031003100,0.6633553
fffe32003700310031003500,0.30004787
fffe3200340039003400,0.34759086
fffe3400350034003800,0.1898714
fffe33003200390038003100,0.6500727
fffe33003300300034003900,0.32678458
fffe32003900390030003800,0.42122364
fffe32003400330030003000,0.24565789
fffe32003200370037003300,0.7600751
fffe31003300380031003400,0.72393936
fffe3400380037003400,0.5598967
fffe31003700370031003100,0.86716515
fffe31003400370037003000,0.17905872
fffe390036003600,0.30331585
fffe32003200340034003200,0.44306886
fffe32003800350032003400,0.46929076
fffe32003700340037003200,0.6093382
fffe32003100320037003000,0.330198
fffe3400360033003300,0.38000247
fffe3400370035003800,0.4071156
fffe32003400380036003400,0.3336796
fffe32003700350033003400,0.62913525
fffe3700390039003400,0.53875947
fffe32003700360038003500,0.47211653
fffe32003400340034003600,0.34678814
fffe32003400360030003800,0.4044858
fffe3400300030003200,0.2803952
fffe32003900330037003300,0.28937054
fffe31003200300031003400,0.48044127
fffe3600340036003500,0.50916064
fffe3500380037003800,0.32950512
fffe33003100360034003800,0.46438834
fffe31003100300032003500,0.5623155
fffe32003200340038003200,0.6437009
fffe32003600380036003300,0.2269887
fffe31003600370033003800,0.6084664
fffe31003200370035003500,0.24042185
fffe33003400300033003400,0.5980579
fffe32003500330038003200,0.556643
fffe31003700360037003600,0.20920275
fffe3100380038003000,0.19974133
fffe32003200350031003600,0.3663545
fffe32003100360034003900,0.3370378
fffe31003700330031003700,0.2553898
fffe32003200360034003100,0.54779756
fffe32003200310039003700,0.3791258
fffe32003000350036003800,0.47507605
fffe3100340038003200,0.59132236
fffe32003800350039003900,0.56007123
fffe31003400390034003300,0.3459406
fffe31003200350033003900,0.41787484
fffe33003400390036003500,0.58726346
fffe3200340036003000,0.6297362
fffe340030003100,0.4586965
fffe33003000380034003700,0.44091251
fffe33003000390039003800,0.40037027
fffe32003200310038003100,0.13160104
fffe31003400320039003000,0.5160149
fffe32003100370036003200,0.25801876
fffe31003900320037003900,0.4844526
fffe32003800330039003600,0.56172454
fffe31003300390035003500,0.28826028
fffe3200310037003300,0.7999066
fffe3300300033003000,0.33365473
fffe3700340036003800,0.42160058
fffe32003300310035003600,0.41243747
fffe33003300340033003900,0.29245156
fffe3700330033003300,0.59726715
fffe3900350031003500,0.39298025
fffe31003600320030003500,0.5345343
fffe31003500370036003400,0.061699703
fffe32003600350039003400,0.36757988
fffe32003100350039003500,0.42895606
fffe3600310034003100,0.11134252
fffe32003500370031003100,0.2695759
fffe32003200330037003200,0.5657491
fffe33003400310039003900,0.3962069
fffe31003300380037003100,0.51971126
fffe330030003200,0.5840142
fffe32003600370032003400,0.14254688
fffe31003100380034003800,0.10922613
fffe31003700340037003000,0.7403786
fffe3500330033003400,0.62811023
fffe3100370030003700,0.413711
fffe32003500330032003600,0.24156636
fffe31003500330032003100,0.42222834
fffe33003400300033003600,0.3287548
fffe3700320035003000,0.70802665
fffe31003900360030003400,0.85082614
fffe320035003300,0.18582262
fffe32003200360038003700,0.1515444
fffe32003500380030003800,0.018050069
fffe31003600380036003100,0.54787874
fffe3600310039003500,0.64181644
fffe32003700310033003200,0.2781748
fffe33003400380034003500,0.7848272
fffe3700370032003500,0.45189503
fffe31003200340038003200,0.4184512
fffe3600380037003300,0.43912935
fffe31003100320033003400,0.5112531
fffe33003200310037003600,0.31086913
fffe3500370036003900,0.3827355
fffe3400310039003100,0.58398527
fffe32003100360035003200,0.55559486
fffe32003900310033003500,0.16033636
fffe32003300320031003900,0.55851346
fffe32003500360031003900,0.4292252
fffe32003600310036003200,0.4476111
fffe31003800340038003600,0.46401697
fffe3500330035003400,0.41684505
fffe3900360034003500,0.40540484
fffe32003800360039003100,0.25821656
fffe340039003300,0.58992064
fffe3600380033003500,0.1126957
fffe31003000380036003300,0.11458356
fffe32003100370037003200,0.2633222
fffe3600370033003700,0.11777621
fffe3400350032003400,0.19791842
fffe32003900350032003800,0.5733982
fffe3900300033003000,0.53002167
fffe3600340037003800,0.4132005
fffe3300380032003300,0.58082485
fffe33003400340035003700,0.4512233
fffe32003500370037003500,0.31914517
fffe3400370033003300,0.42268908
fffe33003000390030003500,0.12315598
fffe32003900350039003400,0.08285865
fffe32003700300031003600,0.5448184
fffe32003400390038003200,0.51244116
fffe31003600330036003600,0.41398108
fffe31003600330035003300,0.28514996
fffe33003400300031003600,0.6311051
fffe3900380030003900,0.43128505
fffe33003400300037003800,0.38348144
fffe32003500320032003800,0.4929066
fffe3600390031003200,0.5879174
fffe32003600350032003100,0.003832423
fffe3800360034003000,0.38582388
fffe33003000320034003200,0.5199872
fffe31003400350038003000,0.44903594
fffe32003100300031003700,0.46681827
fffe3800350033003900,0.4166998
fffe33003200330033003300,0.5445785
fffe3600360033003200,0.37157974
fffe31003400330033003500,0.4590751
fffe31003800300037003400,0.467363
fffe33003100340030003100,0.5882205
fffe31003500320030003100,0.5421877
fffe31003800310033003000,0.5346005
fffe32003000350031003900,-0.00018174468
fffe33003100340032003500,0.6891692
fffe33003200330036003900,0.5610508
fffe33003200380039003200,0.5545857
fffe3200360039003500,0.5019816
fffe31003000330032003300,0.37352765
fffe3500310035003400,0.32706136
fffe32003600310038003800,0.38580602
fffe31003200300035003500,0.4138937
fffe33003000380034003900,0.55801225
fffe33003200320033003100,0.5016711
fffe31003800350037003800,0.72234327
fffe32003100380036003900,0.3803385
fffe32003300320035003300,0.7296836
fffe33003100300030003100,0.41326162
fffe31003700350031003000,0.45899463
fffe3400310035003300,0.5717526
fffe3900360039003900,0.58511555
fffe32003900370038003600,0.3114882
fffe32003600320034003100,0.45344228
fffe33003400360033003000,0.62439466
fffe31003000380039003100,0.40273565
fffe32003800390038003400,0.36560643
fffe3800350038003100,0.3425526
fffe3900330035003800,0.48618957
fffe32003000370030003900,0.5958461
fffe31003100320039003200,0.59222674
fffe31003200350034003400,0.09014491
fffe3400330038003400,0.683556
fffe32003900370035003200,0.45343065
fffe33003100310034003000,0.44104192
fffe3400380031003500,0.786238
fffe31003500320031003900,0.49422982
fffe32003400380031003400,0.5644205
fffe31003500380038003600,0.5864325
fffe31003200320034003000,0.59759027
fffe33003400310036003400,0.31327796
fffe31003500310036003700,0.30725688
fffe31003300360033003200,0.26059288
fffe32003800310034003800,0.27047008
fffe31003800380031003200,0.42855382
fffe3100320033003300,0.3445823
fffe33003400340030003600,0.6009782
fffe31003400360032003400,0.67896235
fffe32003300330030003000,0.40780982
fffe3400350034003000,0.8165595
fffe33003200390034003300,0.5319079
fffe3500320036003000,0.15052925
fffe3100390030003600,0.48011178
fffe31003100350037003500,0.49900195
fffe31003700380035003100,0.6343201
fffe3500350034003600,0.3996674
fffe33003200330030003300,0.2488309
fffe3300350036003800,0.70133597
fffe31003500300032003700,0.65484905
fffe32003200330037003000,0.75908357
fffe32003400350037003300,0.36561558
fffe33003300330039003300,0.6575617
fffe3900390030003200,0.38806215
fffe33003400360038003800,0.61533064
fffe33003400300038003800,0.37159145
fffe33003400310034003500,0.45465884
fffe3400310030003500,-0.00037070195
fffe31003900340031003800,0.34187642
fffe3400370039003800,0.686408
fffe3900380038003800,0.3912376
fffe33003400370030003800,0.37295395
fffe31003000330038003100,0.35196593
fffe32003100380033003200,0.5936714
fffe31003700360030003200,0.79246795
fffe31003900320039003100,0.66595477
fffe33003200340030003400,-0.0008699843
fffe32003000340034003400,0.46207234
fffe340035003900,0.56164044
fffe3900340032003400,0.05551595
fffe3300340037003600,0.60632235
fffe33003100380036003300,0.6479953
fffe31003300330030003800,0.4076458
fffe3900320035003900,0.58275086
fffe3900360030003600,0.384323
fffe31003900370035003400,0.6591893
fffe33003100390039003000,0.43812838
fffe3800380037003600,0.3360952
fffe32003000310032003400,0.24269845
fffe31003200350039003300,0.28307658
fffe32003100320038003100,0.48400012
fffe32003600310034003800,0.40279698
fffe31003400370030003600,0.398496
fffe33003300340032003300,0.91099244
fffe33003100320032003300,0.3779105
fffe31003900330030003600,0.22698018
fffe32003700300031003000,0.2116841
fffe31003000350035003800,0.71043485
fffe32003300360034003600,0.17223804
fffe31003800390031003800,0.7216663
fffe32003200310036003900,0.031063192
fffe32003000320030003400,0.4143449
fffe32003900370038003000,0.21709651
fffe33003000370035003600,0.17730479
fffe32003300320030003500,0.4827744
fffe3700300035003900,0.5319989
fffe3100390030003700,0.75691086
fffe33003100330030003700,0.6192758
fffe3900360034003700,0.49947724
fffe3900350030003500,0.57454544
fffe32003800370034003200,0.46949056
fffe330030003400,0.264729
fffe32003800320033003200,0.32369635
fffe31003900370037003800,0.3799549
fffe3600320033003900,0.55585986
fffe33003300320036003700,0.40897697
fffe3200360037003900,0.5495195
fffe31003400360030003700,0.28078356
fffe380031003100,0.8084023
fffe31003400320039003700,0.3311533
fffe31003000360035003100,0.15995237
fffe32003000310036003800,0.6482092
fffe33003200340037003200,0.32750404
fffe33003400300039003400,0.7153042
fffe33003200370034003700,0.30467564
fffe31003400360039003500,0.40866938
fffe31003100330038003800,0.34020245
fffe31003300340032003500,0.573074
fffe310036003200,0.42147288
fffe32003000300030003300,0.41114196
fffe370036003600,0.6504035
fffe32003200300033003900,0.28724974
fffe31003000360035003000,0.59391046
fffe31003700310033003000,0.4709381
fffe32003500390034003200,0.60467345
fffe31003600380038003200,0.7045571
fffe32003200390035003300,0.62493765
fffe33003200370039003200,0.24353041
fffe3200330035003900,0.511263
fffe31003800370035003500,0.25928628
fffe31003400390032003900,0.4832593
fffe3400370039003100,0.3403043
fffe31003000350033003700,0.41861823
fffe31003100300036003400,0.35026497
fffe31003000360038003300,0.23322366
fffe32003100300030003400,0.6603897
fffe32003300340037003000,0.2672277
fffe31003500340039003600,0.6537327
fffe33003100340039003000,0.5019651
fffe31003700340030003700,0.3266282
fffe31003600310039003400,0.9248166
fffe31003700300038003500,0.5812297
fffe33003300350037003800,0.041699115
fffe32003800330037003600,0.15695365
fffe3400370035003600,0.49412084
fffe31003900330031003700,0.2319194
fffe32003500380032003700,0.5660591
fffe32003600360037003500,0.76777107
fffe31003800370031003000,0.39191946
fffe3700310035003000,0.40317872
fffe3200320039003300,0.55707026
fffe31003300330030003900,0.57693267
fffe32003500350038003900,0.22164053
fffe31003800360035003700,0.36326626
fffe3400370033003600,0.7279898
fffe32003000300033003000,0.34519482
fffe33003300380035003500,0.41573918
fffe3700320035003600,0.6558516
fffe33003100320034003700,0.13587715
fffe32003300350032003100,0.3588521
fffe3200360034003300,0.6088112
fffe3100360035003500,0.5490586
fffe31003500380038003300,0.4483145
fffe31003300330037003800,0.14732221
fffe3500390033003000,0.37740445
fffe33003300330032003200,0.27580532
fffe32003000300036003100,0.44714195
fffe32003400370031003800,0.5744442
fffe32003100300030003300,0.65004873
fffe31003800350032003600,0.4871314
fffe32003200370033003800,0.59964734
fffe33003100320036003100,0.4843513
fffe32003900300039003700,0.40488958
fffe31003600380030003700,0.42937264
fffe310034003000,0.012199815
fffe360039003500,0.07335365
fffe33003300370038003300,0.5310628
fffe32003100360038003000,0.19652411
fffe31003800350039003000,0.5656637
fffe31003300300038003900,0.21584678
fffe31003600320032003300,0.25614637
fffe32003100330035003500,0.39979157
fffe31003500310035003800,0.11659502
fffe31003200330033003700,0.36455065
fffe32003200390034003400,0.71079296
fffe31003000390034003900,0.29374698
fffe32003500390037003900,0.406289
fffe3400380039003600,0.10841073
fffe32003200360038003600,0.7580658
fffe33003000370034003600,0.52436393
fffe32003000320032003900,0.47193667
fffe31003500370037003000,0.4283608
fffe32003800390030003900,0.39631602
fffe330030003800,0.6459373
fffe31003800360031003700,0.51407576
fffe33003300380031003900,0.27224976
fffe32003600320031003000,0.36367723
fffe3400300037003500,0.13713066
fffe31003900350031003600,0.28900775
fffe33003200340033003700,0.88966745
fffe3200380039003400,0.05158005
fffe32003900300031003500,0.7054473
fffe32003100320039003000,0.106283866
fffe3400350036003400,0.41649538
fffe3200310035003800,0.24989514
fffe31003700300033003900,0.40317962
fffe3900360030003100,0.4231474
fffe3800310036003300,0.2608716
fffe3700390039003900,0.66351616
fffe3300300030003300,0.16605665
fffe3700300031003000,0.4551139
fffe3400380032003200,0.2985354
fffe3100310037003100,0.33488232
fffe3200380038003100,0.5521934
fffe31003400390031003800,0.44850427
fffe32003900380036003700,0.28935835
fffe32003400360039003800,0.35198644
fffe31003300340033003600,0.8385445
fffe32003900320039003500,0.6464937
fffe3300330030003600,0.864428
fffe33003200350032003100,0.4375671
fffe3700370032003900,0.4268201
fffe31003500390036003200,0.45853013
fffe32003300340032003200,0.23874423
fffe32003100390039003200,0.43733975
fffe31003100360036003200,0.39446497
fffe33003100380030003800,0.2452286
fffe31003100320031003500,0.83883935
fffe32003400370035003500,0.54143953
fffe33003000320036003100,0.6064589
fffe31003000370035003100,0.42335245
fffe32003800330031003200,0.39411372
fffe33003100380039003300,0.59650785
fffe31003200310037003500,0.011968184
fffe33003300380030003500,0.48436013
fffe3300350034003100,0.39268848
fffe32003800370038003300,0.4163427
fffe3400330037003000,0.1817409
fffe31003600300033003800,0.20387246
fffe31003500340033003500,0.62194616
fffe32003300330039003300,0.38979813
fffe32003100330039003000,0.40420404
fffe32003400380036003100,0.2125458
fffe31003100310037003100,0.43919507
fffe31003200370036003700,0.32344761
fffe31003300370036003400,0.14836836
fffe33003200360036003600,0.6232273
fffe3700340039003100,0.6664696
fffe32003300300033003200,0.68010885
fffe32003300350030003500,0.38151273
fffe33003300390031003500,0.23932113
fffe33003300350038003800,0.41997457
fffe3700390033003800,0.5071928
fffe31003200380038003400,0.25932506
fffe3300300039003000,0.43267295
fffe3500350032003400,0.38268197
fffe33003000350034003000,0.6192124
fffe31003000390036003300,0.3734258
fffe3800300035003100,0.305661
fffe31003900300032003900,0.87678915
fffe32003800390039003300,0.69421655
fffe3700360032003800,0.37615374
fffe31003700320031003500,0.7884922
fffe31003400390032003800,0.62036794
fffe3100300037003700,0.58406585
fffe31003500370032003600,0.2500391
fffe32003300340037003200,0.39298916
fffe31003000360039003100,0.56475866
fffe31003800370032003400,0.39068624
fffe33003000360034003000,0.17910384
fffe32003300300036003100,0.3850772
fffe33003200310038003800,0.6404843
fffe32003900380030003800,0.09954596
fffe3100330033003900,0.43926585
fffe31003400370035003600,0.60401297
fffe33003100380034003300,0.20962663
fffe31003200330038003100,0.3924015
fffe32003500360037003300,0.40530828
fffe31003400390039003900,0.37585962
fffe32003100330035003400,0.666817
fffe32003300340035003300,0.6153615
fffe32003000350036003600,0.3714666
fffe3600310032003700,0.46514198
fffe3300320039003000,0.39143723
fffe32003300330037003400,0.26950043
fffe31003900330036003100,0.43937424
fffe32003900330039003600,0.35419175
fffe3900310038003800,0.34694508
fffe3700310037003300,0.34580162
fffe3200300035003400,0.572171
fffe33003200320039003500,0.47244814
fffe3900370038003700,0.6444786
fffe32003600380031003600,0.58786035
fffe3700360038003100,0.3787305
fffe31003500370034003200,0.49529037
fffe32003300340030003800,0.47286546
fffe31003000340037003900,0.48637816
fffe31003200390033003600,0.59823406
fffe31003300370034003000,0.6090513
fffe31003000380033003900,0.2162578
fffe32003300370037003700,0.39863408
fffe33003200330039003400,0.3668903
fffe32003100370034003800,0.78010225
fffe32003100370034003600,0.44249842
fffe32003600350036003000,-0.003143877
fffe31003000380039003000,0.7863871
fffe31003900330037003200,0.35887262
fffe31003100310034003900,0.40586218
fffe31003200330035003600,0.4433486
fffe32003800330037003500,0.42524174
fffe3100310036003100,0.56633323
fffe3700320031003400,0.72604907
fffe31003700320039003900,0.35991427
fffe33003000360038003800,0.39444053
fffe32003100310033003200,0.3219348
fffe33003000370030003000,0.35612577
fffe330034003100,0.62283623
fffe31003700380032003500,0.21821445
fffe3600330030003500,0.25092927
fffe3400390031003200,0.3937406
fffe3200300034003000,0.44981962
fffe32003100340030003300,0.06345041
fffe3900300036003300,0.4169175
fffe31003700300030003000,0.6798088
fffe32003800350035003300,0.75881255
fffe31003300340036003200,0.54420006
fffe3600350036003300,0.9150679
fffe31003200340030003000,0.49759513
fffe3400320032003300,0.24617358
fffe32003600330033003800,0.19624923
fffe31003800310036003700,0.40143898
fffe32003200320035003500,0.1708792
fffe31003900320031003700,0.7521411
fffe31003000320038003600,0.027704973
fffe31003100310037003900,0.24943164
fffe33003100360038003900,0.5788191
fffe3600390036003300,0.40151113
fffe32003600320036003700,0.29311764
fffe33003100320037003100,0.50046414
fffe3600390037003100,0.34028652
fffe330039003400,0.16178025
fffe3800300038003400,0.4027311
fffe33003100300039003200,0.34994873
fffe31003400370039003200,0.08254492
fffe3400350036003800,0.32569763
fffe3200330036003600,0.33425635
fffe32003600350034003700,0.53079575
fffe32003800300038003500,0.0610008
fffe33003400330034003500,0.02857784
fffe31003800310036003900,0.53414774
fffe32003800310033003000,0.56329316
fffe33003000320035003900,0.48180515
fffe3800360031003300,0.48475575
fffe31003300370036003600,0.63537717
fffe32003500340037003000,0.5772277
fffe32003300310035003700,0.55546165
fffe32003700340033003700,0.63975185
fffe31003800330031003800,0.3210613
fffe3400300031003800,0.56435555
fffe31003700350036003500,0.82916856
fffe31003700320038003900,0.49010316
fffe3700300038003000,0.27880013
fffe31003500300038003600,0.61857337
fffe32003200340039003300,0.3318177
fffe32003900360033003800,0.47120577
fffe31003100350038003100,0.65718937
fffe32003300310031003800,0.69170654
fffe33003300350036003700,0.08598104
fffe32003000310031003200,0.43469405
fffe31003900300039003100,0.4632726
fffe32003600310034003600,0.113811955
fffe32003900320035003400,0.33132386
fffe3600390037003600,0.10658887
fffe31003100360032003700,0.42835215
fffe3500320031003800,0.5956723
fffe31003700380033003100,0.5479477
fffe31003700390038003100,0.37106612
fffe32003400340034003500,0.323381
fffe32003000320039003300,0.60812604
fffe31003200320039003900,0.47534072
fffe31003200320038003500,0.52296454
fffe31003200350038003500,0.5340092
fffe31003100370034003300,0.035672706
fffe3600380035003000,0.43928635
fffe32003700360033003000,0.6199613
fffe3200330034003800,0.48799378
fffe33003300310033003700,0.716913
fffe33003200300034003100,0.16734229
fffe31003300390033003600,0.4956382
fffe31003400350030003300,0.5489791
fffe32003600350035003600,0.6906512
fffe33003300370033003400,0.4809952
fffe3100360030003300,0.62032515
fffe3900360031003200,0.60669804
fffe31003000330033003200,0.4765152
fffe3100310038003000,0.34561664
fffe33003400350033003300,0.3831922
fffe31003800360036003000,0.65529567
fffe31003000340031003900,0.5700537
fffe31003300300032003300,0.7780755
fffe33003400340037003800,0.8365046
fffe32003300370034003200,0.9277757
fffe3900380030003200,0.39732623
fffe31003600390035003500,0.39510188
fffe32003400320030003600,0.42829475
fffe33003200380036003800,0.3910922
fffe3700330034003700,0.390893
fffe3900330036003600,0.58113337
fffe32003200380035003800,0.40949097
fffe32003800360036003300,0.48610497
fffe31003800390036003300,0.90844876
fffe3500350032003000,0.41127515
fffe31003700330032003000,0.5416666
fffe32003800300039003100,0.6186103
fffe3900380038003500,0.19119762
fffe32003400310034003600,0.80842793
fffe31003900350031003800,0.72935456
fffe33003300340033003200,0.58590084
fffe32003900390036003500,0.53828156
fffe32003100330037003800,0.53108245
fffe33003300380035003600,0.76658773
fffe32003700320031003400,0.6160272
fffe32003700340032003000,0.66409105
fffe3100360031003400,0.53519857
fffe31003100330033003700,0.48093283
fffe32003100390039003700,0.3491391
fffe31003800390037003900,0.8168033
fffe31003800330038003900,0.3269501
fffe32003500340031003300,0.69468856
fffe3400380036003200,0.27720103
fffe3600320038003800,0.28216118
fffe3400330035003300,0.44292462
fffe3900350039003600,0.4099227
fffe32003500360032003900,0.36493498
fffe32003400370034003000,0.25219455
fffe3300320038003600,0.6858587
fffe32003800310037003600,0.539442
fffe32003700360031003100,0.37768713
fffe33003100300034003200,0.33818132
fffe33003100320038003400,0.4547395
fffe31003600310035003300,0.7010023
fffe32003800370032003500,0.7085965
fffe32003400340034003700,0.36130384
fffe31003700360038003100,0.60526925
fffe32003700350034003500,0.37800628
fffe31003700310038003200,0.65378636
fffe3100330033003400,0.64296955
fffe32003000380031003500,0.47694826
fffe31003600300030003500,0.26676977
fffe33003100,0.010914827
fffe31003000380036003200,0.3161866
fffe31003000330032003100,0.314594
fffe32003200350033003600,0.3198909
fffe32003400300035003100,0.17307657
fffe33003000300037003600,0.52979386
fffe33003400390033003000,0.5725043
fffe32003100320033003300,0.36677602
fffe33003000370036003700,0.2675001
fffe33003000320034003400,0.595469
fffe33003200330030003400,0.0084929215
fffe3800300033003100,0.52330536
fffe33003300340032003200,0.42296425
fffe31003300320030003000,0.5631064
fffe32003800340039003300,0.14376563
fffe3200390033003300,0.626244
fffe3600350034003100,0.46032
fffe32003400390035003800,0.27085572
fffe32003700330039003300,0.74183357
fffe3600330030003100,0.4737871
fffe33003200350038003300,0.29808912
fffe340037003100,0.41768655
fffe3500390033003400,0.27470127
fffe32003600330037003400,0.34599057
fffe32003300320030003100,0.36080003
fffe31003100300034003200,0.25493023
fffe31003200320030003400,0.76732624
fffe3500350036003800,0.09670263
fffe31003200340031003700,0.395143
fffe33003300380034003100,0.257777
fffe33003100310037003500,0.948843
fffe31003300310034003900,0.46918347
fffe31003700350030003200,0.36820197
fffe3500370032003900,0.5579633
fffe32003900390036003400,0.31423643
fffe31003600310032003000,0.24806724
fffe31003400360034003700,0.51244736
fffe3900300032003900,0.3955761
fffe32003900370034003100,0.40719822
fffe3800310030003900,0.90189457
fffe3500300034003600,0.3778297
fffe31003300310039003600,0.5316559
fffe33003400350037003400,0.90514785
fffe3400360032003200,0.0011367803
fffe31003500370038003300,0.6372358
fffe31003400310031003600,0.74276453
fffe3300300030003800,0.5881103
fffe3300330031003900,0.7969287
fffe32003800390034003700,0.5582829
fffe31003900320038003200,0.5143592
fffe31003200350030003900,0.42730337
fffe31003600370034003100,0.35011116
fffe31003400360037003200,0.71281195
fffe350037003900,0.29893997
fffe3600350038003600,0.69422567
fffe31003200310032003000,0.45076174
fffe3300370036003300,0.7629948
fffe33003100350035003200,0.21859291
fffe3300300038003200,0.098324105
fffe32003400350039003000,0.5627284
fffe32003900320032003500,0.19218498
fffe32003900350033003600,0.69671
fffe32003200390030003100,0.6999168
fffe31003300380035003000,0.41838315
fffe31003000310039003700,0.40825796
fffe32003600310037003500,0.2091644
fffe32003600380035003300,0.6957604
fffe33003300320033003400,0.40495762
fffe31003000340035003100,0.48597637
fffe31003400310038003100,0.7221327
fffe370037003500,0.48603034
fffe3200370033003800,0.02818977
fffe31003900310036003900,0.7640221
fffe32003400300038003200,0.19935666
fffe31003800330037003600,0.40893137
fffe32003400330034003900,0.3166557
fffe31003500380031003500,0.12062609
fffe32003500350039003700,0.38340813
fffe32003000350032003600,0.41127482
fffe31003900350037003900,0.2053134
fffe32003800390035003300,0.20540841
fffe32003600340031003700,0.3893226
fffe32003300320030003700,0.36493704
fffe3200380031003300,0.5853532
fffe32003700370039003800,0.350796
fffe31003400360030003400,0.27376446
fffe3500340036003700,0.33542818
fffe3200350030003800,0.44408435
fffe33003300350035003300,0.277004
fffe31003100340037003300,0.58131176
fffe33003200350036003200,-0.001006219
fffe32003400340031003900,0.6068921
fffe31003500360036003600,0.4138162
fffe3900380034003100,0.43771905
fffe32003800320035003500,0.2716492
fffe3500310038003600,0.5060271
fffe32003700340038003000,0.40083855
fffe31003700340032003500,0.3390918
fffe32003300380039003500,0.35483655
fffe32003000340037003800,0.24059352
fffe31003100390032003500,0.37704697
fffe31003400390039003800,0.24442522
fffe33003000300031003400,0.36356714
fffe33003400360038003000,0.5264537
fffe32003300310035003800,0.28750446
fffe3100330039003000,0.12990706
fffe32003200390031003200,0.54211295
fffe31003200340039003100,0.38929042
fffe3400380038003000,0.31108126
fffe33003100390034003100,0.46037135
fffe31003400300037003800,0.6058882
fffe31003300360031003700,0.5426054
fffe31003200390037003200,0.42321837
fffe3100390032003700,0.06000872
fffe3900310034003200,0.5134325
fffe31003900390036003500,0.24112591
fffe3100330036003200,0.23143849
fffe33003000380032003000,0.21532014
fffe31003700320031003000,0.35694793
fffe350035003000,0.7911058
fffe3400360030003200,0.8312783
fffe32003700300034003700,0.75114715
fffe3200310030003100,0.63785785
fffe3600320032003000,0.26551202
fffe32003300370034003000,0.5253917
fffe33003300360034003200,0.2226988
fffe31003500380031003200,0.49142438
fffe31003300330033003500,0.46773428
fffe32003200380037003800,0.57821083
fffe31003000360036003600,0.10684047
fffe32003300390037003100,0.39147466
fffe32003000330039003600,0.43603465
fffe32003100360032003400,0.5936105
fffe33003200320032003200,0.42951274
fffe32003500350031003900,0.55511075
fffe33003000360037003400,0.6015738
fffe3800340039003800,0.58502
fffe32003100360034003700,0.10007469
fffe3500300032003600,0.38555235
fffe3500310030003100,0.23023772
fffe3700390030003600,0.036109574
fffe32003900330030003600,0.44515255
fffe31003000370036003900,0.78696704
fffe31003600360034003600,0.8306574
fffe31003800300035003400,0.59102577
fffe32003200300031003700,0.40585074
fffe31003700360036003800,0.33319175
fffe32003600380035003800,0.38536498
fffe31003900370035003200,0.51938695
fffe32003700340031003800,0.22087872
fffe3800340037003300,0.40156853
fffe31003700340035003400,0.45984694
fffe31003200390030003000,0.6543709
fffe32003500370030003800,0.80641687
fffe31003900340038003100,0.32223025
fffe31003100340033003200,0.401414
fffe3500370031003300,0.17926228
fffe3400330035003000,0.2853039
fffe32003000380037003500,0.01204836
fffe33003100380038003400,0.4381292
fffe32003700340034003900,0.47117493
fffe3400300033003700,0.5243055
fffe31003100350037003400,0.56719434
fffe31003200370038003400,0.29306558
fffe31003800300030003700,0.43789676
fffe33003200330034003700,0.43740255
fffe3900350036003100,0.3694936
fffe32003700320031003900,0.56206906
fffe33003100360034003000,0.2346796
fffe3300350033003100,0.28774226
fffe32003900360031003700,0.39230335
fffe32003200,0.4500454
fffe32003500320031003800,0.18000273
fffe380037003000,0.46006033
fffe31003900320030003700,0.4197577
fffe340032003400,0.4702647
fffe3900390035003400,0.82086796
fffe3700340036003900,0.45963532
fffe32003300340030003300,0.4360223
fffe31003200370030003300,0.73039025
fffe31003100390039003500,0.4474636
fffe3600310034003500,0.09644664
fffe31003200350035003000,0.7162697
fffe32003000330030003100,0.29460877
fffe31003600350030003900,0.5705324
fffe3200390032003000,0.33961824
fffe33003100390031003600,0.3240742
fffe33003200330036003100,0.53162885
fffe31003000350036003800,0.25168154
fffe3300310036003700,0.60936
fffe33003400350036003600,0.44197303
fffe31003600370033003000,0.5038669
fffe33003300340031003700,0.34778702
fffe33003100370036003700,0.6149666
fffe3900350032003300,0.70762295
fffe32003900350037003200,0.3463359
fffe3200350033003100,0.23430423
fffe3800380034003700,0.4427661
fffe32003600390036003100,0.3571738
fffe32003600320032003100,0.31275305
fffe31003700370033003900,0.11427081
fffe3900350030003800,0.552174
fffe33003000320032003600,0.6967134
fffe33003000370033003100,0.5904719
fffe3900330037003100,0.45029795
fffe3600390034003800,0.52553415
fffe31003400330037003100,0.42853293
fffe32003800360034003500,0.47241786
fffe32003400330036003100,0.47193667
fffe33003400340037003100,0.5779639
fffe33003400390032003800,0.44889295
fffe3200310034003600,0.67056704
fffe32003300320036003900,0.6118631
fffe33003300370035003900,0.48075885
fffe32003500330039003400,0.43594065
fffe32003200390031003900,0.3843675
fffe32003100320036003300,0.4239722
fffe32003400310034003900,0.61061954
fffe32003900360034003600,0.7329184
fffe31003700360031003100,0.57632816
fffe3400320031003500,0.7648371
fffe31003000300036003100,0.36875945
fffe31003600380036003600,0.39919442
fffe32003900370031003200,0.5668295
fffe31003600360031003900,0.22805151
fffe31003300380032003500,0.3828313
fffe32003100320037003500,0.24570239
fffe3100320031003700,0.28647962
fffe32003200370030003200,0.58769715
fffe33003300300035003700,0.5420827
fffe3100370036003400,0.6622422
fffe32003500320035003400,0.30197278
fffe32003000310033003500,0.26544684
fffe31003700310030003800,0.111257434
fffe32003900390038003600,0.61673313
fffe33003100340032003600,0.21537921
fffe3300350031003600,0.40390885
fffe320035003200,0.3855447
fffe32003600380037003600,0.58928794
fffe3800390038003900,0.50973195
fffe32003800390038003900,0.38945717
fffe31003500360031003800,0.5663896
fffe33003600,0.41588792
fffe3600340038003000,0.40138882
fffe31003900370039003000,0.35450667
fffe33003400340032003300,0.16701846
fffe31003700350035003500,0.49955717
fffe3600360038003200,0.34370592
fffe31003000350030003300,0.6802688
fffe31003800300032003000,0.15682727
fffe31003100330034003400,0.7913642
fffe32003200330035003900,0.2830073
fffe33003200340035003900,0.70883566
fffe31003300330035003000,0.26123747
fffe3200360037003800,0.62937135
fffe3800340030003100,0.6332784
fffe3300330038003100,0.26626235
fffe31003700370032003100,0.3918283
fffe3500320036003800,0.46298924
fffe31003200310036003800,0.34651247
fffe3500340033003600,0.5433032
fffe3400300037003000,0.3735536
fffe3600320033003200,0.4587651
fffe3100350037003800,0.22444315
fffe33003300340030003100,0.5864448
fffe32003700350030003200,0.29710832
fffe33003100320030003100,0.35704848
fffe32003100360032003200,0.7587042
fffe3500310039003500,0.4483966
fffe32003500310037003000,0.41947144
fffe32003300390032003200,0.41153604
fffe3900310036003400,0.38575953
fffe3700310039003900,0.23067518
fffe32003300310031003000,0.60310894
fffe31003400370036003700,0.5196753
fffe39003900,0.5770699
fffe32003300300035003000,0.2662609
fffe31003500380031003700,0.5050837
fffe3400370034003000,0.38562924
fffe31003900340039003900,0.560046
fffe33003900,0.41853088
fffe31003900370037003700,0.4190889
fffe31003600380031003100,0.4999861
fffe3200370031003100,0.67309296
fffe3700320030003700,0.07669248
fffe3700370031003100,0.22642955
fffe31003600350035003300,0.13515559
fffe33003400390030003100,0.19087644
fffe3500340037003300,0.37433338
fffe32003600340036003100,0.28134254
fffe32003700370035003900,0.37117013
fffe31003400370037003100,0.45099863
fffe32003700370038003700,0.5030997
fffe32003300390038003400,0.67745316
fffe32003000370034003800,0.43682677
fffe31003800360034003000,0.71064955
fffe31003900390034003400,0.24831839
fffe33003000350035003600,0.67416394
fffe3100340034003600,0.4966379
fffe3800390030003400,0.21797211
fffe33003000330034003300,0.45881623
fffe32003700300035003300,0.4052699
fffe31003700320034003000,0.26544097
fffe31003700380036003200,0.26137128
fffe33003400310030003700,0.6223256
fffe32003100390039003000,0.46664077
fffe32003500330036003800,0.35080895
fffe32003900300031003600,0.43258178
fffe32003100360031003200,0.47639355
fffe32003500310033003900,0.5025717
fffe31003400370036003600,0.38620445
fffe31003500380031003400,0.94082844
fffe32003600320036003600,0.5517226
fffe3400340036003300,0.4565002
fffe32003800340034003400,0.7337379
fffe31003300350034003900,0.38261923
fffe32003800370032003400,0.51825535
fffe350038003700,0.22478679
fffe32003900300034003600,0.33045703
fffe31003700360036003400,0.7606038
fffe31003300300037003000,0.39324442
fffe3200370038003300,0.87120616
fffe32003200380031003200,0.8817412
fffe33003100360037003400,0.4463302
fffe32003400340033003800,0.75078917
fffe31003500360037003900,0.5392139
fffe33003200380037003700,0.38084942
fffe32003400370033003400,0.60178405
fffe3500300035003200,0.52375525
fffe31003400330031003300,0.2562479
fffe32003400390030003400,0.27953535
fffe32003600350038003400,0.27014267
fffe33003100370030003700,0.4947889
fffe31003300390038003800,0.42288467
fffe31003800350036003500,0.5897413
fffe32003400380038003400,0.11847801
fffe31003300390030003200,0.6186321
fffe32003400330035003700,0.44332933
fffe31003300380033003000,0.4474874
fffe3800340033003900,0.14656276
fffe32003600380035003000,0.15577467
fffe3500380034003500,0.589736
fffe3100390037003500,0.27521887
fffe31003400370035003100,0.57086116
fffe3500320030003700,0.5755161
fffe31003200380033003600,0.37436825
fffe360039003600,0.43235442
fffe31003700370038003800,0.6161524
fffe32003100360034003100,0.62839204
fffe33003400310031003600,0.34059107
fffe33003000390032003800,0.22041091
fffe3900340031003900,0.3575451
fffe3400330031003700,0.62381554
fffe3600360037003600,0.59944415
fffe31003000310037003100,0.40432277
fffe3400350033003700,0.28124136
fffe31003300350038003400,0.5112294
fffe31003300310035003000,0.31452155
fffe3200380038003500,0.09400697
fffe32003100320038003200,0.69116235
fffe32003900370038003400,0.5921826
fffe31003800330034003400,0.5786742
fffe31003300390035003800,0.38295966
fffe32003800330031003100,0.72618747
fffe31003500360032003600,0.13431865
fffe32003300380032003000,0.63311
fffe32003400350030003300,0.27649766
fffe31003000330033003600,0.008303923
fffe370036003000,0.48261315
fffe33003400390038003000,0.5609794
fffe31003000310034003000,0.57684815
fffe31003800300038003100,0.5112033
fffe32003600330037003200,0.40254605
fffe32003100380037003600,0.6355444
fffe31003100320033003200,0.37236917
fffe32003700300031003200,0.5991529
fffe33003100310037003900,0.43085894
fffe33003400350032003000,0.3107623
fffe3900390034003700,0.19404738
fffe31003900380037003200,0.3846981
fffe3800320038003400,0.67707247
fffe33003000310032003600,0.7383056
fffe3400340038003900,0.11584052
fffe350039003700,0.40899473
fffe33003300350034003100,0.59867716
fffe3200390037003000,0.7243441
fffe33003300340035003800,0.1577499
fffe31003900370032003800,0.32440078
fffe33003400330036003100,0.5879999
fffe33003200350036003300,0.51603085
fffe3300350034003800,0.5584568
fffe3800320035003200,0.1732437
fffe310032003000,0.088064045
fffe32003700360031003200,0.39087734
fffe3900360035003600,0.52705216
fffe31003400360034003600,0.7717543
fffe360034003700,0.4866144
fffe31003000390035003400,0.44699296
fffe33003300330034003700,0.66228986
fffe31003700340038003700,0.42181003
fffe32003200330031003300,0.43501356
fffe32003500360032003300,0.5985471
fffe31003100350039003400,0.24497415
fffe33003300340032003100,0.52998215
fffe3700340030003500,0.29192197
fffe31003100330037003600,0.59183156
fffe31003600300030003100,0.8701329
fffe32003400300037003200,0.40791655
fffe31003500390030003100,0.265261
fffe32003900340034003100,0.07637867
fffe33003400370039003000,0.59949094
fffe33003000320037003400,0.3576183
fffe31003500310032003600,0.38843584
fffe32003400350034003600,0.55428433
fffe31003700380033003900,0.24342723
fffe31003400300033003200,0.32988665
fffe3500330032003000,0.6548018
fffe32003000330038003100,0.55396336
fffe31003500310037003900,0.84675026
fffe32003000340037003200,0.6748309
fffe33003200350035003200,0.5120984
fffe3500370030003600,0.5556842
fffe32003700380033003500,0.6424282
fffe32003000370039003100,0.6060741
fffe31003300330039003500,0.5106843
fffe3100360036003400,0.5995628
fffe3300310036003600,0.21279983
fffe32003900380032003800,0.5240318
fffe31003800310030003100,0.24792048
fffe3900340039003200,0.23329239
fffe32003400390034003200,0.076212294
fffe31003700330036003200,0.20079878
fffe33003400300035003100,0.6484646
fffe3600370031003200,0.5963293
fffe310037003500,0.47974557
fffe31003900380036003500,0.19666171
fffe32003800300032003800,0.7700274
fffe31003000380037003800,0.35131636
fffe3800310031003500,0.68894583
fffe3100360035003100,0.28692627
fffe3300360033003600,0.29882306
fffe3900390038003900,0.59973806
fffe3800360035003600,0.24713182
fffe31003200380036003700,0.64392996
fffe3300350032003900,0.94043547
fffe32003000320037003400,0.20051566
fffe32003700320035003300,0.6972136
fffe33003200320035003800,0.30015334
fffe3700370033003500,0.81007403
fffe3200350037003800,0.30239463
fffe320032003100,0.47320202
fffe32003000360039003900,0.28435776
fffe31003300360031003600,0.7508802
fffe33003400380036003400,0.80623513
fffe3700330030003100,0.38433304
fffe31003300390031003200,0.6602812
fffe3500370039003500,0.62809706
fffe32003100370031003700,0.49313316
fffe31003000370032003000,0.3293743
fffe31003100390035003200,0.43705776
fffe32003800340036003500,0.62757325
fffe31003000320031003000,0.5471733
fffe31003100350034003300,0.8584143
fffe3800350031003900,0.21950491
fffe33003400380038003700,0.4298276
fffe33003200350037003100,0.29760376
fffe32003000340030003600,0.3540932
fffe32003200320032003400,0.22649795
fffe32003300300034003700,0.76246315
fffe31003600370031003100,0.2812813
fffe33003200320032003900,0.26977077
fffe3600380039003000,0.55978066
fffe3800310030003300,0.50570637
fffe33003200330034003800,0.4234079
fffe31003800360034003500,0.22749318
fffe3400390038003000,0.6230397
fffe32003100320037003900,0.34101993
fffe33003400350033003900,0.2829514
fffe32003500320033003500,0.25734982
fffe31003100340030003200,0.4440414
fffe33003000330031003800,0.65108687
fffe32003400360035003500,0.42634848
fffe31003400340033003200,0.5577512
fffe32003500340035003500,0.6036451
fffe32003200300038003300,0.09284117
fffe32003100350031003800,0.5918898
fffe31003100370035003700,0.10631756
fffe3400370032003500,0.4400883
fffe33003200380038003000,0.57899743
fffe3500360030003700,0.31775784
fffe3500370034003800,0.4489488
fffe31003700340039003000,0.44845843
fffe31003100320035003400,0.70900947
fffe31003200370032003000,0.4267036
fffe3500370034003700,0.42801437
fffe3600390033003000,0.6672805
fffe32003500380035003900,0.15962695
fffe31003300360030003800,0.59800535
fffe32003500330030003900,0.2987778
fffe32003700380030003400,0.4214886
fffe33003200310030003500,0.0140241785
fffe31003100310033003900,0.4988767
fffe32003100320030003600,0.5326023
fffe32003000350034003000,0.65810364
fffe31003800380031003100,0.74920094
fffe32003800320039003300,-0.003281806
fffe3200370031003000,0.6398639
fffe32003200340033003400,0.3810223
fffe32003200310036003700,0.629589
fffe32003000360038003300,0.59196514
fffe3300340036003000,0.39202195
fffe33003000300030003800,0.32856923
fffe32003000380034003600,0.25163037
fffe3400330030003300,0.59010106
fffe31003500340032003300,0.377259
fffe31003900310038003400,0.121230416
fffe33003000370032003400,0.5236365
fffe31003400360037003500,0.49382636
fffe3600340039003200,0.29369503
fffe33003000310034003400,0.7229313
fffe3100350035003000,0.29304576
fffe3600330038003400,0.3488864
fffe31003800380034003000,0.5604714
fffe31003200310037003100,0.04545787
fffe33003100350035003400,0.67791414
fffe32003100370038003500,0.40359992
fffe31003300300037003300,0.3898343
fffe33003400380034003200,0.53634775
fffe32003900360032003000,0.21654652
fffe32003500300032003200,0.21485412
fffe3100330032003600,0.40514514
fffe31003600300037003300,0.24298842
fffe31003700380037003800,0.20226547
fffe3300350037003400,0.70956516
fffe3100340036003000,0.03264576
fffe31003200340038003700,0.78093344
fffe31003800300036003700,0.18890312
fffe32003300380037003300,0.47321483
fffe31003000390034003100,0.3123445
fffe31003600390031003800,0.5663166
fffe32003700310035003200,0.705298
fffe32003900320038003800,0.55296576
fffe38003400,0.50379425
fffe31003400350035003400,0.2601703
fffe33003100300036003500,0.054768447
fffe3900350034003800,0.34249866
fffe31003500350038003100,0.6088895
fffe3200350033003300,0.6819589
fffe32003000390032003000,0.62806606
fffe3400350037003900,0.3763448
fffe3600380031003300,0.42626393
fffe32003800390033003800,0.45883626
fffe32003000390037003600,0.10832053
fffe33003300320039003100,0.5616226
fffe31003800330035003400,0.38284382
fffe31003700330030003300,0.28911385
fffe31003500380036003800,0.20047712
fffe33003000330038003000,0.48851448
fffe310039003600,0.3637031
fffe31003100360035003600,0.22218798
fffe31003700300035003600,0.55995685
fffe33003300390037003100,0.6405642
fffe3600330033003800,0.37046668
fffe33003000390039003600,0.40789002
fffe32003900360039003000,0.41487828
fffe330034003700,0.3802656
fffe31003900390035003800,0.5578015
fffe33003300380030003000,0.51004547
fffe3400380032003800,0.5392188
fffe33003000310038003100,0.12918846
fffe31003000380039003400,0.4095825
fffe31003100390037003000,0.61436826
fffe32003400320033003300,0.07147883
fffe3600300030003200,0.26962614
fffe3700390038003000,0.2985357
fffe32003600320034003200,0.39222628
fffe3100360034003400,0.29273075
fffe3900370035003400,0.3954966
fffe31003200310039003800,0.4892434
fffe32003500330031003700,0.6176428
fffe3900320034003100,0.14043708
fffe32003400330037003600,0.21364331
fffe3500330030003400,0.3167715
fffe32003900380039003300,0.37044594
fffe32003300330038003600,0.55452126
fffe33003000380035003800,0.5743971
fffe33003200360036003700,0.6744327
fffe32003900390032003200,0.5770054
fffe320034003900,0.21730429
fffe31003100360034003400,0.92791045
fffe33003400340034003900,0.63176864
fffe33003200300030003400,0.6416905
fffe3700330037003600,0.8766786
fffe31003300390033003100,0.31213954
fffe3900340030003600,0.20618118
fffe31003000340035003500,0.34499922
fffe32003900320030003900,0.38080603
fffe36003800,0.43438786
fffe32003900360039003900,0.4610708
fffe31003500360035003900,0.12827742
fffe3200320031003600,0.3063883
fffe33003000310034003100,0.24081793
fffe32003800370036003700,0.47150967
fffe3600330030003900,0.6714016
fffe330034003400,0.56842744
fffe31003900310034003100,0.66607857
fffe3900370039003200,0.5007031
fffe32003300320036003800,0.580614
fffe31003700320035003000,0.76220965
fffe31003500350035003600,0.5900929
fffe3300360034003900,0.5159726
fffe32003700330037003500,0.65255755
fffe32003200370032003200,0.0058150887
fffe32003700310036003900,0.37989992
fffe32003200370035003200,0.5314486
fffe32003200350039003700,0.17737857
fffe32003000370039003700,0.18300323
fffe330032003100,0.29382777
fffe31003500370035003400,0.38447124
fffe33003100380039003900,0.43492204
fffe3100310030003800,0.46329778
fffe32003000350031003600,0.27506486
fffe3100310033003400,0.6484444
fffe3700340033003300,0.46940657
fffe3200320033003900,0.40049887
fffe32003900350032003400,0.07539812
fffe33003200350034003600,0.5317001
fffe31003800360039003900,0.1470439
fffe3600320036003000,0.22140981
fffe31003200390033003400,0.44676653
fffe32003000330038003000,0.3913726
fffe32003300330036003200,0.4507728
fffe3900380031003000,0.84452164
fffe36003400,0.4120933
fffe31003000300033003500,0.7371773
fffe31003500310034003600,0.6139257
fffe32003000330033003300,0.43957922
fffe3800320037003600,0.457703
fffe33003200390035003300,0.7199465
fffe3300390036003000,0.21380399
fffe31003800330030003200,0.57369065
fffe31003500380033003000,0.6689497
fffe33003000330039003600,0.47641176
fffe31003400360038003200,0.4104617
fffe33003100390036003300,0.34371245
fffe32003300300032003700,0.7741667
fffe31003500320033003300,0.49227804
fffe3300380034003300,0.00321369
fffe32003100300033003300,0.43530035
fffe33003300300033003700,0.37921166
fffe3900360030003400,0.4462548
fffe33003100330037003200,0.58749145
fffe3100300037003100,0.24619564
fffe31003000390035003200,0.5556934
fffe3500390032003300,0.037319247
fffe33003100350036003900,0.37289858
fffe31003900380035003400,0.26377463
fffe32003700370037003600,0.44083306
fffe3500360035003400,0.25439662
fffe3100380038003500,0.2268874
fffe32003300360037003000,0.43965822
fffe3800370032003400,0.68651474
fffe32003500380033003800,0.6347422
fffe3500380032003600,0.40573806
fffe32003500340033003200,0.56291515
fffe31003900350038003300,0.14306383
fffe320031003000,0.5421511
fffe3600320031003900,0.58864987
fffe3300350033003200,0.5718165
fffe33003000330033003000,0.72774583
fffe32003000390032003400,0.05031484
fffe32003800370038003400,0.68589646
fffe32003300380030003000,0.6638029
fffe32003000340035003500,0.21897498
fffe31003000370031003100,0.57044804
fffe32003800350039003200,0.5697867
fffe31003800390030003600,0.27243108
fffe32003600370034003100,0.5086377
fffe32003700370032003500,0.273928
fffe33003400320039003500,0.4115349
fffe31003000330032003600,0.7033501
fffe31003600370032003500,0.58053595
fffe32003900320037003900,0.2378068
fffe31003100320034003700,0.3471519
fffe31003800370034003800,0.6935754
fffe310037003900,0.5334887
fffe33003400380036003100,0.27698573
fffe31003000370036003300,0.39296147
fffe32003200350037003100,0.61756796
fffe33003400380035003800,0.5508431
fffe33003000320034003700,0.09881313
fffe31003000360037003600,0.48933175
fffe31003700390032003400,0.41146362
fffe33003200320034003000,0.0023010669
fffe33003100390035003400,0.2837773
fffe3100350031003600,0.37599054
fffe32003800390033003600,0.76756686
fffe3600310038003900,0.41738066
fffe31003500330038003900,0.66099346
fffe31003800340034003700,0.6205173
fffe32003300310036003500,0.3892107
fffe32003300380031003600,0.38611516
fffe32003200350036003500,0.6665078
fffe32003000360033003400,0.7538405
fffe33003200380034003000,0.25765842
fffe31003200360031003300,0.29239342
fffe3200370030003300,0.8876187
fffe31003600320034003500,0.6274685
fffe31003400340034003200,0.57587963
fffe32003400360032003400,0.18865725
fffe32003700350030003900,0.2198501
fffe33003100380039003800,0.6296043
fffe32003400390031003700,0.61314374
fffe3400350037003700,0.39476302
fffe33003000330037003200,0.64829165
fffe32003400300035003000,0.41833887
fffe33003300340031003100,0.5836684
fffe31003800320030003300,0.98523784
fffe3100390039003700,0.36267248
fffe31003200340036003100,0.38958853
fffe32003400320033003600,0.62344486
fffe31003000350033003900,0.5890035
fffe3900350033003200,0.5903437
fffe33003100310032003800,0.5578472
fffe3400390031003000,0.4619119
fffe31003400370039003900,0.39417955
fffe31003500390031003200,0.6151734
fffe330033003000,0.62245184
fffe31003000320034003300,0.54310536
fffe32003400300031003100,0.24577416
fffe33003200300037003400,0.5101489
fffe33003200370039003300,0.39881212
fffe33003000360033003100,0.28274548
fffe3100380032003500,0.48048365
fffe31003400370034003900,0.23604214
fffe31003000350037003400,0.59397376
fffe31003300380033003300,0.5786523
fffe31003600310034003300,0.3527449
fffe3300370038003300,0.6835603
fffe31003700370033003100,0.39909253
fffe31003000380035003700,0.18739486
fffe31003000310039003900,0.24116255
fffe31003300390039003400,0.5085978
fffe3300300030003500,0.6873334
fffe3800370036003600,0.14117752
fffe31003000300037003700,0.5923241
fffe31003200340037003000,0.56866413
fffe32003500380032003500,0.4370134
fffe32003800310036003500,0.20064111
fffe31003900330032003400,0.46157786
fffe3400360036003700,0.57798916
fffe3700390032003700,0.5663221
fffe3900300034003000,0.2284097
fffe32003300310036003700,0.47479218
fffe31003600380034003500,0.38346797
fffe3700370038003600,0.23716444
fffe32003600370039003600,0.9168014
fffe3500370039003200,0.4313791
fffe32003200350037003900,0.45795694
fffe31003100330039003400,0.5034157
fffe3400340032003000,0.40230423
fffe3800390034003800,0.123767175
fffe32003600370036003500,0.3725639
fffe33003000380039003800,0.50032586
fffe32003800360036003600,0.5442999
fffe31003900300037003200,0.1516973
fffe3800390035003000,0.14302176
fffe31003400360035003000,0.41624957
fffe32003100370032003200,0.6430056
fffe3600310031003800,0.6232664
fffe31003700350035003000,0.3656012
fffe31003400350034003300,0.6011682
fffe33003200380033003300,0.4923323
fffe3600380034003800,0.55074227
fffe31003800310035003500,0.6662219
fffe32003900310039003500,0.09572115
fffe32003800360035003400,0.17391317
fffe350039003800,0.23712625
fffe33003200300039003700,0.7815269
fffe33003000340039003600,0.6955133
fffe3500350038003600,0.36393094
fffe3300370030003500,0.35565218
fffe31003200300038003100,0.626975
fffe31003800310032003000,0.8498947
fffe31003300360039003200,0.40234727
fffe31003800320030003100,0.6979784
fffe31003400330031003600,0.37097782
fffe3800330034003600,0.27186567
fffe33003000330037003400,0.64058274
fffe32003400360034003200,0.7935039
fffe3300390034003100,0.5926898
fffe3400360037003100,0.5941914
fffe32003400300031003600,0.69650775
fffe32003100320034003300,0.7053474
fffe32003900360030003400,0.42223305
fffe32003200300034003600,0.3910603
fffe31003500380039003900,0.2885788
fffe3400340034003500,0.6588628
fffe31003600380030003500,0.61454314
fffe350039003300,0.5648736
fffe330032003700,0.47703505
fffe3300340031003700,0.60383224
fffe3200350037003400,0.63247794
fffe32003900390031003300,0.49151522
fffe33003400310031003800,0.5109809
fffe33003100380039003400,0.4187202
fffe33003300360037003400,0.47419876
fffe3500330037003300,0.34436026
fffe31003100390033003000,0.29923773
fffe32003700310030003500,0.5138567
fffe3700390030003700,0.36156768
fffe31003400350034003600,0.37089905
fffe33003000370037003600,0.5992067
fffe31003300360039003400,0.15070517
fffe3600330036003300,0.6096708
fffe31003700390033003400,0.96936524
fffe3400310038003700,-0.0016331475
fffe3800310033003000,0.16872013
fffe3600380032003900,0.44265336
fffe3400300033003200,0.566762
fffe33003400370034003600,0.29308936
fffe3600360039003200,0.4477845
fffe33003000310039003000,0.2615744
fffe3600380030003600,0.711642
fffe32003700310038003900,0.37156656
fffe31003000380038003100,0.587935
fffe32003900380031003400,0.17593117
fffe32003600340037003600,0.24683928
fffe32003000320031003900,0.754782
fffe31003300340036003100,0.3352722
fffe33003400380039003200,0.44393343
fffe32003900330039003000,0.42278758
fffe32003300390036003000,0.823839
fffe31003000380031003100,0.22162361
fffe33003000340038003500,0.5834293
fffe3700360038003300,0.59898454
fffe3600310033003200,0.7734341
fffe3700300038003600,0.7248475
fffe31003300330031003300,0.9221052
fffe32003900390035003800,0.2858674
fffe32003900300030003200,0.39115947
fffe33003100350034003900,0.5468079
fffe33003300370031003100,0.5043095
fffe31003800370039003600,0.5650096
fffe3400330033003800,0.58271456
fffe32003200310030003300,0.33595607
fffe3800360034003300,0.44553557
fffe3800390036003100,0.63540787
fffe32003000380031003100,0.4192282
fffe33003200370037003300,0.76000774
fffe33003100380033003600,0.47269198
fffe33003000320038003500,0.68720895
fffe3900340031003100,0.37518305
fffe32003200300036003900,0.12269221
fffe31003800330036003000,0.40550792
fffe31003600320035003400,0.46424118
fffe3600380038003700,0.5763497
fffe32003000300035003500,0.6973742
fffe3800310038003800,0.6231574
fffe32003700390032003700,0.60639566
fffe33003400330037003100,0.5992947
fffe3400300039003600,0.0011787772
fffe3500340032003900,0.39093944
fffe31003600390039003300,0.16690584
fffe3100360039003200,0.39078733
fffe3600330034003700,0.62130815
fffe31003400320036003800,0.5322045
fffe33003000380034003100,0.5273188
fffe32003600330037003600,0.4986577
fffe33003300300037003700,0.64311546
fffe31003500360039003400,0.43273818
fffe31003700310032003700,0.5896087
fffe32003000330032003000,-0.0026531206
fffe31003000370031003400,0.4200057
fffe31003800360032003500,0.48254
fffe33003100340037003200,0.23233722
fffe3500390037003000,0.5290161
fffe31003300310038003100,0.043055825
fffe32003800370030003600,0.29004255
fffe33003100370032003500,0.55246645
fffe32003100340031003600,0.40277883
fffe31003600320039003800,0.15786082
fffe31003700370030003000,0.41845325
fffe3900360035003500,0.606881
fffe31003300390033003900,0.74086434
fffe32003300340037003500,0.5219328
fffe32003200360039003400,0.37662426
fffe3900310035003000,0.76012003
fffe33003200350034003400,0.34997663
fffe32003000350039003300,0.70501935
fffe31003700350036003300,0.27900666
fffe33003200350034003800,0.26638177
fffe3900330034003300,0.62515056
fffe32003400300032003500,0.31189445
fffe3500350037003400,0.5782813
fffe3500360039003900,0.3300506
fffe31003200300033003600,0.56016093
fffe33003300310030003000,0.26322383
fffe31003500300031003100,0.011312128
fffe31003900330034003200,0.5418994
fffe32003400360030003100,0.6053068
fffe32003500360038003600,0.47110668
fffe3700310036003900,0.5877666
fffe3200340031003700,0.33247378
fffe3700310035003900,0.4563561
fffe32003300300038003200,0.5299076
fffe32003900340032003600,0.57430637
fffe31003100350037003200,0.3545128
fffe31003000390031003600,0.39904314
fffe32003300360035003200,0.7104258
fffe3900320033003500,0.40741697
fffe31003200310034003700,0.3747186
fffe32003000390035003500,0.33728734
fffe31003400340036003400,0.5532617
fffe3300300036003700,0.33779258
fffe3200310039003700,0.7159251
fffe33003100350033003100,0.5445514
fffe32003500390037003300,0.61423033
fffe31003700350033003700,0.35743523
fffe31003500350038003300,0.6313716
fffe3500390036003900,0.9512087
fffe33003100380032003600,0.034613963
fffe33003300350038003500,0.56683624
fffe33003100360036003900,0.15271811
fffe32003600370037003000,0.5732183
fffe32003500310031003700,0.5435413
fffe3900370033003900,0.5572141
fffe33003400390034003300,0.61968577
fffe31003800390039003400,0.4957464
fffe33003400320038003500,0.32087448
fffe33003100370033003600,0.4827584
fffe31003100350039003900,0.52006876
fffe32003100300035003900,0.46475106
fffe3800390032003300,0.49391347
fffe3100300039003100,0.17051144
fffe32003400350033003200,0.35736465
fffe3100390033003500,0.32091287
fffe3900370032003500,0.6010718
fffe32003000360030003200,0.20761143
fffe31003200300038003400,0.0941385
fffe32003900330036003700,0.4659126
fffe32003500320030003800,0.2532606
fffe32003800330032003200,0.30531266
fffe31003400330035003400,0.78516144
fffe31003600320033003100,0.66544294
fffe31003000300032003500,0.32273325
fffe32003900300036003200,0.0602468
fffe31003100330030003600,0.36199287
fffe3100340039003200,0.53060365
fffe32003100380034003400,0.7854203
fffe32003400340038003800,0.27579272
fffe31003800380031003000,0.31183848
fffe32003700350037003500,0.74599487
fffe33003200300038003400,0.51282823
fffe33003100340033003300,0.5741945
fffe32003200360038003000,0.016237246
fffe3800340034003800,0.31199205
fffe32003400300036003600,0.5835145
fffe32003600300030003600,0.39275196
fffe3700310033003500,0.64946085
fffe31003400300035003800,0.459513
fffe3400390030003800,0.19178845
fffe31003200310033003100,0.16207398
fffe32003400390037003800,0.7319523
fffe31003600350030003500,0.3923532
fffe33003400380038003200,0.4599498
fffe33003200370038003800,0.61198366
fffe32003400330033003800,0.56314635
fffe31003000360038003200,0.104889624
fffe3100380034003000,0.5423866
fffe32003300370030003300,0.23434456
fffe32003300360033003600,0.4373695
fffe3300350038003800,0.8936973
fffe31003800360036003300,0.4392898
fffe31003500330036003300,0.31847686
fffe350036003700,0.15991673
fffe3300380037003100,0.40738136
fffe33003200370035003000,0.08194198
fffe310039003500,0.68639433
fffe33003400370038003400,0.44480765
fffe31003900340030003900,0.6705175
fffe33003200340030003900,0.41420248
fffe32003500320034003000,0.24934927
fffe32003100300034003700,0.6976661
fffe3500340030003400,0.50341177
fffe3700360037003500,0.637047
fffe31003500310037003700,0.5132136
fffe31003000350039003000,0.31388068
fffe3700300030003900,0.4002995
fffe3900300035003200,0.44906232
fffe32003900310032003900,0.499899
fffe32003400360038003700,0.34855276
fffe3900380035003700,0.37722713
fffe32003900350031003500,0.8065541
fffe3100370037003300,0.5976483
fffe31003200390038003500,0.39191216
fffe31003700330039003200,0.23843046
fffe32003700340039003200,0.16389774
fffe3800380033003500,0.46156558
fffe31003100370033003000,0.19213045
fffe36003600,0.09279229
fffe31003800390038003500,0.14974146
fffe33003300310032003700,0.41661337
fffe33003000320037003700,0.17954533
fffe3900370036003500,0.74315345
fffe33003400350035003700,0.31997827
fffe32003400330039003700,0.6687202
fffe31003800370036003200,0.49609864
fffe33003000300035003100,0.6216763
fffe31003800310031003900,0.39652687
fffe31003600340038003700,0.48742953
fffe340030003800,0.20394294
fffe32003600370030003100,0.37124458
fffe31003900320038003600,0.6076803
fffe3600360036003000,0.38601774
fffe33003300380039003000,0.38611594
fffe32003000360036003000,0.41038692
fffe33003400380037003100,0.634059
fffe3900300036003500,0.6265011
fffe32003000340037003400,0.70156395
fffe31003000300031003200,0.57205737
fffe32003100310038003600,0.2718465
fffe390038003100,0.70336574
fffe31003700360031003200,0.022787144
fffe32003700340039003500,0.697722
fffe32003000360038003900,0.3497526
fffe3400340035003400,0.30281255
fffe32003200390038003400,0.7486855
fffe33003200300031003500,0.34980112
fffe3300330039003200,0.5308253
fffe360030003600,0.55598485
fffe3100320038003800,0.50959504
fffe33003400360037003300,0.6938253
fffe32003300380034003900,0.45394152
fffe31003200350031003000,0.2390471
fffe32003100310031003800,0.23679437
fffe3900320032003900,0.39286327
fffe3300380039003900,0.585104
fffe31003900340039003200,0.45250514
fffe31003800310034003200,0.13342245
fffe32003600370038003700,0.116505645
fffe31003400350033003400,0.5431201
fffe32003100390030003300,0.5102796
fffe33003200350033003200,0.16589624
fffe31003500320039003600,0.71677184
fffe33003100390039003900,0.59298927
fffe32003200340039003900,0.69693345
fffe3700390037003900,0.419149
fffe31003500330032003500,0.561643
fffe31003300370039003400,0.57845235
fffe33003000330036003300,0.42655876
fffe33003300340036003000,0.15511164
fffe3200350038003000,0.4218802
fffe3500330037003900,0.5237203
fffe33003000360035003800,0.6229314
fffe31003600330035003400,0.10611801
fffe31003800320035003400,0.5862586
fffe33003200380039003400,0.525973
fffe32003700310033003900,0.51026493
fffe32003300370034003600,0.38337642
fffe33003200300036003400,0.5997883
fffe31003000300034003500,0.12841886
fffe31003900310037003700,0.22410701
fffe33003400350030003800,0.5254841
fffe350030003900,0.40873128
fffe31003500390035003100,0.6254984
fffe31003200370033003700,0.17686923
fffe31003300370036003500,0.4655518
fffe33003400360030003300,0.6634288
fffe31003200370031003400,0.5868765
fffe3400380036003600,0.27429855
fffe3300310038003900,0.4677207
fffe32003300300037003300,0.7096131
fffe31003400340036003100,0.87918067
fffe3600300034003400,0.32556024
fffe32003300350030003800,0.53777826
fffe31003700310036003300,0.3819401
fffe32003600370039003100,0.35590267
fffe32003300370033003700,0.5360835
fffe3500320032003900,0.002769504
fffe33003300360034003800,0.37791926
fffe3700380033003800,0.79539347
fffe31003600330037003300,0.62097985
fffe33003000310031003600,0.5490735
fffe32003000370034003000,0.4984087
fffe3800360030003200,0.61140805
fffe33003100360039003800,0.4479101
fffe32003300360030003000,0.28949082
fffe31003700360030003800,0.21287243
fffe33003100340031003600,0.5900065
fffe33003400360035003800,0.58124876
fffe31003300330038003800,0.41751978
fffe32003400380037003100,0.45808944
fffe32003200330037003700,0.6082514
fffe3900320035003700,0.48712444
fffe33003300330032003000,0.5085669
fffe33003400300032003500,0.24663512
fffe3600360034003000,0.65496874
fffe3800380039003700,0.5010571
fffe31003200360037003100,0.31738466
fffe32003100390032003700,0.39097357
fffe360035003100,0.41162708
fffe32003600360037003700,0.55116445
fffe32003900300033003400,0.40606463
fffe31003200310035003500,0.32302445
fffe3200320034003000,0.6870843
fffe3500320030003900,0.5579021
fffe3600310037003300,0.56485707
fffe31003700330036003700,0.46898174
fffe31003700390035003600,0.44446772
fffe31003800330037003200,0.0054762275
fffe31003200310034003100,0.10243705
fffe31003700320032003200,0.80749077
fffe32003500330035003100,0.5705146
fffe3200390036003500,0.22033074
fffe3200320038003500,0.2883729
fffe31003100330037003700,0.362435
fffe32003200370031003800,0.3434361
fffe31003200340034003700,0.2565795
fffe3100380035003100,0.25063676
fffe33003400340033003600,0.5994303
fffe31003300300030003300,0.45999935
fffe31003600390033003100,0.29316092
fffe31003600330039003400,0.39976686
fffe31003600350039003300,0.23265797
fffe3600370030003900,0.3938509
fffe32003200360031003400,0.5126017
fffe32003300320038003400,0.08697312
fffe3900300034003300,0.2278058
fffe31003100390035003300,0.5293513
fffe3600360039003900,0.4139488
fffe31003700300035003100,0.74458814
fffe32003100380035003400,0.2933562
fffe33003100370038003400,0.43457547
fffe33003300320030003600,0.84848773
fffe32003400370039003900,0.61094904
fffe31003700330038003100,0.51812047
fffe32003400330032003200,0.304955
fffe33003100320037003400,0.5092441
fffe3400360039003300,0.22383599
fffe33003200390039003300,0.14668085
fffe3300360032003200,0.28344086
fffe32003300390037003800,0.34991696
fffe3400350035003400,0.21348552
fffe33003000300037003000,0.4346541
fffe31003400320032003300,0.4168935
fffe33003400390038003500,0.18774712
fffe31003500310031003700,0.58335537
fffe32003200340034003900,0.5797714
fffe32003100320035003700,0.5234179
fffe32003900320035003900,0.31550196
fffe31003700310030003100,0.43007597
fffe31003400360034003500,0.6007231
fffe32003700330034003200,0.63345766
fffe3900320030003300,0.6332084
fffe32003400360030003500,0.6538156
fffe33003200360031003100,0.17406592
fffe32003400390030003100,0.2338484
fffe32003100320037003100,0.5830269
fffe32003000390039003000,0.23176564
fffe32003600350035003400,0.4899982
fffe31003400340036003300,0.54172754
fffe32003900330034003500,0.28926462
fffe33003200380030003300,0.21051437
fffe31003400370039003400,0.1735455
fffe3300310031003500,0.35632342
fffe31003000300039003600,0.5707498
fffe32003600330037003900,0.52932125
fffe32003100330035003100,0.72667325
fffe32003800360035003600,0.5174454
fffe33003000310034003300,0.7611001
fffe31003900320036003900,0.46692076
fffe31003700340030003300,0.39739698
fffe3800330039003100,0.32944506
fffe32003600390032003500,0.35462993
fffe31003300350032003100,0.48016942
fffe32003800330030003900,0.48892227
fffe3500320036003200,0.7423637
fffe31003700390039003800,0.5586523
fffe32003600340033003400,0.5245697
fffe32003000350032003300,0.45379674
fffe3400310035003700,0.6815961
fffe32003100360033003700,0.5980106
fffe31003000310038003400,0.8151192
fffe32003600310030003100,0.33126098
fffe31003800310032003900,0.5823506
fffe32003500350030003900,0.47574
fffe33003400390039003100,0.62650955
fffe32003900360033003900,0.6326763
fffe31003200360038003600,0.6385848
fffe3200340033003900,0.6440738
fffe3500330039003200,0.37849823
fffe32003500340035003100,0.54615617
fffe3300320030003900,0.40116185
fffe31003900330039003100,0.269477
fffe3400380030003700,0.7422143
fffe3500380036003300,0.45453587
fffe3500350032003900,0.65425897
fffe3200330038003500,0.36596185
fffe32003700320034003800,0.033779085
fffe370034003900,0.24038638
fffe32003000350033003900,0.21007995
fffe31003400310031003200,0.7407959
fffe3900340034003500,0.29825997
fffe3800310033003400,0.22875512
fffe33003000310031003100,0.09555468
fffe31003100380037003600,0.19824162
fffe32003700380034003300,0.52800894
fffe32003400390036003900,0.56097126
fffe33003300370034003500,0.5940143
fffe31003300330039003400,0.33094797
fffe370038003400,0.38120082
fffe3600320036003800,0.38552284
fffe3600350039003600,0.3209829
fffe3600330038003000,0.40922442
fffe32003600310034003700,0.2412119
fffe3300300031003500,0.34039995
fffe33003200360033003600,0.4159844
fffe33003200320034003200,0.7964773
fffe31003200350037003800,0.3591437
fffe32003800350030003200,0.54592764
fffe31003800330037003900,0.7595272
fffe33003000310031003800,0.650623
fffe31003400320033003500,0.22471607
fffe32003500350031003800,0.3938835
fffe32003900370035003400,0.33211702
fffe31003600380030003900,0.67010444
fffe32003500360038003300,0.5539514
fffe33003400370030003700,0.7957792
fffe31003400360035003200,0.39224505
fffe31003500350034003500,0.13924727
fffe3200300030003400,0.8661223
fffe31003800390032003600,0.52556217
fffe33003400300032003100,0.4951659
fffe31003600360033003200,0.6213202
fffe3600350038003200,0.61237323
fffe31003600380035003900,0.38375247
fffe31003400350030003700,0.40071192
fffe33003200370034003100,0.5198353
fffe3900320038003900,0.52342224
fffe32003000300032003300,0.5786464
fffe33003300360032003000,0.8653375
fffe31003200370034003400,0.4107366
fffe31003400380033003700,0.68993294
fffe31003800380039003000,0.36625007
fffe3600380037003100,0.2948307
fffe3700340035003000,0.65060985
fffe3800390039003500,0.6306587
fffe32003400310036003000,0.14599541
fffe33003100360032003100,0.4722014
fffe32003300310035003900,0.6533793
fffe31003000310039003800,0.5276735
fffe31003800390038003100,0.3651192
fffe32003300300033003000,0.27157548
fffe3300310036003000,0.45249993
fffe3800320032003500,0.41284966
fffe3600320031003200,0.4273579
fffe31003300340039003800,0.41557494
fffe31003000390031003900,0.028751934
fffe3100380034003900,0.6035636
fffe31003300370031003700,0.52089417
fffe31003900360034003600,0.7115291
fffe31003200340034003000,0.5203585
fffe3900330037003400,0.3412721
fffe3800360038003600,0.4702623
fffe32003600350038003600,0.6123414
fffe3200340034003800,0.5417697
fffe33003400300031003100,0.44392842
fffe31003100300031003100,0.4114405
fffe3500340039003100,0.4090703
fffe31003800320032003900,0.75160956
fffe32003400330031003200,0.2514279
fffe3900390030003600,0.84633994
fffe32003800370036003500,0.38840643
fffe3100350038003000,0.45842546
fffe31003900350031003300,0.034026593
fffe3700360037003300,0.48739028
fffe3900370037003200,0.56983304
fffe33003200370031003000,0.69040275
fffe31003600320035003800,0.76661515
fffe31003100310034003700,0.24677439
fffe32003100360031003900,0.31565857
fffe32003800390034003900,0.25211918
fffe33003200380034003400,0.62385845
fffe32003100300038003400,0.2558652
fffe31003700360039003200,0.41867375
fffe31003900370033003700,0.3998186
fffe32003600310032003800,0.42795017
fffe32003100330033003800,0.3497775
fffe3200320036003000,0.22149092
fffe32003600390030003300,0.5151407
fffe33003000370035003400,0.75421596
fffe33003000310039003200,0.052946284
fffe3600360034003200,0.22619544
fffe32003700310035003500,0.6605558
fffe3500300030003900,0.44957513
fffe32003100320030003200,0.5991128
fffe33003400310030003300,0.83555937
fffe3600370034003900,0.39860168
fffe33003300370033003100,0.51497746
fffe3500360036003300,0.62348837
fffe33003100320031003300,0.71712154
fffe33003300390030003600,0.59750503
fffe31003500300034003800,0.19581427
fffe33003300330030003900,0.27368242
fffe31003700330031003200,0.22491238
fffe3200330032003400,0.24502853
fffe31003500340039003700,0.9223331
fffe32003500350034003900,0.38932112
fffe3400330031003900,0.28858572
fffe32003900370032003300,0.45187587
fffe32003100310032003500,0.480086
fffe31003100390030003100,0.6638594
fffe3800300031003300,0.5909075
fffe33003200390034003200,0.23329607
fffe3900320038003800,0.20039245
fffe33003200370035003100,0.80756456
fffe32003900310035003600,0.644456
fffe3500390031003000,0.07127473
fffe33003100370037003200,0.7408479
fffe33003200330037003400,0.5963097
fffe31003500330035003300,0.426842
fffe33003100320030003500,0.5873097
fffe3200390033003700,0.61469066
fffe3800300030003700,0.24360888
fffe31003500320036003700,0.323748
fffe3100370035003200,0.6905995
fffe31003200350037003000,0.5169993
fffe32003900360036003200,0.36623943
fffe33003300370031003800,0.5591551
fffe32003600370035003800,0.3408554
fffe32003500330033003600,0.5540472
fffe31003400390030003500,0.54360396
fffe32003100370032003900,0.27147666
fffe33003100310038003100,0.65407985
fffe32003800340039003100,0.54599804
fffe31003000340039003500,0.6735895
fffe32003200320030003100,0.35987142
fffe3900360036003200,0.72584176
fffe31003900340032003600,0.16443369
fffe32003900300030003500,0.41664055
fffe31003900380032003300,0.33074707
fffe3800340038003400,0.5506774
fffe350031003900,0.35913172
fffe32003300370031003600,0.31081843
fffe370033003400,0.68111354
fffe32003000380037003000,0.399348
fffe31003700320030003100,0.043998186
fffe32003300360031003200,0.7835498
fffe3100370039003900,0.5874506
fffe3400360033003900,0.3951278
fffe32003800380037003900,0.29500064
fffe3400300036003000,0.674004
fffe31003400380036003200,0.43428826
fffe32003000330038003600,0.36571696
fffe32003000310032003800,0.59330654
fffe31003400330033003100,0.54107773
fffe3800350034003100,0.56621
fffe32003800340035003700,0.5553518
fffe32003700390030003200,0.4067648
fffe370033003500,0.3106692
fffe32003800320039003500,0.6185743
fffe3100360039003400,0.11668493
fffe32003900330031003100,0.42390072
fffe32003000310039003600,0.3884971
fffe31003600300035003500,0.98688
fffe33003000300031003800,0.7193918
fffe33003400380031003400,0.3868076
fffe31003900350031003400,0.7818568
fffe31003200370034003900,0.40884712
fffe31003400300032003800,0.3812603
fffe33003100310034003200,0.49100503
fffe31003700300032003700,0.5588308
fffe31003500300032003000,0.2546426
fffe3800350038003400,0.33774167
fffe33003200360034003000,0.6366344
fffe3100360030003100,0.5691127
fffe33003300340032003500,0.3156703
fffe3200360038003100,0.25748336
fffe31003300390037003000,0.46719557
fffe350031003000,0.53461367
fffe32003500380035003300,0.35843447
fffe31003300340034003500,0.35764655
fffe3900310030003900,0.61869967
fffe370032003500,0.23948815
fffe3900330034003200,0.39287195
fffe32003600370036003200,0.35451093
fffe31003200360034003500,0.18334581
fffe3800390034003400,0.78030646
fffe3400320035003000,0.64183253
fffe3400390031003700,0.5041742
fffe3800350036003300,0.5107513
fffe33003200340031003900,0.5081666
fffe31003700340036003900,0.61382616
fffe32003300310037003300,0.61065984
fffe3800380038003000,0.5859522
fffe3800330035003900,0.8530095
fffe380030003000,0.27280736
fffe32003400370038003200,0.32663208
fffe31003300350031003400,0.59325546
fffe32003800310030003200,0.75759315
fffe31003700390030003400,0.6632108
fffe31003900310031003300,0.38642836
fffe3800340031003800,0.16135843
fffe3400320033003700,0.3832331
fffe31003800350037003000,0.13483371
fffe33003100330034003600,0.43626574
fffe32003600390032003100,0.45253205
fffe31003900330038003500,0.47041407
fffe3700330034003800,0.24962395
fffe33003300340030003300,0.7399247
fffe3200390039003100,0.7757204
fffe3300300031003300,0.26621696
fffe31003700310031003300,0.22073069
fffe3700350032003000,0.54932284
fffe3700310038003400,0.07837393
fffe3300360030003700,0.31216317
fffe32003300350039003600,0.56012565
fffe3900380036003000,0.4029483
fffe31003900320030003400,0.5751296
fffe31003100310035003900,0.54702413
fffe33003300380035003300,0.24938206
fffe33003300330038003600,0.9396864
fffe32003400330039003300,0.5112017
fffe32003500350039003500,0.6203275
fffe3600320039003900,0.114802755
fffe33003300300035003000,0.6115198
fffe33003100330038003600,0.36196133
fffe32003400390038003700,0.24985142
fffe31003000330030003900,0.7537073
fffe3200350030003200,0.75803614
fffe32003900350032003700,0.42544636
fffe3600340031003700,0.8391582
fffe32003000380039003700,0.4031246
fffe370033003200,0.23955825
fffe32003000360034003700,0.45484516
fffe31003100310035003500,0.7367129
fffe33003400330033003200,0.68865967
fffe31003500310037003400,0.67335314
fffe3400300034003500,0.7467521
fffe350030003100,0.70185333
fffe31003400360031003400,0.13169716
fffe3300340039003300,0.3437456
fffe31003100300030003900,0.54397506
fffe3200370034003100,0.5497865
fffe32003100390032003400,0.6249557
fffe32003100360036003500,0.8232475
fffe32003100380034003500,0.13457003
fffe31003600330034003400,0.15033244
fffe33003300300035003200,0.02933148
fffe3900320038003600,0.041345768
fffe33003000320032003000,0.5965566
fffe32003500370030003300,0.15393844
fffe32003600380032003900,0.25722364
fffe32003600340039003300,0.4679791
fffe32003100380031003100,0.41327363
fffe3100350032003300,0.65340865
fffe32003500310035003700,0.63382083
fffe33003100310032003400,0.5151407
fffe31003000380035003000,0.50173306
fffe31003800360039003500,0.34088817
fffe33003200350035003600,0.16686893
fffe31003700360034003900,0.5543302
fffe33003200350030003100,0.59741324
fffe3400320035003700,0.70730394
fffe31003700340031003500,0.26940507
fffe32003100380037003200,0.3597405
fffe33003300370039003400,0.57142884
fffe31003300330035003600,0.49694306
fffe33003300320036003500,0.7067912
fffe3700390034003100,0.04063614
fffe31003800340037003500,0.36051008
fffe32003400300030003200,0.45284367
fffe32003400310037003900,0.23552945
fffe33003100360038003600,0.3904885
fffe31003100320031003000,0.1873642
fffe32003500370033003000,0.6182191
fffe32003100340033003000,0.42286232
fffe31003500380039003700,0.06069751
fffe32003700360035003500,0.56422883
fffe3200350032003100,0.36505625
fffe32003500350034003600,0.4182872
fffe31003900370036003600,0.4774338
fffe32003200310030003400,0.42111424
fffe32003600310037003600,0.6089785
fffe33003400310035003800,0.23316586
fffe31003800330034003800,0.27649903
fffe32003000340034003100,0.8074508
fffe33003100370036003400,0.5361043
fffe32003200300032003000,0.6195623
fffe32003800300030003300,0.7713018
fffe32003500330037003300,0.21994545
fffe32003700340036003700,0.8248064
fffe32003700330037003900,0.2368004
fffe33003300310035003100,0.3616061
fffe3700380031003500,0.526476
fffe32003900380032003700,0.548133
fffe3900320034003600,0.4240797
fffe33003000320036003600,0.5477171
fffe31003100340035003700,0.5118338
fffe32003000340038003800,0.291735
fffe3900300039003700,0.7726905
fffe32003700360039003100,0.31381246
fffe32003900310039003800,0.5665526
fffe32003900320033003700,0.7120898
fffe31003000320038003800,0.30485126
fffe3200380039003000,0.30332428
fffe32003700310039003400,0.4427435
fffe3500310032003200,0.4545653
fffe3400340039003700,0.6560158
fffe31003800390037003700,0.7723875
fffe3800380032003500,0.08271966
fffe32003700350032003500,0.41699356
fffe33003400300036003900,0.5992863
fffe3100360038003900,0.4659435
fffe31003100360037003700,0.5626506
fffe3700340030003100,0.4794454
fffe32003300300030003900,0.27643743
fffe33003100350038003700,0.6434029
fffe3800300038003100,0.696474
fffe3700310031003500,0.2012243
fffe33003100300031003600,0.5045951
fffe32003000330030003000,0.36057714
fffe32003300310035003200,0.035753958
fffe32003700350033003800,0.39196876
fffe3700340037003500,0.42568585
fffe320039003400,0.57195175
fffe31003900390031003400,0.57769597
fffe3100330038003800,0.24994598
fffe350033003800,0.50246364
fffe33003100300032003000,0.016506793
fffe32003200340033003200,0.40190598
fffe32003600380034003000,0.551949
fffe31003100310030003900,0.43157694
fffe31003700320030003400,0.5775781
fffe32003300380035003400,0.27736735
fffe3900320039003600,0.45853013
fffe33003300370039003100,0.51971924
fffe32003400320036003600,0.47874638
fffe31003400330030003200,0.5872765
fffe32003100330034003400,0.71561986
fffe31003900370037003200,0.23750998
fffe31003500380031003600,0.27558932
fffe31003000320037003200,0.7351533
fffe32003400350036003500,0.5385665
fffe31003200300033003900,0.46448433
fffe32003500340034003100,0.57366717
fffe31003200370033003500,0.88505244
fffe3600370038003700,0.24625629
fffe32003300320034003400,0.39732775
fffe3200390037003200,0.3503989
fffe32003700320039003100,0.45729807
fffe33003400340038003200,0.56324285
fffe3300370037003600,0.8196458
fffe31003800350031003700,0.38462687
fffe31003900330036003800,0.5749662
fffe3800330034003700,0.56875676
fffe32003900330034003600,0.3719036
fffe32003600370031003700,0.1879432
fffe31003800360035003100,0.6127301
fffe32003700370034003600,0.40506425
fffe33003100340036003400,0.38574448
fffe310039003100,0.45558268
fffe31003600320031003600,0.5964804
fffe33003200330031003000,0.13431413
fffe32003900390031003600,0.41576526
fffe3100310039003500,0.6046129
fffe3600390039003100,0.36315358
fffe31003400310035003200,0.20125212
fffe32003200370032003100,0.23912129
fffe31003700320039003200,0.5649495
fffe3400390037003300,0.6662686
fffe33003000300032003300,0.1945416
fffe33003200350037003300,0.90680444
fffe33003300380034003500,0.4417844
fffe3800370036003100,0.28751618
fffe31003500320038003200,0.5869471
fffe33003000300034003800,0.035076514
fffe32003400380034003900,0.2517736
fffe3100380031003100,0.3517981
fffe31003700300038003200,0.6217689
fffe31003900310033003700,0.35920063
fffe32003800320036003600,0.18464918
fffe31003800340035003500,0.35854855
fffe32003600320034003900,0.56205326
fffe31003900380037003300,0.23018537
fffe3200360030003700,0.7057574
fffe32003300360039003300,0.39247385
fffe32003300330031003400,0.32551312
fffe31003400340035003200,0.27110472
fffe3500330032003700,0.4111226
fffe32003300380038003000,0.53076845
fffe33003400350033003100,0.3558979
fffe31003500310031003000,0.9115253
fffe3700310036003100,0.6307385
fffe3100390036003000,0.364928
fffe32003200360034003700,0.72120297
fffe3200300031003900,0.44792584
fffe31003300300030003700,0.5640164
fffe3400310032003200,0.5657485
fffe31003300380034003000,0.18594126
fffe32003000380039003200,0.5634159
fffe3200370032003700,0.40663344
fffe370030003200,0.6391724
fffe33003400320035003400,0.4176406
fffe31003900340038003900,0.16280995
fffe33003000340031003700,0.6019151
fffe31003200370038003700,0.3439587
fffe32003400310031003300,0.49724284
fffe31003900310039003400,0.13336034
fffe32003200320038003900,0.57108945
fffe32003700340039003900,0.59009147
fffe31003100300031003600,0.5177405
fffe32003600320036003500,0.59229213
fffe31003300340034003700,0.39725864
fffe3400350034003100,0.40442196
fffe33003100310033003200,0.8789565
fffe32003500300033003600,0.56415427
fffe32003400350038003600,0.4835164
fffe3300350035003200,0.3035152
fffe3100330037003900,0.0024304823
fffe3300350037003100,0.320433
fffe32003800350038003700,0.27021563
fffe3200360034003600,0.55570155
fffe3100320032003600,0.61819506
fffe32003100390038003800,0.27503547
fffe32003300370034003800,0.20297216
fffe32003600310039003700,0.66130656
fffe31003600360030003500,0.5995382
fffe33003200350038003600,0.66605496
fffe32003700370036003500,0.58707494
fffe3300340036003300,0.78670275
fffe3200350031003400,0.3182391
fffe3300320034003800,0.43092135
fffe32003800390039003000,0.1550808
fffe3800390034003200,0.3194859
fffe350031003300,0.5027949
fffe3200360037003000,0.20605624
fffe340038003800,0.2214325
fffe3100350039003100,0.6826736
fffe3900370034003000,0.5299033
fffe33003000310038003200,0.49081114
fffe32003700340031003700,0.256851
fffe3600370034003000,0.36759517
fffe33003200310034003600,0.5821354
fffe33003000390032003000,0.30927068
fffe32003800350032003500,0.5010318
fffe32003000390031003200,0.41371962
fffe31003300330039003700,0.61740494
fffe32003300330030003800,0.48078904
fffe33003400360032003400,0.7716439
fffe31003200340036003400,0.6476837
fffe32003400310035003000,0.4969753
fffe31003200330031003400,0.1286863
fffe32003600370034003000,0.24410464
fffe3500340033003900,0.16730364
fffe31003700370032003400,0.65107656
fffe3700380037003900,0.10058807
fffe31003400380037003000,0.27725294
fffe32003100310037003100,0.3967792
fffe32003800380038003100,0.57479596
fffe31003400370033003600,0.32986426
fffe33003300320034003900,0.016773317
fffe33003000340031003600,0.48971143
fffe32003900390036003000,0.4428929
fffe3500370034003300,0.73032033
fffe32003600350037003800,0.6230056
fffe33003100360033003400,0.59623224
fffe31003200360036003500,0.5750241
fffe3600390035003400,0.64636433
fffe31003500300032003100,0.17512979
fffe31003300390037003300,0.041663744
fffe31003400390034003100,0.69083065
fffe32003200370033003600,0.3668172
fffe3300330030003100,0.45363495
fffe33003300330034003400,0.08018754
fffe32003900340035003600,0.39888322
fffe33003400390035003100,0.72049695
fffe31003900300039003800,0.39444223
fffe31003300320034003600,0.2984601
fffe32003500390030003400,0.2406238
fffe31003500350030003200,0.6933986
fffe31003500390031003500,0.34716013
fffe3200310030003300,0.6187046
fffe32003900340031003200,0.36274406
fffe31003400390038003300,0.39472586
fffe32003900360031003400,0.57344687
fffe3800390033003800,0.62990975
fffe31003100310033003600,0.6715469
fffe31003800300030003900,0.4435717
fffe3400320031003200,0.070558645
fffe31003600320030003600,0.3747246
fffe31003500320030003500,0.565176
fffe32003200350032003900,0.69206774
fffe31003400340033003600,0.6085089
fffe3600320035003400,0.6275393
fffe3500350037003300,0.3881898
fffe31003100300030003000,0.7514648
fffe32003200330036003200,0.21700077
fffe31003500320033003400,0.09211677
fffe33003100370032003000,0.53793293
fffe3300380036003100,0.40849915
fffe31003000380038003900,0.5341679
fffe3300380038003800,0.6937411
fffe32003200300038003400,0.5650333
fffe32003800310038003800,0.57655394
fffe32003100350038003300,0.16890751
fffe31003300320034003400,0.36491472
fffe32003400390030003700,0.369416
fffe3200310036003400,0.3845133
fffe33003300380034003400,0.19422592
fffe32003900300033003800,0.27827486
fffe380039003100,0.29157257
fffe31003500300030003600,0.0028202347
fffe31003500330031003400,0.6232202
fffe33003100370037003900,0.6475712
fffe31003900310032003400,0.65842474
fffe33003400340039003400,0.69074726
fffe31003300320033003300,0.5488036
fffe31003000360038003400,0.35831848
fffe33003300330033003100,0.52575934
fffe32003200310038003200,0.4037652
fffe32003900330032003400,0.011079389
fffe31003200350039003700,0.4344113
fffe3500330034003800,0.20859788
fffe31003300300039003900,0.6351327
fffe32003200390031003400,0.37120366
fffe3400330037003100,0.1287062
fffe3800350034003700,0.21083453
fffe3900350038003700,0.4042932
fffe33003200340037003900,0.65469635
fffe31003900360038003700,0.649947
fffe31003300350030003500,0.21620303
fffe33003300320038003700,0.431842
fffe31003500320037003500,0.6969433
fffe3300340035003200,0.26444957
fffe3500330031003000,0.43402496
fffe31003100340037003700,0.5424635
fffe33003200300036003800,0.58058465
fffe33003300370030003300,0.34162265
fffe31003700300032003600,0.1670786
fffe32003000300039003500,0.10157256
fffe31003900320035003500,0.5797709
fffe31003200320031003400,0.23073977
fffe31003100360036003700,0.4080785
fffe32003200370039003200,0.7183915
fffe33003300300037003000,0.71202755
fffe31003200390033003900,0.44595006
fffe3800390039003400,0.5878652
fffe3700320030003200,0.5433944
fffe31003300360038003000,0.14051646
fffe3100360030003800,0.3602243
fffe3700310039003100,0.40771425
fffe32003000340034003300,0.68373215
fffe31003100370038003800,0.90797
fffe32003200310039003500,0.5789924
fffe33003000330038003100,0.71574134
fffe31003600300037003900,0.34773248
fffe31003500380035003200,0.2895717
fffe3200300030003200,0.37479144
fffe32003200380032003300,0.4039102
fffe31003700370031003300,0.5031653
fffe3500370031003500,0.39058632
fffe32003000380036003200,0.47492215
fffe32003200300031003200,0.17553945
fffe33003100310035003600,0.40686896
fffe31003100340032003700,0.36675748
fffe32003100390037003000,0.5161635
fffe31003100370036003500,0.14618288
fffe32003000360037003000,0.23875894
fffe3100370037003900,0.18609829
fffe32003300340033003700,0.59613353
fffe31003200360037003200,0.28462076
fffe32003500340030003900,0.42194965
fffe32003500390031003500,0.4481621
fffe33003300320036003200,0.011029698
fffe31003400310039003700,0.108375885
fffe3500320037003900,0.39349747
fffe32003500380039003700,0.075814895
fffe31003900380038003500,0.5526108
fffe32003000330035003800,0.9407423
fffe3800340032003300,0.42323264
fffe32003300370037003900,0.2730018
fffe33003400360038003700,0.5515043
fffe32003500320037003500,0.26287895
fffe3200370038003200,0.007958224
fffe31003400340033003000,0.5841709
fffe3900360030003000,0.6441398
fffe31003600300038003700,0.5723658
fffe3800330039003600,0.4413493
fffe32003300330031003000,0.44378307
fffe33003000390036003000,0.5793311
fffe31003900340032003400,0.39925748
fffe33003100370036003900,0.37789533
fffe3700330038003300,0.47039893
fffe31003000300038003300,0.23326339
fffe32003200310030003600,0.19953272
fffe33003100320036003200,0.114119545
fffe32003200330032003000,0.87258875
fffe31003600380034003200,0.17816766
fffe33003000340035003600,0.47092298
fffe32003200350035003800,0.4516656
fffe3700320037003200,0.43322954
fffe31003900310035003000,0.54821414
fffe32003700370033003800,0.6086538
fffe3800360038003900,0.416265
fffe33003100320034003600,0.6807382
fffe31003800300036003900,0.36321357
fffe31003500360034003000,0.64887255
fffe31003300310035003100,0.39868206
fffe3900320039003200,0.41248462
fffe3200300037003800,0.45869693
fffe32003900380032003500,0.7566127
fffe33003400370031003700,0.51194817
fffe31003400340030003200,0.33264378
fffe3400340032003100,0.18418005
fffe31003400320035003900,0.5128393
fffe33003000300039003800,0.6164242
fffe31003800330035003800,0.43238875
fffe32003500360033003600,0.60906476
fffe3900310032003500,0.3173565
fffe32003200390036003900,0.64843136
fffe3100310038003100,0.39306095
fffe3800330031003400,0.46928462
fffe31003900350033003000,0.6473577
fffe31003500390032003500,0.44659314
fffe3300360037003000,0.34898853
fffe32003300320039003700,0.53659165
fffe3300340036003200,0.8173421
fffe31003000310032003000,0.37643102
fffe3800390036003900,0.8139287
fffe33003200320035003600,0.51241547
fffe3600380038003800,0.714979
fffe32003900350033003100,0.65786755
fffe31003800300038003900,0.6770345
fffe31003000310031003800,0.1952696
fffe3500320036003500,0.7326595
fffe32003100300038003900,0.55503744
fffe3600330032003600,0.6356192
fffe3700380032003100,0.18222547
fffe32003900380030003200,0.18285075
fffe31003300310031003800,-0.0010829519
fffe33003200340039003600,0.22838488
fffe32003000300033003700,0.48658735
fffe32003300380039003800,0.35150355
fffe32003300320035003100,0.45653123
fffe33003400310035003200,0.1183735
fffe31003200370037003500,0.54275846
fffe330034003200,0.28251454
fffe33003100380030003200,0.03457737
fffe31003200330034003900,0.6471276
fffe31003400360030003600,0.74177665
fffe3800390030003100,0.55826014
fffe31003500320039003200,0.5580748
fffe3500320031003700,0.31552622
fffe31003300300038003100,0.6641662
fffe3600350032003100,0.6272089
fffe31003500360030003300,0.47155032
fffe32003800330038003300,0.45995748
fffe32003000310032003200,0.48476547
fffe31003300390037003500,0.3655682
fffe32003700360033003700,0.65542436
fffe31003600340034003500,0.30350602
fffe32003900330037003400,0.3405709
fffe3100320037003800,0.2897684
fffe32003900320032003600,0.57059705
fffe32003800310039003900,0.019117467
fffe32003800360036003200,0.58380085
fffe31003100380037003000,0.9088384
fffe31003400320030003900,0.6239175
fffe31003200310036003300,0.5637686
fffe31003400380032003000,0.55304843
fffe32003800370038003900,0.2507648
fffe32003300300037003600,0.16628782
fffe32003200350038003500,0.41176954
fffe310030003600,0.19067305
fffe32003200300036003700,0.6098434
fffe32003400340032003100,0.06663565
fffe32003300370030003900,0.33973446
fffe3800310038003500,0.37359503
fffe33003200330038003000,0.039703127
fffe31003500360038003600,0.5763098
fffe3200340030003400,0.61648995
fffe31003800310036003200,0.33532348
fffe3200370035003500,0.35819826
fffe32003600320030003900,0.39775094
fffe3500340034003900,0.50390446
fffe32003800390038003800,0.21474744
fffe32003500390038003000,0.7962897
fffe31003900390037003900,0.603302
fffe31003200330033003000,0.61873657
fffe32003700310035003900,0.6232915
fffe33003300310037003600,0.5044001
fffe32003200330034003000,0.21675065
fffe3800320037003000,0.79793984
fffe31003900390033003900,0.18183795
fffe32003000310038003300,0.39081335
fffe32003800340030003900,0.04797074
fffe32003100360030003500,0.2291948
fffe3600340034003800,0.1572225
fffe31003600300037003200,0.60585856
fffe32003100370035003400,0.5008892
fffe33003000380035003600,0.20913695
fffe31003900300031003700,0.08168929
fffe31003200380037003800,0.50366515
fffe350034003000,0.44751182
fffe31003700360036003500,0.22412224
fffe3200340036003100,0.37887213
fffe31003700300030003900,0.44728705
fffe32003300390034003500,0.4121466
fffe31003700380033003200,0.12583408
fffe33003400390036003400,0.6025112
fffe32003100300031003200,0.5260065
fffe3800320030003400,0.6615748
fffe33003200370039003600,0.44822663
fffe33003100320032003500,0.83553004
fffe33003400350032003400,0.23342451
fffe32003500320032003000,0.3415911
fffe320036003500,0.4728847
fffe32003100370031003100,0.21828572
fffe32003800390038003500,0.63128126
fffe32003400370034003400,0.3978598
fffe31003800360033003300,0.55773056
fffe32003100380036003700,0.76664007
fffe31003600380035003800,0.5243784
fffe31003000310036003500,0.63474965
fffe33003300330037003000,0.64348227
fffe32003100380032003300,0.43218002
fffe31003600340038003200,0.6028123
fffe3300390038003800,0.24006923
fffe31003800370032003100,0.36756817
fffe31003800330038003100,0.61014926
fffe3100340034003200,0.17146382
fffe3800380032003400,0.598674
fffe3800300038003600,0.23962055
fffe31003100380038003800,0.56508607
fffe340035003000,0.43765026
fffe3700300031003800,0.3842003
fffe33003200350032003200,0.17288302
fffe32003800320033003800,0.2108471
fffe3600360030003900,0.6995863
fffe3400340035003900,0.1727724
fffe32003700380034003700,0.29280293
fffe32003700300033003600,0.28024983
fffe33003200300032003400,0.79790807
fffe31003500380032003000,0.5914182
fffe31003900390034003300,0.6342334
fffe32003800330037003200,0.58974487
fffe3500310034003800,0.69345176
fffe32003100340038003800,0.13742238
fffe33003200370038003400,0.49443692
fffe33003300370039003000,0.20961604
fffe3300370031003500,0.4058657
fffe33003200380030003400,0.719299
fffe31003000370038003700,0.8005264
fffe33003200330034003300,0.82013583
fffe3400380038003300,0.6014488
fffe31003000330035003200,0.7505609
fffe31003700330031003500,0.33549598
fffe31003200300032003900,0.6022954
fffe33003000330030003200,0.40459493
fffe33003400330039003300,0.3803958
fffe3600350036003600,0.2701499
fffe3900320035003500,0.5916455
fffe31003800310039003700,0.6290672
fffe31003700350036003200,0.53318363
fffe31003100340035003900,0.39737675
fffe3600380038003300,0.42802784
fffe32003900310038003600,0.32971674
fffe3100350036003400,0.41164908
fffe3100390036003300,0.4434492
fffe32003100340036003900,0.3091791
fffe31003700360034003400,0.66723984
fffe32003200310037003700,0.2140223
fffe31003900310039003100,0.67487437
fffe31003400390038003800,0.02853069
fffe33003000370035003800,0.14075573
fffe3600320034003800,0.4070214
fffe31003200320035003500,0.12003614
fffe32003700330036003600,0.43204987
fffe31003300310039003900,0.52482015
fffe31003900370038003100,0.26659027
fffe32003900310035003400,0.22261535
fffe32003600350039003300,0.5622872
fffe3500380038003400,0.2111966
fffe330035003200,0.30224437
fffe31003100360032003400,0.306172
fffe32003900370036003000,0.24719392
fffe33003000340037003300,0.5467691
fffe3700390031003100,0.6383549
fffe33003100320032003000,0.4408886
fffe33003400390037003000,0.16162094
fffe3700330036003300,0.26794365
fffe32003300330035003600,0.42974526
fffe3200310038003500,0.65889937
fffe32003300360033003400,0.79258716
fffe32003200330035003700,0.55478436
fffe32003000360032003400,0.75541717
fffe33003300310032003900,0.51415336
fffe32003600320032003900,0.3662934
fffe31003200320038003600,0.50008285
fffe31003100340039003500,0.45667785
fffe31003800360034003400,0.37159622
fffe31003300380039003200,0.41005933
fffe33003200300033003800,0.9234595
fffe3200320038003300,0.08718646
fffe31003100310038003300,0.62064195
fffe3300370038003200,0.3553468
fffe33003100390033003100,0.6880423
fffe3200340038003100,0.25361484
fffe32003700330036003800,0.4478135
fffe32003600360036003900,0.22761577
fffe3900310038003400,0.3602632
fffe32003200320034003300,0.50998706
fffe32003900370035003000,0.11534711
fffe31003900340039003100,0.14824173
fffe32003600320038003400,0.06610135
fffe3500340032003800,0.24225725
fffe33003000350033003900,0.43147758
fffe33003400390033003600,0.25720823
fffe31003500320035003400,0.36803117
fffe3500320035003100,0.46813896
fffe32003300310033003000,0.35269952
fffe32003500330030003500,0.1960445
fffe3700310034003800,0.4135742
fffe330037003400,0.5262326
fffe32003100340030003000,0.5366908
fffe32003100390035003700,0.793402
fffe32003400380037003600,0.5815534
fffe33003400310036003100,0.43130988
fffe32003300350030003300,0.6507721
fffe3700320034003500,0.561157
fffe31003100320038003700,0.2614562
fffe3300390030003000,0.21761443
fffe32003600340031003600,0.112051025
fffe32003000320037003700,0.6705156
fffe32003100320030003000,0.41082272
fffe32003400350030003000,0.48585954
fffe31003800320034003700,0.5878848
fffe320039003100,0.52115995
fffe3300380037003400,0.6187061
fffe31003200350037003600,0.41061208
fffe31003800370039003700,0.3771317
fffe32003700370035003700,0.45120043
fffe33003400310030003600,0.27123636
fffe32003600320033003700,0.4018622
fffe31003200310039003600,0.799369
fffe3400380035003300,0.36424422
fffe3600370038003300,0.6933708
fffe31003400340038003500,0.38135827
fffe31003700360039003700,0.45667085
fffe3900360038003300,0.7368162
fffe31003300340039003900,0.3526249
fffe32003100310030003400,0.38487178
fffe32003300350033003800,0.15800734
fffe32003700390030003000,0.7635776
fffe31003600340036003500,0.68197924
fffe32003500300033003300,0.7741128
fffe3900370031003400,0.7411484
fffe3100320038003600,0.2640383
fffe33003000370036003100,0.87902606
fffe31003300330033003700,0.40684375
fffe32003800310035003100,0.5587107
fffe33003000330030003100,0.6481087
fffe33003000330034003400,0.36163363
fffe31003800360030003300,0.4207845
fffe31003000310035003600,0.2625518
fffe3400300038003800,0.58572483
fffe3700370038003100,0.14118516
fffe32003200320036003200,0.21943001
fffe31003800310033003100,0.45564145
fffe32003500380039003200,0.7619356
fffe31003400340038003100,0.3755696
fffe3800380030003000,0.3442217
fffe31003100360032003000,0.33501953
fffe31003700360037003300,0.2355765
fffe3100340033003700,0.07580122
fffe31003400320037003500,0.6319976
fffe3700340031003600,0.5874375
fffe32003100320035003200,0.38044783
fffe3600340032003800,0.5061605
fffe31003300310034003500,0.51417
fffe31003200380037003300,0.56824
fffe32003300300033003600,0.38114914
fffe31003500360034003300,0.4029554
fffe31003400390034003200,0.28034583
fffe31003100340038003200,0.21060319
fffe3400300035003100,0.5498783
fffe3800350034003000,0.46144184
fffe3900340035003900,0.41353938
fffe31003700370033003700,0.79154986
fffe3200360037003300,0.88872355
fffe32003500350031003000,0.6872421
fffe32003800340035003400,0.4267272
fffe3400340039003300,0.3085547
fffe3700330037003500,0.45097697
fffe32003600330039003800,0.6676065
fffe3200310030003500,0.44580305
fffe31003700310034003400,0.027665628
fffe3900340034003700,0.34715396
fffe3900310030003300,0.5762808
fffe31003400300031003700,0.4471682
fffe32003900380037003200,0.21353132
fffe32003100380039003200,0.618633
fffe33003100370034003700,0.40800977
fffe3400390039003900,0.50459903
fffe32003300380038003800,0.3261281
fffe33003400300030003000,0.51922035
fffe3400360034003700,0.6654785
fffe32003800340037003000,0.55911946
fffe31003500360030003100,0.2124408
fffe32003000370035003800,0.26706567
fffe33003300310038003600,0.45686686
fffe33003400310032003200,0.6345525
fffe3700300032003200,0.5770797
fffe3800330032003500,0.6821238
fffe33003400350030003000,0.2336111
fffe3500380035003100,0.6746198
fffe31003700330037003800,0.17180811
fffe32003100310035003700,0.018261034
fffe32003100300033003000,0.58385855
fffe3500370033003300,0.55029434
fffe33003200340031003700,0.36604393
fffe32003100390036003900,0.23724195
fffe31003300300035003000,0.35325742
fffe3600310034003400,0.8072109
fffe3500310035003600,0.5312504
fffe3200380038003000,0.45887026
fffe33003100300035003800,0.18481512
fffe3100310031003100,0.22677654
fffe3100380030003200,0.5565995
fffe32003500380034003900,0.012135924
fffe3400350030003500,0.5125708
fffe32003900330035003200,0.5211875
fffe33003400320034003300,0.41725805
fffe32003400320036003800,0.17928876
fffe31003600370039003600,0.18432826
fffe31003300320030003300,0.5034269
fffe31003100330039003800,0.52464914
fffe33003200380035003000,0.56915414
fffe31003200340039003500,0.44174376
fffe31003800310030003500,0.9285413
fffe31003700330039003400,0.32463497
fffe32003400320030003200,0.6603266
fffe32003500310038003200,0.18399714
fffe3300330032003400,0.6273942
fffe31003800300037003500,0.30519867
fffe31003000350037003300,0.7060786
fffe32003100310037003200,0.6807148
fffe32003100390031003000,0.7901328
fffe32003800330039003700,0.33244586
fffe3700350037003800,0.960475
fffe31003700390031003200,0.24103495
fffe32003400370038003600,0.5096114
fffe32003200330036003300,0.2218256
fffe33003400370038003100,0.34818438
fffe31003200350039003600,0.50521326
fffe31003600310037003900,0.76503515
fffe32003600340035003200,0.5853185
fffe32003900340039003500,0.63063586
fffe32003700370031003200,0.78082836
fffe31003400380033003600,0.37243742
fffe3400300035003800,0.6994693
fffe31003000370035003300,0.20668763
fffe33003400350038003100,0.19766511
fffe31003000330031003900,0.3306682
fffe3300370038003700,0.2120647
fffe33003400310038003000,0.668635
fffe31003000380037003500,0.43402869
fffe31003700370030003300,0.32624552
fffe33003400380030003000,0.95077765
fffe32003200320030003600,0.23406819
fffe3700340039003600,0.739311
fffe31003300300035003700,0.17392893
fffe31003900300039003000,0.6106217
fffe32003700330033003200,0.51206744
fffe31003900350030003500,0.5954148
fffe3300360034003100,0.7446018
fffe32003300370036003400,0.42550355
fffe3500370034003500,0.38987312
fffe31003300320038003800,0.3851567
fffe3900390033003200,0.44897395
fffe33003100340031003700,0.49766678
fffe31003500360033003100,0.30061206
fffe31003500300033003500,0.5928024
fffe31003200320032003100,0.4691326
fffe31003200300031003200,0.22244374
fffe3300310033003100,0.26653016
fffe31003900390032003600,0.72093636
fffe3800370038003000,0.22720654
fffe31003500340038003300,0.56336415
fffe3900310031003300,0.28407007
fffe31003200380032003500,0.4309166
fffe3200300031003300,0.43892446
fffe3700320036003100,0.38483584
fffe32003300380037003900,0.91269743
fffe33003200320032003000,0.413697
fffe330037003200,0.11234438
fffe31003700360034003100,0.3761508
fffe32003900390039003400,0.42853057
fffe32003800300037003200,0.4102082
fffe33003000350037003000,0.3354415
fffe390032003500,0.4634311
fffe3800350036003800,0.51214284
fffe31003800320033003400,0.18427944
fffe31003900310036003500,0.44246423
fffe33003400380033003500,0.500007
fffe32003000370034003100,0.6654242
fffe380035003800,0.55100065
fffe32003400370034003600,0.67549133
fffe32003300370031003700,0.16914696
fffe3800380034003800,0.31916776
fffe32003100330039003400,0.40897158
fffe32003300370039003700,0.3873447
fffe32003800320037003000,0.1762043
fffe31003100370035003800,0.24220257
fffe33003400330032003200,0.5557288
fffe32003600330036003100,0.60286474
fffe33003300360035003900,0.55207694
fffe3900330037003900,0.5205281
fffe32003500310037003300,0.42967218
fffe31003500390035003500,0.26881737
fffe32003600380032003500,0.41551644
fffe32003800350034003300,0.46301794
fffe31003400380031003600,0.4644215
fffe3900300031003700,0.15710188
fffe31003600370034003900,0.19061081
fffe3200350039003000,0.38445723
fffe32003300340033003300,0.43002787
fffe32003600330030003300,0.24387191
fffe33003100330033003800,0.36213544
fffe32003700310031003600,0.2523843
fffe31003700360038003400,0.6069311
fffe31003400300031003500,0.8003037
fffe3100300033003700,0.9529663
fffe33003400340033003300,0.5641305
fffe32003500370031003900,0.32559165
fffe32003400350038003900,0.40141076
fffe33003200370037003100,0.64802
fffe32003100360035003800,0.5270311
fffe32003100350030003200,0.3288592
fffe32003100370039003000,0.45626837
fffe3600310038003000,0.36507657
fffe33003200370031003200,0.5752323
fffe32003600390035003700,0.6018792
fffe3600320030003800,0.62315404
fffe33003000330032003000,0.0755315
fffe32003400360039003000,0.29022968
fffe360035003600,0.28524685
fffe31003300300033003400,0.036398526
fffe3200310039003400,0.345982
fffe31003000300038003900,0.32745373
fffe32003900370035003500,0.37127215
fffe3100350031003700,0.47533715
fffe3900330035003000,0.5487198
fffe3100300038003400,0.33687764
fffe31003200360034003800,0.66979617
fffe31003400350035003800,0.6716496
fffe33003000310030003200,0.24821477
fffe31003900310039003800,0.31692657
fffe33003300360039003500,0.19492465
fffe31003200340035003000,0.58099484
fffe3500300033003700,0.47158298
fffe3500370037003200,0.13392326
fffe310037003300,0.70339906
fffe31003900370031003700,0.38097972
fffe3200350034003300,0.12887277
fffe32003100320033003800,0.5265594
fffe370033003700,0.36786696
fffe31003500360032003100,0.48701113
fffe31003100310035003200,0.55824995
fffe32003600380038003400,0.38731638
fffe3400330031003400,0.36947486
fffe31003900320039003600,0.38375133
fffe31003400340031003200,0.38859117
fffe3400360034003300,0.5079632
fffe3700300034003400,0.904825
fffe3900360035003300,0.57986796
fffe3400310038003300,0.41571584
fffe31003300360038003300,0.3651714
fffe3300390032003400,0.6031826
fffe31003100330032003100,0.23802873
fffe3300390039003500,0.39258412
fffe3500320037003600,0.23005314
fffe33003300330034003100,0.5347177
fffe32003100380033003100,0.307361
fffe32003500390034003800,0.5933141
fffe31003000340036003000,0.81017447
fffe32003900330037003200,0.47395977
fffe33003200360033003800,0.17155959
fffe31003400370036003200,0.49921703
fffe3200310038003000,0.08662744
fffe32003800370036003400,0.4060436
fffe32003100320036003800,0.2926525
fffe31003200,0.5251427
fffe31003700370033003300,0.27536234
fffe31003700310036003000,0.57188505
fffe3300360030003500,0.5646385
fffe3500360036003000,0.29282856
fffe31003500380039003800,0.23817104
fffe32003500390033003200,0.7437186
fffe3900310032003800,0.37611592
fffe32003900350034003900,0.20325252
fffe33003300340032003700,0.3250856
fffe3600370033003100,0.38089874
fffe31003400390037003700,0.63768905
fffe33003200370038003500,0.34251076
fffe31003500360033003800,0.2582629
fffe31003600320035003000,0.61842465
fffe32003600300038003200,0.2617958
fffe31003000300035003600,0.35855806
fffe33003200300035003600,0.6302771
fffe31003900390030003400,0.50344753
fffe32003600300032003400,0.22045632
fffe33003000390036003400,0.6047772
fffe3100380033003300,0.60322565
fffe32003900320038003600,0.53546816
fffe3900360031003600,0.31403923
fffe32003500310035003400,0.75900203
fffe32003500320030003900,0.4469937
fffe370037003900,0.6653436
fffe31003300310031003400,0.5746705
fffe3900320030003400,0.30373853
fffe3900340038003300,0.6768547
fffe31003500380036003000,0.59018064
fffe350035003100,0.6318253
fffe31003100380036003000,0.12578478
fffe33003200370035003700,0.1895442
fffe3500300039003900,0.51519793
fffe380031003200,0.5329412
fffe31003400380032003800,0.6083597
fffe32003700350037003200,0.44267246
fffe33003000360030003900,0.43846998
fffe32003900330035003400,0.31045023
fffe31003500360034003600,0.39605117
fffe32003300390033003200,0.6302679
fffe31003800350032003000,0.6888628
fffe3900350032003600,0.36924452
fffe32003400360039003300,0.7878663
fffe33003300380033003900,0.24249496
fffe3500350039003600,0.41863704
fffe32003200320037003700,0.5016963
fffe3700370031003200,0.49874836
fffe32003900380035003300,0.060553953
fffe33003200330035003400,0.515226
fffe3900350037003800,0.7461112
fffe31003900370035003800,0.57006764
fffe32003900310036003700,0.26908702
fffe31003200360034003200,0.7033278
fffe32003900310034003800,0.512116
fffe3600310038003200,0.18982242
fffe3900380038003400,0.606847
fffe32003600360035003400,0.6549133
fffe3600370034003500,0.5685384
fffe33003000320038003700,0.577663
fffe32003100320032003600,0.42255923
fffe3400320037003900,0.2034151
fffe3500300032003800,0.5239482
fffe31003600370034003700,0.27193698
fffe33003100310036003700,0.73819077
fffe31003400360030003900,0.37802514
fffe3800340032003600,0.38657358
fffe32003500380034003600,0.39868134
fffe32003400350030003900,0.28570557
fffe31003300380038003900,0.6877671
fffe31003300310036003800,0.4127448
fffe31003800380037003900,0.20033647
fffe3100390037003000,0.0014102636
fffe3400310036003500,0.6360288
fffe31003100330033003200,0.018915504
fffe31003800340037003400,0.5811658
fffe3300360037003700,0.5318589
fffe31003500340030003000,0.39764532
fffe3600360033003100,0.5111907
fffe33003100350031003800,0.29349303
fffe32003100390038003100,0.2398852
fffe31003100310031003500,0.39039883
fffe3600310037003100,0.27808282
fffe31003600350039003900,0.5169677
fffe32003500330035003200,0.27489233
fffe33003000300035003700,0.5814537
fffe31003800320039003300,0.5684351
fffe31003600320032003400,0.39779514
fffe32003900390038003900,0.38041326
fffe31003100380032003300,0.2507184
fffe3700390034003000,0.5757679
fffe33003200380031003300,0.5681217
fffe31003000380036003500,0.5117072
fffe33003100340037003800,0.025818735
fffe31003300320035003700,0.11593396
fffe3500310030003900,0.6273928
fffe31003700360032003200,0.5594061
fffe32003400340037003400,0.15351705
fffe31003200320037003700,0.003843033
fffe32003900390034003700,0.5959041
fffe310038003900,0.4891803
fffe3100360030003200,0.9244477
fffe33003400320034003600,0.9095405
fffe32003400310037003200,0.65221786
fffe32003400300033003300,0.31292143
fffe31003100380030003800,0.1641869
fffe31003600330033003000,0.33008945
fffe32003700380030003000,0.42907953
fffe3100310031003500,0.34803534
fffe33003200360039003200,0.029488698
fffe32003000310039003400,0.45935762
fffe32003200340035003100,0.342683
fffe31003200350033003400,0.7564082
fffe340030003600,0.4538801
fffe33003400340032003200,0.17525642
fffe3200370034003200,0.7724554
fffe31003300330034003300,0.24737178
fffe32003600320036003200,0.36718068
fffe32003300340038003000,0.1567582
fffe31003200330037003900,0.2318867
fffe350031003500,0.24316256
fffe32003500360039003700,0.4197938
fffe32003900370037003200,0.5960675
fffe3300300033003700,0.3495027
fffe31003100390030003200,0.723766
fffe31003300390033003700,0.24703874
fffe31003400350039003300,0.06268396
fffe32003400390037003200,0.52933013
fffe33003000390031003100,0.36518785
fffe3500390035003000,0.28972283
fffe31003700380035003300,0.42323545
fffe3800380036003400,0.55082905
fffe33003100350036003100,0.045065995
fffe3900360038003200,0.38193843
fffe31003100320039003100,0.20772614
fffe32003600360035003800,0.49230507
fffe3900350031003000,0.55675876
fffe32003200340035003500,0.51276714
fffe3100380030003300,0.56481946
fffe3700310036003600,0.48370492
fffe31003400390035003100,0.41348538
fffe3800300037003700,0.25901082
fffe3100340037003500,0.41754103
fffe33003000320030003200,0.4301028
fffe32003000320037003500,0.8230188
fffe33003200310032003600,0.46481538
fffe32003600390038003400,0.91747016
fffe31003100390036003500,0.50845397
fffe32003400360033003700,0.9373814
fffe3300350036003900,0.34285846
fffe33003200310035003700,0.19176152
fffe32003700370031003100,0.39838678
fffe3500390037003900,0.254766
fffe3900330032003400,0.45902988
fffe33003300390038003300,0.50720066
fffe3500300037003500,0.4172532
fffe33003100350034003500,0.48497307
fffe31003200300039003800,0.62281525
fffe3200330036003300,0.7116125
fffe33003200350033003500,0.16905256
fffe32003100340035003400,0.38069943
fffe31003700360038003900,0.51000124
fffe31003900340035003200,0.47539207
fffe3100340037003200,0.31896344
fffe33003200320031003200,0.35428354
fffe31003200370030003200,0.32142237
fffe32003000380034003800,0.0919753
fffe33003400350030003500,0.41372636
fffe32003500380034003300,0.3551336
fffe3300390034003200,0.5969929
fffe32003500340031003600,0.22887559
fffe32003400380035003900,0.36811882
fffe32003600360032003400,0.70543605
fffe3700340037003100,0.40681982
fffe31003100300031003400,0.24990794
fffe33003300380033003300,0.5643185
fffe31003000350037003600,0.55228513
fffe32003200310031003000,0.5433869
fffe32003600380030003800,0.61376274
fffe3800340031003500,0.49645224
fffe32003800340033003000,0.41772294
fffe31003300340033003800,0.6902623
fffe3900360039003500,0.77917707
fffe31003200360036003200,0.23409538
fffe31003400320036003400,0.6426208
fffe32003100360030003400,0.3730098
fffe33003400310032003600,0.5457966
fffe3200340032003000,0.5353919
fffe3200330039003900,0.8241094
fffe3400360035003200,0.6252089
fffe32003200340036003500,0.24944392
fffe31003100320036003500,0.5408532
fffe31003200350033003000,0.3462213
fffe31003400390031003600,0.18743289
fffe3900370039003700,0.59137124
fffe32003900330034003900,0.3945523
fffe3100360037003400,0.729077
fffe3800350036003500,0.56950873
fffe31003400370038003000,0.50376254
fffe32003700340037003000,0.63042396
fffe3100300039003500,0.58785737
fffe3600310035003500,0.318043
fffe32003300360030003400,0.674312
fffe33003300300031003900,0.55829656
fffe31003500390039003500,0.84038883
fffe31003000300033003600,0.5195779
fffe33003300360037003200,0.44297695
fffe32003800330038003700,0.17825101
fffe32003800380036003200,0.35333598
fffe31003300380034003300,0.37231892
fffe3600310033003500,0.6926852
fffe32003900370034003700,0.57331324
fffe3800360035003200,0.43904305
fffe33003200370034003500,0.5804947
fffe33003200330035003600,0.36636367
fffe31003700300035003700,0.40270197
fffe31003300320032003400,0.39948666
fffe32003100390036003600,0.5929396
fffe33003100340031003500,0.28767765
fffe32003300320032003600,0.44870815
fffe32003400300032003400,0.4885268
fffe32003600350030003800,0.32661936
fffe33003400320031003000,0.13546294
fffe380032003000,0.5921693
fffe3300370036003100,0.2512554
fffe32003600310032003300,0.53707606
fffe3700340037003400,0.68082666
fffe31003400390034003400,0.53406274
fffe3300390038003100,0.2868276
fffe31003100350039003300,0.53116494
fffe3600320036003600,0.60757196
fffe330038003600,0.7219381
fffe32003700310035003000,0.5581146
fffe32003500340039003600,0.44623953
fffe32003800330032003900,0.13382043
fffe3400370035003100,0.2521836
fffe32003900340039003400,0.3495649
fffe32003200300036003300,0.14021978
fffe33003400360033003900,0.46381566
fffe3200350039003600,0.35865816
fffe31003200350037003200,0.36453182
fffe31003100340031003500,0.58486855
fffe32003000310039003800,0.39499208
fffe32003800320038003200,0.14618324
fffe3600370034003200,0.66866124
fffe340034003200,0.23366296
fffe350036003100,0.35240325
fffe3300370038003400,0.3427644
fffe3100320035003800,0.7375141
fffe3100300035003900,0.4125602
fffe32003500390031003600,0.57046115
fffe32003500350036003700,0.2117868
fffe3700360034003000,0.6241878
fffe3300310031003300,0.31901354
fffe32003700370032003700,0.7201368
fffe31003000350031003900,0.06640052
fffe3600310037003900,0.19010974
fffe3900310033003300,0.4005582
fffe31003000370034003800,-0.0031415257
fffe3700390038003800,0.6366125
fffe32003200330033003100,0.6127729
fffe32003700370036003600,0.47897282
fffe32003700390034003400,0.49908534
fffe32003700340035003300,0.3071194
fffe31003900300037003500,0.40151423
fffe31003100360031003800,0.12815164
fffe31003400310034003100,0.38784578
fffe3600370037003200,0.45962638
fffe3700380036003300,0.24506205
fffe33003000360039003100,0.16338809
fffe32003000360036003100,0.7645114
fffe3600350031003500,0.3595436
fffe31003800310037003700,0.37492982
fffe3300360035003200,0.61443347
fffe31003200350031003600,0.43894547
fffe31003400320035003400,0.4117601
fffe31003900360036003400,0.44127852
fffe31003500330038003400,0.3094483
fffe32003300380030003500,0.31160533
fffe3600340030003800,0.44548574
fffe3100330030003300,0.4075967
fffe31003500350031003900,0.9233394
fffe3700300033003400,0.17308939
fffe33003200340032003400,0.20499586
fffe31003000340036003700,0.35338107
fffe31003700330032003500,0.6984293
fffe32003800330032003700,0.43525246
fffe3700310030003200,0.77500725
fffe3500390032003100,0.61667454
fffe31003900360031003500,0.5310585
fffe31003600300030003700,0.39384326
fffe32003800360034003800,0.53785866
fffe33003200340036003200,0.0006954044
fffe3700330036003200,0.5619635
fffe33003300300031003400,0.43415743
fffe32003000330032003400,0.5434942
fffe32003900360035003500,0.5205628
fffe31003100350035003200,0.21199588
fffe32003400340035003400,0.7601076
fffe31003000370039003200,0.8877893
fffe32003300300038003800,0.036279645
fffe31003900300032003400,0.21471575
fffe31003600360039003200,0.22421917
fffe31003400390030003900,0.065225005
fffe3500310037003100,0.0061509116
fffe3900320034003300,0.13525562
fffe33003200320034003700,0.65403765
fffe31003500380033003400,0.27880204
fffe3600390030003000,0.39040965
fffe33003000340032003900,0.61079425
fffe3100360030003600,0.51900995
fffe31003400310031003900,0.37668753
fffe3400310034003300,0.66871303
fffe32003400300036003800,0.9193223
fffe3800360038003100,0.52465475
fffe32003500390036003700,0.5760717
fffe3600310039003900,0.3132682
fffe31003500390035003900,0.5717253
fffe3900310035003800,0.31102243
fffe3900300031003800,0.55899704
fffe32003400360038003100,0.40905076
fffe3500320031003000,0.3911503
fffe32003100330031003700,0.51122016
fffe33003100370035003700,0.47955063
fffe31003200390034003000,0.71073884
fffe31003700380036003500,0.05793025
fffe31003800320035003100,0.25302055
fffe31003700350032003300,-0.00077111565
fffe32003100370031003300,0.3892749
fffe3100320038003000,0.38644424
fffe33003000350037003600,0.39489537
fffe31003400370030003900,0.13578738
fffe31003500380034003700,0.4191445
fffe3800370033003400,0.21081266
fffe33003400360035003200,0.5468301
fffe31003300360039003600,0.6551779
fffe32003500320038003900,0.39168185
fffe3400370032003700,0.41633877
fffe31003500350037003000,0.03143586
fffe33003400310038003300,0.34306103
fffe32003500320034003600,0.23002808
fffe3900360036003800,0.32435802
fffe330031003900,0.690974
fffe32003500300035003300,0.73645914
fffe33003000310034003500,0.58524686
fffe33003300310032003200,0.9677754
fffe31003400310038003200,0.36232382
fffe3500350031003100,0.6640172
fffe3900370038003900,0.35850608
fffe3300360031003200,0.30695862
fffe32003200330036003500,0.49507344
fffe31003100320035003900,0.5379942
fffe33003200340034003900,0.6360105
fffe33003100310039003100,0.4028045
fffe32003000340038003100,0.3301808
fffe33003000350031003100,0.7389474
fffe31003100390032003700,0.42248625
fffe33003300370034003800,0.33608842
fffe32003700380036003600,0.019830897
fffe3800380033003400,0.710412
fffe31003200320036003000,0.11816511
fffe3200380036003600,0.39621565
fffe3600340038003700,0.39948666
fffe33003200320032003400,0.36691266
fffe3600340030003200,0.44539198
fffe3700340032003600,0.5017125
fffe31003800390032003100,0.4365759
fffe31003900360031003800,0.5000047
fffe33003200320035003000,0.57070833
fffe32003800320030003600,0.4149929
fffe32003200350034003700,0.37950265
fffe32003600310033003400,0.8538534
fffe3800350039003800,0.20630388
fffe31003600330037003600,0.33790615
fffe3700380035003100,0.43345687
fffe31003800300033003100,0.2922024
fffe31003400310038003800,0.15775706
fffe31003500380036003300,0.5015325
fffe31003200330034003800,0.733042
fffe32003200390030003200,0.724932
fffe33003100310031003300,0.55511236
fffe31003700340035003700,0.39878497
fffe33003100390036003700,0.16188322
fffe32003100360030003800,0.12893528
fffe31003000390034003200,0.33090034
fffe33003400370032003400,0.2745561
fffe32003200370034003400,0.69157004
fffe3300360038003100,0.054209594
fffe3700330034003100,0.49458325
fffe3600300038003700,0.025416145
fffe330037003800,0.36031222
fffe3300340032003800,0.27335653
fffe3600320033003300,0.25127274
fffe32003200300031003800,0.75922734
fffe32003200310039003000,0.36146218
fffe3200370034003800,0.42704844
fffe31003800350032003400,0.6967735
fffe31003600340031003900,0.38900742
fffe33003100320038003600,0.40057474
fffe3200390031003500,0.26720172
fffe32003900310031003800,0.67514664
fffe3400370030003300,0.35932577
fffe31003600330032003300,0.57242316
fffe31003000340031003300,0.4554483
fffe32003500310031003200,0.36216483
fffe31003100340037003500,0.44169614
fffe31003200380032003900,0.2703141
fffe3600360037003000,0.48985606
fffe33003400380033003800,0.43125424
fffe31003800330031003200,0.6326163
fffe32003100370036003100,0.2216404
fffe32003400380035003000,0.36657315
fffe31003300320032003000,0.58087075
fffe32003700320030003700,0.56411874
fffe3800350039003200,0.63204986
fffe32003100370034003900,0.46756363
fffe33003400310039003300,0.54335064
fffe390032003800,0.18308787
fffe32003700310030003900,0.5337339
fffe33003100350032003300,0.3533032
fffe33003000370035003700,0.46129972
fffe32003400340032003600,0.53628516
fffe33003100370031003100,0.2473821
fffe31003400370034003100,0.45741248
fffe32003500350039003300,0.4005622
fffe33003200300033003400,0.38877955
fffe32003800300036003200,0.4841173
fffe31003100370030003000,0.12838109
fffe3900310036003700,0.24304691
fffe3500350030003500,0.4209581
fffe31003900350030003800,0.53806853
fffe3800300031003700,0.7580319
fffe31003500370037003100,0.5501863
fffe32003000340035003100,0.6220132
fffe31003000370030003700,0.55499095
fffe33003100380031003500,0.56330085
fffe3300320035003100,0.85998476
fffe3800360031003100,0.64381725
fffe31003100310032003700,0.46550393
fffe31003700310034003200,0.38359264
fffe32003200360030003800,0.5628013
fffe3900320031003000,0.5717389
fffe31003600360032003800,0.1016024
fffe33003300300031003700,0.70293504
fffe33003000310033003600,0.6435031
fffe32003100300039003600,0.5974336
fffe3800390038003500,0.5807447
fffe360032003300,0.4685352
fffe33003300320038003000,0.43859163
fffe3500310037003800,0.28013495
fffe31003200380039003800,0.4300389
fffe33003200360030003300,0.27869675
fffe31003700390035003100,0.35080573
fffe3600300031003300,0.34515497
fffe33003200380036003700,0.48758978
fffe32003600300036003300,0.5439938
fffe33003300360033003900,0.39850014
fffe33003100340031003000,0.44536987
fffe32003400340033003400,0.9895253
fffe33003400360037003900,0.53912276
fffe3700380034003700,0.2800965
fffe32003000320032003700,0.5671062
fffe31003000330033003700,0.4139157
fffe3900330037003200,0.2929216
fffe32003800330033003500,0.65930283
fffe31003100320031003800,0.5094513
fffe3600390037003900,0.22786462
fffe3500340034003800,0.5613667
fffe3200300034003200,0.4375671
fffe32003200350033003000,0.56091034
fffe31003100360033003400,0.19466826
fffe3700300033003600,0.89421
fffe32003700390037003700,0.31262347
fffe32003700330035003300,0.6012039
fffe32003800310036003600,0.6696243
fffe31003400330031003700,0.36313558
fffe32003400320032003800,0.42731076
fffe32003900370031003500,0.4398228
fffe3400330036003500,0.46680444
fffe31003000370035003500,0.603609
fffe32003700300038003400,0.46961117
fffe31003400320030003700,0.699183
fffe3500360038003000,0.5727584
fffe31003100320033003900,0.33362427
fffe3300320031003600,0.5579141
fffe31003200320034003500,0.44699755
fffe320038003000,0.62569207
fffe33003400330031003800,0.6181326
fffe32003800380035003400,0.64316285
fffe3600370030003500,0.5356723
fffe32003600380039003500,0.39514992
fffe3800320038003600,0.13053598
fffe3900320038003400,0.10614407
fffe3500350037003200,0.580716
fffe3100370035003700,0.711439
fffe31003800390034003700,0.5401372
fffe31003000310036003700,0.93240476
fffe32003100310031003600,0.6624509
fffe31003600320030003900,0.43287796
fffe32003200390038003600,0.46467942
fffe330036003600,0.7747303
fffe32003800340038003200,0.6621132
fffe33003400320032003900,0.69537264
fffe31003900330037003600,0.44301248
fffe31003100360038003400,0.6847512
fffe350034003200,0.37203112
fffe32003300360037003600,0.17603014
fffe32003700390036003200,0.63015693
fffe33003000380034003600,0.6978873
fffe3500390030003900,0.50374234
fffe3900390031003800,0.86275333
fffe31003600310038003000,0.10587164
fffe3800360032003800,0.16357246
fffe31003100380035003900,0.09341994
fffe32003600360031003600,0.72288567
fffe3400300038003200,0.6416165
fffe3300,0.004815096
fffe32003200350037003500,0.6189989
fffe32003800330038003000,0.6251244
fffe31003500340033003700,0.29206902
fffe32003000350031003100,0.0045145894
fffe32003200370032003000,0.77467936
fffe31003600360033003400,0.493658
fffe32003000330030003600,0.5854383
fffe31003400300031003400,0.38160157
fffe32003400360033003500,0.6625449
fffe3500320037003000,0.4404532
fffe3100320032003700,0.3545426
fffe31003300340038003900,0.6437973
fffe3600390037003300,0.49408582
fffe33003200320030003700,0.44312108
fffe39003400,0.31071764
fffe31003100350033003700,0.5599011
fffe32003600330036003300,0.7473825
fffe33003100330035003300,0.41163406
fffe31003500340035003500,0.2773084
fffe32003500300039003600,0.59673804
fffe31003700310032003800,0.56748676
fffe33003100350037003400,0.632303
fffe31003100390038003700,0.30542493
fffe31003400340035003800,0.77064383
fffe32003400360035003000,0.19840185
fffe31003800330031003400,0.16397811
fffe31003900320036003600,0.55162257
fffe32003400390039003300,0.65717566
fffe31003700380032003800,0.3466629
fffe31003200340032003200,0.15570639
fffe31003900350030003600,0.38076198
fffe3600330039003800,0.35728136
fffe32003400370035003800,0.3468152
fffe31003900330032003300,0.4332761
fffe31003800320031003400,0.7536281
fffe3100380038003300,0.58472115
fffe32003500360034003900,0.5512678
fffe32003600340031003200,0.3214215
fffe33003100370035003500,0.63906085
fffe350030003000,0.2754928
fffe32003700370033003500,0.15714069
fffe32003600390037003700,0.5659337
fffe3900390030003700,0.569212
fffe31003100390032003200,0.58921546
fffe33003300350035003600,0.4163608
fffe32003500350032003900,0.25330243
fffe32003200380037003000,0.6378673
fffe32003100330034003500,0.36972773
fffe3100360034003000,0.53959966
fffe33003000320038003600,0.5866361
fffe31003500380035003000,0.50785327
fffe31003700390039003200,0.11307655
fffe32003000380032003600,0.3436578
fffe31003200300030003400,0.2193799
fffe32003100350033003300,0.40082493
fffe31003000380034003800,0.17043674
fffe31003500390034003600,0.4070541
fffe33003200370039003800,0.07500431
fffe32003300300031003500,0.4252809
fffe31003200330032003800,0.37449372
fffe32003400340037003500,0.4182206
fffe32003800370037003200,0.6030258
fffe32003000380036003300,0.67111194
fffe32003700370034003400,0.044951387
fffe33003300310033003600,0.5288801
fffe33003200300038003500,0.39118335
fffe3300300038003800,0.34896988
fffe32003600320033003300,0.59474415
fffe32003200360034003500,0.60797817
fffe32003000310033003900,0.430132
fffe31003700340030003400,0.36965397
fffe32003800380036003500,0.4374176
fffe31003900390034003600,0.34911245
fffe3200380035003800,0.478945
fffe33003000300030003600,0.95451945
fffe32003100300031003000,0.2386291
fffe31003000360034003500,0.41532785
fffe32003600330031003200,0.8079778
fffe32003900340030003100,0.7072217
fffe32003900390033003000,0.3711744
fffe32003000320035003600,0.43275502
fffe32003700300031003900,0.5271789
fffe33003100350038003100,0.17878942
fffe31003700350034003400,0.3274423
fffe390039003600,0.30849093
fffe33003300340037003700,0.24958423
fffe31003300340030003500,0.38209644
fffe3600350030003300,0.63382
fffe31003200310030003500,0.55220324
fffe33003300340039003200,0.0014932554
fffe3900350031003600,0.27811787
fffe33003300320034003000,0.26885244
fffe3200380033003500,0.18756476
fffe33003100320033003900,0.41218615
fffe33003100350033003500,0.6459353
fffe32003200360032003600,0.71912694
fffe31003200310036003200,0.4491893
fffe3600380039003900,0.5347131
fffe32003500390034003000,0.4146726
fffe3100350033003700,0.6572677
fffe31003700330033003000,0.25341728
fffe33003200380032003100,0.47176856
fffe32003700320030003300,0.39832634
fffe3400390035003400,0.24173354
fffe32003800300034003700,0.5441727
fffe31003300360038003400,0.6352384
fffe31003800360030003000,0.2626766
fffe33003300350031003400,0.34670436
fffe32003700350031003300,0.6181422
fffe31003300360035003200,0.56311834
fffe31003900380039003000,0.35864407
fffe32003700310033003600,0.48769057
fffe32003800360037003100,0.40684468
fffe3200370035003800,0.3736274
fffe33003100330039003500,0.5663091
fffe31003100370032003200,0.55604374
fffe33003300310038003300,0.41090214
fffe31003800300030003800,0.4532785
fffe32003400390032003600,0.81470525
fffe32003900370036003700,0.6212616
fffe31003100310036003800,0.6154418
fffe31003100370030003400,0.296406
fffe31003700310036003500,0.21459919
fffe32003400300034003300,0.2716302
fffe3100380036003000,0.2610144
fffe33003300300033003800,0.5825005
fffe31003800380037003200,0.39046267
fffe3900350036003600,0.5696665
fffe31003200390033003500,0.24387582
fffe31003800370039003100,0.7923492
fffe32003800330031003400,0.27731615
fffe31003600390031003100,0.37602386
fffe32003700360035003200,0.52782905
fffe32003100380032003400,0.3577594
fffe31003300330034003800,0.5889288
fffe32003800380033003200,0.5476289
fffe33003000380031003100,0.40305892
fffe32003400310039003000,0.2865046
fffe3600300030003300,0.55800706
fffe3400340032003700,0.017566433
fffe32003700320034003100,0.3037921
fffe32003600380031003500,0.5290676
fffe32003200360033003400,0.47002026
fffe3200390038003700,0.40711462
fffe32003200340032003500,0.34480977
fffe31003600310032003400,0.6096424
fffe31003400330038003900,0.3554229
fffe32003900330035003900,0.31901443
fffe3500340036003600,0.434465
fffe33003100390038003000,0.3060707
fffe31003700390035003800,0.6300832
fffe31003300300030003400,0.52003056
fffe31003500320037003700,0.37369868
fffe32003700350035003300,0.27866015
fffe31003800310034003300,0.43860847
fffe32003200360035003500,-0.003114838
fffe31003100340034003200,0.7674204
fffe3100340039003500,0.5682882
fffe33003100320030003700,0.42835382
fffe3600360031003800,0.61635363
fffe31003300350037003100,0.135488
fffe32003500310033003000,0.71924835
fffe33003300330038003100,0.518481
fffe32003100340036003700,0.60432225
fffe31003800380039003200,0.7797134
fffe3800330037003900,0.4449379
fffe33003000390037003600,0.71393913
fffe31003400380037003300,0.74895257
fffe32003600360030003900,0.65558845
fffe31003400370032003800,0.6191756
fffe31003700300036003900,0.5669039
fffe32003800320038003700,0.3317962
fffe33003100310030003700,0.45539558
fffe31003700320034003300,0.62419635
fffe32003400340039003500,0.20780946
fffe31003300390038003100,0.18072127
fffe32003100370036003500,0.5943158
fffe31003800310037003400,0.73064053
fffe31003000320031003700,0.43879193
fffe33003300390039003000,0.40307358
fffe33003000370030003800,0.27337816
fffe31003000300030003800,0.32660505
fffe32003600340039003700,0.6832882
fffe33003100330031003300,0.2523596
fffe31003600310030003200,0.32654914
fffe32003300310039003300,0.406213
fffe33003200350038003000,0.5407892
fffe32003600390035003000,0.49469864
fffe3600340038003800,0.39189842
fffe32003800390033003900,0.6125547
fffe3400320033003900,0.24331164
fffe3900350030003600,0.51504385
fffe32003200380036003500,0.49824318
fffe32003600350031003900,0.689173
fffe3800300035003900,0.8833743
fffe31003000320036003800,0.289548
fffe350036003800,0.47564098
fffe370038003100,0.31087667
fffe31003600370031003000,0.51528424
fffe31003600310034003000,0.5723529
fffe32003600390031003800,0.82046354
fffe31003600320034003700,0.24043623
fffe33003200320034003500,0.524716
fffe33003300360038003300,0.19382875
fffe32003400310035003600,0.92123437
fffe32003000370037003900,0.421576
fffe32003100310032003000,0.523219
fffe32003600370034003200,0.6867631
fffe3600370036003000,0.8491714
fffe31003900310032003900,0.32055348
fffe31003200380031003700,0.5975069
fffe3500330037003100,0.8852255
fffe3500310032003700,0.24838665
fffe310031003500,0.5754078
fffe32003800340032003900,0.57997155
fffe3500390033003200,0.75076866
fffe31003800370031003900,0.17151214
fffe3800360039003900,0.7322165
fffe33003000310032003300,0.20276791
fffe32003700330030003800,0.34774694
fffe3400350034003300,0.91244674
fffe32003900300038003800,0.37705505
fffe32003600330030003900,0.44735846
fffe3300300034003200,0.29211733
fffe33003300300035003100,0.3930429
fffe33003000330030003900,0.2731931
fffe3500330035003800,0.21591063
fffe32003800390035003400,0.3193091
fffe31003800310030003700,0.7468322
fffe33003300390030003700,0.3968427
fffe3900390030003500,0.18408222
fffe3500380034003100,0.47974887
fffe31003600350036003900,0.43008193
fffe32003800310030003000,0.70162266
fffe32003400330036003300,0.48672828
fffe32003600340039003800,0.23623113
fffe3100320033003400,0.35947248
fffe3500390030003200,0.5942916
fffe32003100330032003300,0.36866933
fffe32003000390035003600,0.22577469
fffe31003600310036003600,0.5784178
fffe31003100370036003100,0.5790761
fffe3300360038003900,0.018192355
fffe32003400310037003800,0.123848245
fffe3400350030003600,0.35164526
fffe31003100320038003400,0.34725988
fffe3700340032003300,0.63391215
fffe3400300035003500,0.16438115
fffe32003800340036003100,0.40997937
fffe33003300330035003200,0.780858
fffe31003500340030003200,0.5702283
fffe31003100370034003200,0.2822695
fffe370033003800,0.3079029
fffe3500360030003600,0.5082504
fffe33003000370033003000,0.60685945
fffe3400300031003200,0.40459916
fffe33003000390031003400,0.68648666
fffe32003900340038003900,0.57844275
fffe3700320030003000,0.5555212
fffe31003200350036003400,0.5305135
fffe33003400350030003100,0.41882256
fffe31003000390030003900,0.33367544
fffe33003300370036003600,0.28324336
fffe3600330039003500,0.6981907
fffe3700310036003000,0.6527224
fffe32003000320033003200,0.49493948
fffe3700370039003600,0.26456654
fffe32003800370030003300,0.58591896
fffe31003900320031003900,0.37709785
fffe31003300320035003900,0.5871162
fffe3100330038003000,0.5547518
fffe32003100380034003100,0.24381721
fffe3500370038003300,0.030801931
fffe31003400360037003300,0.5151333
fffe31003300380032003900,0.3941747
fffe3500370031003800,0.23938118
fffe31003200320036003300,0.22479822
fffe32003800390034003000,0.7017318
fffe32003500350037003600,0.5836795
fffe3600390037003400,0.63219285
fffe31003500350037003200,0.6523194
fffe32003400300036003400,0.70745164
fffe31003400330030003400,0.67957664
fffe32003600370037003800,0.7159797
fffe32003400310033003100,0.5632395
fffe31003000340039003200,0.57383966
fffe3500360035003500,0.054580554
fffe31003300340030003400,0.55260545
fffe32003600360036003300,0.39662066
fffe31003900350033003500,0.41240364
fffe3100360039003300,0.6264657
fffe33003100300035003000,0.39259085
fffe33003400340030003000,0.20082046
fffe31003500340038003400,0.31237054
fffe3400330039003100,0.36898386
fffe390039003300,0.25070217
fffe31003200300036003000,0.23183943
fffe33003300320039003500,0.18561976
fffe32003000310036003900,0.4725455
fffe31003500320037003900,0.16234857
fffe32003200390039003300,0.53844786
fffe3500360034003600,0.7296161
fffe3600370030003100,0.20963094
fffe31003700350036003400,0.7232991
fffe32003500340038003900,0.74383193
fffe3300370031003400,0.56935394
fffe33003100360036003300,0.44068438
fffe32003400390032003300,0.3853349
fffe32003500390030003100,0.3708807
fffe3800390035003200,0.34817335
fffe31003400350031003300,0.5963656
fffe32003400310030003300,0.48926657
fffe33003100320033003300,0.34678566
fffe32003000300031003700,0.51084435
fffe32003700360033003400,0.2982304
fffe31003200320037003600,0.58187586
fffe3500390034003600,0.58180463
fffe33003300360038003200,0.53266793
fffe3900370034003700,0.39821193
fffe32003700390039003800,0.3326584
fffe32003300330030003700,0.43052205
fffe32003500340031003000,0.118419014
fffe31003800390030003900,0.42525142
fffe33003400300032003300,0.4515384
fffe3300320036003000,0.3141994
fffe3300330036003400,0.814157
fffe3300340033003300,0.7437713
fffe31003000300035003400,0.73338604
fffe33003000330035003800,-0.0006057898
fffe320031003400,0.38663483
fffe31003800300032003600,0.5752523
fffe3700340031003400,0.24711294
fffe3900390039003400,0.574834
fffe32003800390034003400,0.43252227
fffe32003200360031003600,0.33541876
fffe3800320032003700,0.4375572
fffe31003400330030003700,0.5573278
fffe32003900380035003900,0.3424381
fffe32003600320034003300,0.34128425
fffe3700390031003600,0.26886493
fffe32003200300030003600,0.5079715
fffe32003900330033003000,0.35951146
fffe3200330032003300,0.13737623
fffe390037003000,0.42866495
fffe3400330036003900,0.39202875
fffe31003900370032003300,0.40728176
fffe32003300300030003500,0.036680233
fffe32003300310030003200,0.5814689
fffe32003300350037003000,0.59517825
fffe31003800370033003500,0.56750387
fffe33003400310037003800,0.41216385
fffe31003000320036003500,0.58808255
fffe32003100330037003000,0.19129214
fffe31003400300038003800,0.40069103
fffe32003800360032003900,0.554441
fffe32003900320033003000,0.38413766
fffe33003400340035003000,0.4811734
fffe32003400370035003900,0.18159255
fffe33003000360036003800,0.48608136
fffe350032003400,0.6479589
fffe31003800340030003700,0.36189723
fffe3200360036003900,0.3692996
fffe31003900360031003200,0.5894099
fffe32003200310034003900,0.7558479
fffe3200320032003700,0.48599622
fffe32003100350030003700,0.5066334
fffe3900340039003300,0.40106028
fffe3100380031003500,0.31221038
fffe32003200360033003000,0.6345591
fffe31003800350039003500,0.2962178
fffe33003000390030003900,0.29517767
fffe32003600360035003300,0.615463
fffe32003000390032003500,0.1542353
fffe33003300350033003700,0.07204531
fffe31003900380038003800,0.46773317
fffe32003100360030003300,0.5362699
fffe32003100390033003400,0.6174983
fffe3500320037003100,0.28423
fffe31003500390039003200,0.73157334
fffe32003400350034003800,0.5953799
fffe33003200360034003400,0.3824006
fffe33003200360036003200,0.45521158
fffe31003400310034003300,0.549905
fffe31003200330032003100,0.6582837
fffe32003600330036003600,0.42547503
fffe32003300350035003200,0.17833653
fffe31003400390033003300,0.70884204
fffe31003500320031003300,0.48391297
fffe3500350037003100,0.41973868
fffe32003200320039003600,0.2776027
fffe3400320034003600,0.6040432
fffe31003800370034003200,0.74292344
fffe33003200380039003100,0.2647015
fffe33003200340034003600,0.6837555
fffe3600370032003700,0.33922842
fffe31003500300031003500,0.26268506
fffe3900330039003000,0.81840146
fffe32003400330033003200,0.28176755
fffe33003000330035003200,0.48874804
fffe32003100350039003600,0.29862928
fffe3200350030003000,0.7282017
fffe320039003800,0.5767256
fffe33003400350032003700,0.55715406
fffe3400380034003900,0.43395633
fffe3800320031003300,0.4103423
fffe31003900330031003500,0.09391938
fffe32003500320039003700,0.52899045
fffe3100310036003500,0.4821403
fffe3600340035003900,0.34378502
fffe32003200310037003000,0.6409776
fffe3300380030003600,0.7534549
fffe3500360039003600,0.32190764
fffe3100380031003000,0.13509963
fffe31003300310033003700,0.5034629
fffe31003700360034003000,0.4954119
fffe33003300320031003000,0.42961147
fffe32003900360030003100,0.5817886
fffe32003300310031003100,0.6471742
fffe3400340030003000,0.6664054
fffe31003400350030003900,0.17692229
fffe31003900340035003900,0.721816
fffe32003900380038003500,0.3968638
fffe33003400360038003400,0.44367677
fffe32003400300035003500,0.6126717
fffe3900380030003800,0.34271994
fffe33003400390031003900,0.37167963
fffe33003100320033003600,0.5986147
fffe32003700390034003200,0.529081
fffe31003800380036003300,0.7785666
fffe31003800310033003700,0.40941128
fffe3200380030003300,0.44222596
fffe32003600310034003000,0.4587728
fffe3500390032003400,0.38894588
fffe32003000300037003700,0.6579534
fffe3400340037003100,0.5344227
fffe33003400320038003900,0.5375108
fffe32003300300031003700,0.21015725
fffe32003500300032003100,0.6072596
fffe3700370034003300,0.26841846
fffe32003700320031003700,0.4770055
fffe32003000370035003300,0.5250084
fffe33003300310038003500,0.78217804
fffe31003600370038003600,0.5979633
fffe3100330036003500,0.45269322
fffe33003200300036003600,0.28601554
fffe31003700330032003900,0.6171255
fffe32003900370033003700,0.123963915
fffe33003200350038003900,0.6618574
fffe31003700370038003200,0.2554478
fffe3500320033003400,0.269059
fffe31003900390039003900,0.16906261
fffe3900380036003800,0.66340125
fffe33003300390032003100,0.37759334
fffe33003400370038003500,0.7445109
fffe32003200390035003600,0.6448895
fffe31003900320034003100,0.48255083
fffe3700300037003700,0.23836845
fffe32003500360033003300,0.26803878
fffe31003600320038003500,0.34072915
fffe31003100340037003800,0.5933518
fffe3300320038003400,0.16352816
fffe380034003500,0.6480984
fffe32003400390033003000,0.45569533
fffe3600300035003600,0.6460132
fffe32003900340030003200,0.26800653
fffe31003200300038003700,0.073458776
fffe32003100390039003100,0.08339795
fffe32003000330033003000,0.04572848
fffe33003300300031003600,0.33126992
fffe31003900300033003500,0.7762887
fffe3200330031003500,0.88158906
fffe31003100390034003600,0.639021
fffe31003400360039003200,0.5971765
fffe33003000360034003700,0.36688274
fffe33003000350034003200,0.77597713
fffe32003200320033003200,0.68506867
fffe32003300350036003400,0.205631
fffe31003900380035003500,0.36827973
fffe32003400310038003300,0.3750817
fffe32003400340036003500,0.24002916
fffe32003000300030003400,0.28928876
fffe31003100360034003800,0.32877308
fffe31003700330038003600,0.1477254
fffe31003500360035003800,0.14747685
fffe31003500390030003300,0.4239918
fffe3300340034003200,0.36269987
fffe3700370038003500,0.3640173
fffe33003000300032003700,0.44140166
fffe32003500320038003100,0.28327772
fffe32003100320038003500,0.36229122
fffe33003400390035003900,0.6407271
fffe31003700320031003900,0.57871974
fffe3200310038003200,0.52416456
fffe33003100350037003900,0.48415703
fffe31003900300037003900,0.7807285
fffe32003200360035003700,0.35068756
fffe33003300390030003300,0.21545525
fffe31003800390039003300,0.83116907
fffe31003700370030003700,0.802354
fffe31003700370030003200,0.34007788
fffe3300320037003800,0.25896522
fffe32003600320037003600,0.6439282
fffe31003200330033003300,0.5760247
fffe32003600300039003600,0.569654
fffe3500360034003300,0.6063469
fffe31003100320035003300,0.59521025
fffe31003200390037003600,0.3866793
fffe3600300039003300,0.746288
fffe33003400380032003100,0.6199748
fffe33003100350035003700,0.7178951
fffe3100370034003000,0.46217576
fffe31003500300034003900,0.44906157
fffe3200340039003300,0.4619518
fffe31003200340033003000,0.24192335
fffe31003300380030003300,0.27866504
fffe31003200360031003200,0.20347646
fffe32003800320037003200,0.37904444
fffe31003500300036003200,0.2906883
fffe32003600320037003900,0.74788344
fffe3400370031003900,0.5182827
fffe31003200360034003600,0.35749412
fffe33003300390033003900,0.6117935
fffe31003100380031003800,0.39429078
fffe3100380039003200,0.4541891
fffe3800320030003100,0.5108823
fffe31003900330033003200,0.39193505
fffe32003900340034003900,0.61184704
fffe33003400310033003600,0.32680476
fffe3200300034003400,0.24534866
fffe3400330036003300,0.6707085
fffe32003000380034003300,0.39854398
fffe31003200330034003300,0.46218786
fffe3800300032003800,0.45384666
fffe32003800350039003300,0.3213928
fffe3600380036003300,0.56210774
fffe3100350031003100,0.23564589
fffe31003500330035003700,0.5039466
fffe31003800340031003500,0.52249986
fffe32003000340037003100,0.3870524
fffe31003100330036003800,0.43272844
fffe3300340031003300,0.36253282
fffe33003400390038003200,0.7733473
fffe31003900340039003800,0.45031086
fffe31003400350038003900,-0.00054834737
fffe3900390030003300,0.25609007
fffe3200310039003300,0.63139194
fffe3300350031003200,0.6352512
fffe32003000380032003000,0.3948184
fffe33003000310037003800,0.44464985
fffe33003200310033003500,0.36481974
fffe3400330036003800,0.68744063
fffe31003800390033003500,0.23126984
fffe31003400360034003100,0.4472054
fffe3900340039003900,0.38679457
fffe3800320037003800,0.43332338
fffe33003200370031003400,0.5945329
fffe320033003900,0.23534507
fffe32003100350038003700,0.06915165
fffe3600360030003600,0.105659515
fffe31003600390036003600,0.40740636
fffe3300370031003300,0.42004174
fffe32003700340030003900,0.62513804
fffe31003400340033003900,0.2729032
fffe31003600370030003600,0.52829283
fffe3300360031003700,0.8538028
fffe32003700360038003900,0.5443589
fffe32003300380038003700,0.5816459
fffe31003300350030003100,0.47228768
fffe32003200330035003800,0.45251912
fffe33003400330033003000,0.22696549
fffe33003000370039003600,0.532557
fffe31003600350031003600,0.03644224
fffe31003200300036003800,0.3381809
fffe31003600360036003700,0.7322155
fffe3800380038003100,0.5925888
fffe32003600340030003100,0.5454999
fffe3900350038003400,0.1621623
fffe33003300390031003100,0.65087515
fffe32003700350036003900,0.60176396
fffe32003400310033003700,0.19953774
fffe31003700370034003900,0.3438516
fffe33003300390036003600,0.4565179
fffe31003300310034003800,0.4917918
fffe32003700380034003000,0.2524152
fffe3400370039003600,0.263208
fffe390034003000,0.55165243
fffe33003100370037003600,0.433202
fffe3600310031003700,0.47737652
fffe32003500370033003400,0.5773439
fffe32003700310031003400,0.39168903
fffe3100340033003000,0.3943533
fffe3400380033003100,0.36375034
fffe31003200300037003000,0.5123152
fffe31003900390035003600,0.74009836
fffe33003200320034003100,0.5853027
fffe3700380033003200,0.25464585
fffe32003100370038003800,0.30713984
fffe33003300370032003500,0.11088301
fffe3900360034003000,0.053784017
fffe3700390037003000,0.79518414
fffe32003400390037003100,0.1554259
fffe31003300380037003300,0.23178564
fffe3800380038003500,0.5494572
fffe32003100370037003000,0.53423095
fffe3700330033003000,0.61584425
fffe3300370037003400,0.7012829
fffe31003700380034003700,0.35332444
fffe32003200340032003100,0.6808015
fffe3100370039003400,0.5980184
fffe31003700330032003800,0.48710486
fffe31003400300039003800,0.51813006
fffe33003200310037003300,0.27593172
fffe31003900340033003000,0.6455192
fffe31003600370038003200,0.62489426
fffe33003100380036003600,0.7216589
fffe31003200350032003800,0.35139737
fffe3500300032003300,0.18688312
fffe32003200350037003600,0.46743333
fffe32003000350034003100,0.08447288
fffe320032003000,0.3503267
fffe3300310033003600,0.58605427
fffe33003000350033003500,0.45321986
fffe31003600310038003700,0.20417713
fffe3500380031003400,0.64429194
fffe31003600330038003400,0.10647409
fffe32003500380032003600,0.24702914
fffe3600310036003400,0.5318776
fffe32003300330038003300,0.26113132
fffe3700330031003700,0.13722852
fffe31003200380034003800,0.4554504
fffe3900330033003100,0.45034015
fffe3100300037003400,0.1857495
fffe380035003700,0.78339183
fffe3900310031003000,0.4258019
fffe3100360034003300,0.89030874
fffe31003400330033003300,0.75932246
fffe31003500380035003500,0.22126849
fffe31003800380030003400,0.6013149
fffe33003100370037003400,0.70483047
fffe31003600350038003700,0.3947158
fffe31003500340031003200,0.61871207
fffe3800390034003300,0.69964623
fffe31003700310034003500,0.36635038
fffe31003100310039003800,0.17854546
fffe31003600330035003500,0.71689606
fffe32003100360030003200,0.53537035
fffe32003000310030003600,0.562005
fffe33003400350037003900,0.5215425
fffe31003000380030003100,0.11912682
fffe3900340037003000,0.44885966
fffe32003400370033003600,0.57658434
fffe3600370033003600,0.51236665
fffe31003700360037003800,0.110476136
fffe31003800310036003000,0.62992835
fffe31003000330038003400,0.68302405
fffe3700300038003200,0.6969151
fffe3200310037003700,0.456233
fffe3200310036003300,0.15513101
fffe32003800320035003200,0.68085027
fffe31003700350038003800,0.31307584
fffe33003300370039003900,0.31298128
fffe32003700360035003600,0.35369638
fffe3100360036003200,0.53259283
fffe320037003500,0.72801864
fffe31003400340031003300,0.49879217
fffe33003100300032003400,0.69118273
fffe32003100380038003300,0.61138844
fffe32003900360031003800,0.65482455
fffe33003400350034003600,0.39723128
fffe31003600310030003900,0.001453343
fffe3800340036003200,0.5741822
fffe3700370036003300,0.5372009
fffe32003700300039003600,0.41190115
fffe32003700330033003600,0.09708689
fffe32003600310035003300,0.36372748
fffe3800330031003800,0.8364005
fffe33003000360032003900,0.3682193
fffe3500320033003800,0.67448485
fffe31003300340034003200,0.49227896
fffe3900360032003800,0.3717941
fffe32003600300032003000,0.35046536
fffe32003700310032003100,0.6631637
fffe33003000380035003100,0.08376869
fffe3800350035003200,0.26084733
fffe32003000360039003000,0.40950412
fffe31003300380033003900,0.5043488
fffe32003000360036003300,0.43185046
fffe31003900330036003300,0.3217883
fffe32003700350031003600,0.6943046
fffe32003300360036003500,0.3859405
fffe31003600310031003500,0.4639462
fffe31003100360032003800,0.5700865
fffe32003400330035003900,0.5634359
fffe31003300310039003400,0.23220769
fffe330035003500,0.58912086
fffe31003300340039003500,0.3394061
fffe31003300320034003000,0.36135238
fffe31003500360033003500,0.8280844
fffe33003200360031003800,0.31647134
fffe32003200320039003500,0.14933588
fffe3500380031003900,0.72170144
fffe33003000370033003700,0.39288747
fffe32003800330034003500,0.8535928
fffe31003100300038003200,0.6504999
fffe31003300390037003100,0.7286488
fffe31003500340039003500,0.3639475
fffe3800370036003900,0.17085743
fffe32003100380033003400,0.6909614
fffe3300360034003000,0.13199489
fffe3200350039003400,0.6146357
fffe31003000390037003700,0.23653872
fffe32003500370032003700,0.59133554
fffe3500330039003000,0.21575418
fffe32003900380039003200,0.62320197
fffe32003900330030003400,0.8734155
fffe31003600370031003700,0.20358428
fffe31003400300039003600,0.404175
fffe32003700390032003800,0.5683918
fffe31003800310038003100,0.69272286
fffe3600320039003500,0.68908215
fffe3300370032003700,0.007533941
fffe32003600340034003100,0.294963
fffe33003200380031003200,0.6284433
fffe32003600360036003700,0.72076267
fffe3300360036003600,0.40521398
fffe32003600340030003900,0.36809132
fffe31003400320039003400,0.48992088
fffe3100320038003400,0.51266915
fffe31003600330039003000,0.56050014
fffe32003800340038003400,0.007364946
fffe330030003900,0.2014529
fffe3500360030003400,0.6188474
fffe3100340032003900,0.3657589
fffe3700340033003800,0.31190106
fffe31003600380039003500,0.44997588
fffe32003500350038003800,0.40586218
fffe3100340039003600,0.3392943
fffe3600340031003100,0.44076264
fffe32003800380036003100,0.5786811
fffe32003600370031003000,0.5953215
fffe3900300031003200,0.45025867
fffe31003300320034003800,0.5147731
fffe3100370038003200,0.44771144
fffe32003700360038003800,0.82174814
fffe31003500380035003400,0.21665211
fffe32003800350030003300,0.73513705
fffe31003600380031003500,0.39494422
fffe33003100360033003600,0.5722614
fffe3200340030003900,0.19370316
fffe33003200310036003100,0.42586666
fffe31003700300036003100,0.14065205
fffe31003000300036003500,0.7615223
fffe32003300370038003300,0.58821756
fffe3100360031003300,0.3033717
fffe3900360037003600,0.4583983
fffe31003000320037003700,0.71988106
fffe32003200380032003200,0.20437352
fffe32003900380033003600,0.5577512
fffe32003100390037003300,0.7969809
fffe32003400320033003900,0.33983517
fffe31003500360034003800,0.5823076
fffe33003100310030003500,0.42692
fffe3700370033003900,0.49946454
fffe31003200310039003700,0.59644073
fffe3200330032003700,0.58236593
fffe31003400330034003200,0.53194773
fffe380030003300,0.74748856
fffe31003500330039003100,0.7932479
fffe32003900320030003100,0.54062486
fffe32003100330033003400,0.107632734
fffe31003200340032003600,0.35930598
fffe3100340035003900,0.3484112
fffe3600360038003400,0.19970025
fffe33003200380037003200,0.41700256
fffe33003400350039003500,0.65792054
fffe3700330039003900,0.45586088
fffe31003200340030003700,0.63969713
fffe32003700350035003200,0.4101293
fffe33003000380030003500,0.4056612
fffe31003700340032003000,0.025367957
fffe31003500330034003500,0.56928396
fffe33003000380039003300,0.5267455
fffe33003100340037003300,0.38912252
fffe31003100390033003300,0.33699328
fffe32003100370034003700,0.23516583
fffe32003200390032003000,0.70264614
fffe32003400360031003800,0.4528618
fffe3300330035003900,0.5126458
fffe3500380030003600,0.5014253
fffe3400370032003300,0.4114036
fffe3900320030003500,0.113276616
fffe3200300035003900,0.35089105
fffe31003500310038003300,0.223585
fffe31003300320036003600,0.35065493
fffe3100390034003300,0.9425113
fffe3800310038003200,0.25933838
fffe31003400380034003600,0.26751485
fffe3900300036003900,0.23641321
fffe32003200320037003200,0.31757817
fffe3800380032003700,0.55476964
fffe3700340031003200,0.016538667
fffe3400340039003100,0.2665725
fffe31003900340034003700,0.2341382
fffe3800380037003800,0.58332473
fffe3100380037003300,0.5340399
fffe3500320032003200,0.19497061
fffe3200330037003500,0.61977524
fffe33003000360030003100,0.21910888
fffe33003100390038003500,0.42783666
fffe32003400320034003900,0.5739024
fffe32003300380039003400,0.59361976
fffe3700340034003100,0.25106388
fffe3100330035003900,0.4696464
fffe32003700370035003400,0.26781338
fffe33003300310030003700,0.20545714
fffe31003600310030003400,0.577559
fffe33003200370031003800,0.7277679
fffe31003000370038003500,0.6240071
fffe31003800310039003900,0.15830024
fffe31003200330038003700,0.43584034
fffe32003300380031003800,0.014561405
fffe31003300390032003400,0.04860682
fffe3300320036003300,0.5704405
fffe3900380030003400,0.42590702
fffe32003400310039003300,0.17431709
fffe31003500330033003300,0.49371457
fffe32003600380031003000,0.48849812
fffe3500380031003200,0.566149
fffe32003500370035003300,0.25504872
fffe31003200380036003600,0.36042905
fffe31003000310033003500,0.5775386
fffe3700390035003600,0.6625531
fffe3300370038003000,0.6602683
fffe31003600300036003700,0.62000614
fffe31003600360038003800,0.7839283
fffe32003400380033003900,0.60692596
fffe3400390030003300,0.50545466
fffe32003600300039003500,0.42331094
fffe3600340035003300,0.59869766
fffe3700350030003300,0.34904176
fffe32003800300033003200,0.35555092
fffe31003400320031003800,0.7088125
fffe31003800360033003100,0.60063475
fffe33003200350031003500,0.3981959
fffe3400340038003300,0.18851376
fffe32003700330036003500,0.64553183
fffe3300320035003300,0.57311636
fffe31003300390030003400,0.5137933
fffe32003100300039003400,0.73340833
fffe310031003000,0.5637584
fffe32003900320031003000,0.35532814
fffe31003600380037003500,0.5997332
fffe31003100310030003000,0.48404306
fffe32003300350033003100,0.46802372
fffe3800320039003200,0.29557198
fffe31003500310037003600,0.19744104
fffe33003200300031003900,0.6347956
fffe33003400310036003200,0.22530374
fffe31003100330038003700,0.25682303
fffe32003900390035003200,0.79476476
fffe3500350033003000,0.28732166
fffe31003900390039003800,0.49447066
fffe32003200390034003800,0.3633507
fffe32003700350032003000,0.24072285
fffe3100370039003100,0.77296704
fffe31003700360039003400,0.40711448
fffe32003900340032003000,0.3992646
fffe32003100330033003900,0.45877853
fffe3300300037003700,0.5748044
fffe3800300036003700,0.44945702
fffe32003500380035003000,0.58425194
fffe31003600320031003800,0.3915565
fffe32003100350033003400,0.5139603
fffe33003000390034003200,0.49473113
fffe32003600350035003500,0.49010316
fffe32003700330038003300,0.18631051
fffe3500300033003600,0.40454137
fffe32003700300039003100,0.5287726
fffe31003900330037003700,0.67690843
fffe32003500300033003800,0.31724358
fffe330034003500,0.066096105
fffe31003800380032003700,0.36482453
fffe32003400350032003900,0.20571661
fffe32003100340035003500,0.27090847
fffe31003000360034003200,0.592615
fffe31003600310033003800,0.22847213
fffe32003300360038003000,0.38992292
fffe32003600340030003500,0.9702694
fffe3600310032003000,0.17193256
fffe32003200320036003700,0.12809181
fffe3600310036003600,0.47871307
fffe33003100310034003800,0.07392013
fffe31003800380030003700,0.7965985
fffe31003500360031003200,0.31114787
fffe31003100340037003100,0.2643307
fffe32003500310037003100,0.56138843
fffe32003200370031003700,0.40963754
fffe3600370030003000,0.22644733
fffe31003900370035003700,0.20733108
fffe3700320031003600,0.8111388
fffe33003100390039003100,0.21005115
fffe32003300330037003900,0.51921034
fffe32003100370037003700,0.749184
fffe33003000320038003300,0.57301855
fffe32003400370031003900,0.92769384
fffe32003500370032003600,0.4395632
fffe3400310031003900,0.56854534
fffe31003600370032003900,0.42025667
fffe33003200300032003000,0.5827649
fffe31003700340033003600,0.42186671
fffe3100350032003000,0.42518497
fffe3400320039003000,0.23794454
fffe3700340034003700,0.3291096
fffe32003000360035003800,0.25356352
fffe32003600390039003300,0.5575294
fffe33003000310030003800,0.560982
fffe3100360036003000,0.4118785
fffe31003200380032003300,0.380768
fffe32003500360036003300,0.22718932
fffe3800320038003300,0.7898409
fffe3500340031003500,0.37927252
fffe33003400370039003800,0.40349695
fffe31003400300032003200,0.3531332
fffe32003300370031003900,0.41664153
fffe3700300031003900,0.31386188
fffe32003500310036003500,0.34230173
fffe32003700380037003000,0.5073914
fffe3400330035003900,0.45745653
fffe31003300300036003800,0.25217548
fffe33003200360030003100,0.5930899
fffe31003600340032003700,0.47130224
fffe3700360030003100,0.6574132
fffe33003300360038003900,0.5431049
fffe3200360033003000,0.75065225
fffe3700310033003800,0.55275
fffe32003500380038003400,0.40941012
fffe33003000390038003800,0.19464885
fffe33003300310031003600,0.3880687
fffe32003100360037003800,0.5082169
fffe31003000350035003000,0.37318906
fffe32003000390034003300,0.39029962
fffe31003700300037003800,0.7358767
fffe31003700360030003900,0.54684156
fffe31003000340039003700,0.7292127
fffe31003400320031003600,0.54865485
fffe33003100330034003000,0.40420523
fffe31003600330038003700,0.6863351
fffe3500390031003100,0.4689817
fffe31003700340032003400,0.408935
fffe3300300037003600,0.5681626
fffe33003100340038003800,0.5504782
fffe32003300310031003500,0.007863981
fffe31003100310036003100,0.780931
fffe31003900300039003200,0.4214641
fffe33003000390037003100,0.9247105
fffe31003100350034003400,0.6242261
fffe32003900330032003600,0.39370897
fffe3400390038003400,0.028613409
fffe32003700390038003900,0.50693524
fffe3300360031003100,0.56541985
fffe32003800360034003400,0.4049011
fffe31003100380035003200,0.3525324
fffe32003000390037003900,0.5832242
fffe32003400370036003100,0.66176516
fffe3100320030003100,0.38238966
fffe33003400340038003100,0.56016994
fffe31003900330031003900,0.42453325
fffe3100340032003300,0.56964797
fffe31003000360034003600,0.7020841
fffe32003300360036003400,0.5709997
fffe3600360033003900,0.48892233
fffe3800350036003200,0.004453254
fffe3300380037003600,0.2724385
fffe3700380032003000,0.32610413
fffe32003800300039003900,0.3290588
fffe32003600370031003500,0.75912946
fffe32003400310032003700,0.66655856
fffe33003200360038003900,0.35249147
fffe32003300350030003000,0.4998434
fffe31003900330033003100,0.32444495
fffe32003600360034003500,0.5865743
fffe3200320035003200,0.52497834
fffe32003900310039003600,0.42344028
fffe33003100380034003200,0.33604285
fffe3300300037003000,0.37489846
fffe32003100350039003800,0.06300389
fffe31003500390032003600,0.23470926
fffe33003100320035003700,0.58641094
fffe32003400380033003200,0.35947272
fffe32003100320038003700,0.701902
fffe3400380034003600,0.35648546
fffe32003900330031003800,0.22902337
fffe33003100370036003000,0.5024431
fffe31003600320032003900,0.5434124
fffe32003800390038003200,0.52604824
fffe31003100380039003400,0.1255878
fffe33003200360032003700,0.36139235
fffe3200310032003400,0.6450021
fffe31003200320031003100,0.4949925
fffe31003400330035003200,0.2726858
fffe33003000370039003400,0.94971293
fffe32003100310030003600,0.44381523
fffe31003500300032003800,0.5218784
fffe3200370039003200,0.115116775
fffe31003400320033003900,0.74868584
fffe3900300030003400,0.27395645
fffe32003300370035003800,0.5680846
fffe3900390039003000,0.25081024
fffe3300330032003000,0.13371083
fffe3700320035003800,0.62129885
fffe33003100330032003000,0.62547916
fffe3400330038003300,0.4675966
fffe32003000360033003600,0.750988
fffe32003400330039003600,0.40552923
fffe32003400320038003800,0.42945316
fffe32003500390037003200,0.6574838
fffe330037003600,0.2927558
fffe31003900360032003800,0.25032613
fffe32003900350033003200,0.3830101
fffe31003100380031003500,0.67764986
fffe31003400360031003600,0.69800085
fffe32003200360039003100,0.5675204
fffe31003300310036003400,0.458338
fffe31003500300037003800,0.3817129
fffe31003700350033003300,0.47767642
fffe31003500370031003400,0.24235363
fffe31003100390035003700,0.3876636
fffe31003500370033003800,0.2917797
fffe33003200350030003300,0.34215555
fffe31003300330034003000,0.5909591
fffe32003000320038003600,0.43113315
fffe3200360038003400,0.35671446
fffe3500350032003600,0.66076964
fffe3400320038003800,0.7198618
fffe32003200340033003000,0.38291553
fffe31003600370038003000,0.4523866
fffe3800310032003100,0.38234395
fffe31003600,0.43052185
fffe32003800380035003500,0.587378
fffe31003700350037003600,0.22246222
fffe32003500390039003200,0.38934764
fffe3200350037003600,0.5339179
fffe31003100340036003900,0.20027408
fffe3800330037003000,0.6635634
fffe32003800360031003700,0.22157891
fffe32003400340038003200,0.64746004
fffe31003100350031003300,0.47288188
fffe33003300390039003500,0.2540991
fffe31003100360034003600,0.6102607
fffe340030003000,0.50694096
fffe32003700300034003000,0.23210569
fffe32003000360031003500,0.6388885
fffe33003400340038003300,0.73853695
fffe33003300310033003300,0.6257683
fffe32003000300036003300,0.38409862
fffe3300330034003500,0.38008636
fffe3400310031003100,0.22780019
fffe32003700360034003600,0.6302027
fffe32003200330030003800,0.5727473
fffe32003200310038003700,0.32485953
fffe3400380038003100,0.53718626
fffe31003300320039003900,0.67726564
fffe32003700350039003000,0.16109668
fffe31003000300032003400,0.39711565
fffe32003300360030003100,0.4064618
fffe32003600310030003500,0.34557906
fffe3700340034003000,0.40863064
fffe31003100370031003800,0.22908682
fffe32003900370038003500,0.27351025
fffe3700390039003300,0.10586075
fffe33003300310038003700,0.42471695
fffe3300370030003100,0.16521141
fffe3600350034003800,0.5079156
fffe31003600390033003700,0.20255587
fffe33003200350030003500,0.5398265
fffe3800370034003200,0.47109312
fffe3400360036003200,0.61879075
fffe31003200320034003800,0.27485752
fffe3200380037003400,0.25522804
fffe31003800320037003000,0.30125672
fffe32003300300032003500,0.41692808
fffe31003800350034003500,0.8438024
fffe32003300300030003100,0.39519787
fffe33003400360036003200,0.4507065
fffe3900370031003800,0.38445574
fffe32003900320036003700,0.10755609
fffe3400370038003300,0.48778552
fffe330030003000,0.5325391
fffe31003100330038003500,0.46325266
fffe31003000390037003500,0.24467003
fffe31003700330038003400,0.17323789
fffe31003500360031003600,0.6094373
fffe32003800310036003000,0.44027108
fffe32003600330034003400,0.19511417
fffe32003600390033003300,0.6123128
fffe3300310032003400,0.5335569
fffe33003400330038003600,0.37259772
fffe32003200320039003100,0.5888684
fffe31003100310035003100,0.6437744
fffe33003100330036003400,0.70036584
fffe32003100360039003700,0.29164067
fffe3300370037003100,0.6296023
fffe32003000380030003800,0.6056462
fffe31003200350037003400,0.38171905
fffe3100370035003400,0.61569476
fffe31003800320039003700,0.5177223
fffe33003300370031003400,0.5502048
fffe31003400360038003700,0.45935062
fffe33003400320038003000,0.22298375
fffe33003000320030003100,0.29688182
fffe32003500390033003700,0.4150407
fffe32003800360032003500,0.3878478
fffe3100330030003600,0.43021223
fffe31003500320038003600,0.37263453
fffe32003800380031003200,0.38521948
fffe31003800380037003700,0.43150917
fffe3300360032003000,0.46132228
fffe33003000320032003200,0.39448193
fffe31003800370030003300,0.52423275
fffe3100310039003000,0.5930681
fffe3900300035003600,0.4187302
fffe32003300310036003400,0.61038035
fffe32003600380032003700,0.3640313
fffe33003400370032003100,0.34671906
fffe32003700370039003500,0.48624966
fffe3600330039003600,0.67091674
fffe32003400310037003600,0.5128259
fffe31003600340036003100,0.54379934
fffe32003100380036003800,0.23376878
fffe31003900320031003500,0.3925966
fffe33003200310036003900,0.38100055
fffe3800360035003700,0.71141636
fffe31003900360036003100,0.57414055
fffe3400300032003200,0.61713535
fffe32003100360034003800,0.5978736
fffe33003400310033003800,0.36943305
fffe3600300039003200,0.57262886
fffe33003300310039003000,0.42245835
fffe3400370031003500,0.3789983
fffe33003400320037003000,0.52818584
fffe32003800360037003400,0.6680147
fffe31003200350037003700,0.40839022
fffe33003200310035003400,0.4069227
fffe3400390039003200,0.1548625
fffe32003600320031003700,0.31921503
fffe32003900300030003700,0.29941505
fffe32003200300032003200,0.55602604
fffe390035003200,0.21997671
fffe31003200370039003300,0.5033449
fffe32003800310036003200,0.19503227
fffe3500360031003600,0.30185455
fffe3900340037003600,0.43192318
fffe33003400350036003700,0.35509607
fffe32003000320036003700,0.5126908
fffe3100320035003400,0.599025
fffe32003700310039003700,0.3528684
fffe31003400370032003400,0.8585117
fffe32003500360036003000,0.8147746
fffe32003300370034003100,0.8956105
fffe3700350039003200,0.7497635
fffe31003600320039003400,0.3035841
fffe31003600310036003500,0.66857994
fffe32003500350036003100,0.6620182
fffe32003300330035003000,0.45670885
fffe32003900370036003800,0.28654572
fffe31003000330030003500,0.10538831
fffe3300350037003700,0.21943365
fffe3600390033003400,0.33755141
fffe32003100300039003900,0.95679754
fffe3700340030003600,0.36615908
fffe32003100370035003500,0.5833974
fffe3700360037003000,0.37640703
fffe31003400330030003800,0.57290745
fffe32003900350031003600,0.40525207
fffe3800390033003000,0.61836404
fffe33003400300033003500,0.6364092
fffe32003800310031003400,0.40243828
fffe32003400340035003900,0.6585294
fffe33003000390036003500,0.19016342
fffe32003500320031003500,0.48571724
fffe31003600390038003500,0.5479913
fffe33003300340037003200,0.3456613
fffe31003300370030003900,0.5261288
fffe32003800310038003900,0.3998443
fffe31003200380034003400,0.43955126
fffe31003400330036003000,0.5367841
fffe31003700390031003000,0.52522564
fffe32003200380037003300,0.5278813
fffe31003800320033003100,0.69761115
fffe32003600320037003800,0.7082354
fffe32003000330035003000,0.70199615
fffe31003800340035003300,0.7384896
fffe3500330033003800,0.2845879
fffe32003800300034003000,0.2649533
fffe3300310036003300,0.6242007
fffe32003900330039003400,0.3961479
fffe33003100390032003000,0.33851627
fffe31003700370034003100,0.6617382
fffe32003700300038003500,0.6143176
fffe3800360034003600,0.35620898
fffe32003900370038003100,0.3762063
fffe32003000310036003000,0.5036834
fffe33003000330031003300,0.26296034
fffe3600310032003800,0.41007665
fffe3700340039003800,0.622002
fffe31003000370031003000,0.25183842
fffe32003200330030003200,0.13764039
fffe33003200310038003000,0.32564822
fffe31003100320038003600,0.42807177
fffe32003400310033003600,0.2551821
fffe31003600360035003600,0.19061297
fffe3300370033003300,0.662516
fffe31003600350037003500,0.6083524
fffe31003900330034003100,0.45071784
fffe31003600310036003700,0.6051891
fffe31003900340030003000,0.25468245
fffe31003200340039003000,0.5318299
fffe32003400300034003400,0.36551028
fffe3500360030003900,0.61448973
fffe3500340034003700,0.7759574
fffe31003300360036003500,0.029038653
fffe3700350033003600,0.069385916
fffe31003100360031003000,0.62849236
fffe32003600340030003400,0.39114675
fffe3100380032003400,0.30848777
fffe3100310034003700,0.27078453
fffe31003500350032003800,0.34329972
fffe32003800360038003600,0.36139336
fffe3200370034003600,0.35280767
fffe31003500310035003100,0.42342493
fffe3200380035003400,0.26415327
fffe31003000330039003100,0.31217486
fffe33003000390038003400,0.62116075
fffe32003000340035003000,0.43299976
fffe31003900350032003800,0.35731873
fffe33003400370039003600,0.5576297
fffe32003200310034003600,0.37801382
fffe32003700380039003600,0.27392372
fffe31003600330031003300,0.35883334
fffe3700300034003700,0.3207692
fffe310039003300,0.47213218
fffe31003500320035003900,0.41598624
fffe3800350037003200,0.4573432
fffe32003800360034003600,0.63838744
fffe31003000380034003000,0.60576475
fffe33003000340031003100,0.57803404
fffe33003000340033003300,0.5641872
fffe32003900360037003400,0.38034627
fffe33003400350035003900,0.75421596
fffe33003200360032003200,0.5735552
fffe32003100310036003800,0.4139363
fffe32003400370032003000,0.20639141
fffe33003100360034003500,0.61504215
fffe32003700340033003400,0.4327647
fffe3400380030003400,0.7336034
fffe3700340039003000,0.55652696
fffe32003800390030003300,0.41057825
fffe3100380036003800,0.39785156
fffe32003200370032003800,0.44203618
fffe32003000390037003700,0.17352784
fffe33003100310035003300,0.4909899
fffe31003200330030003600,0.47973183
fffe33003400340030003500,0.33259025
fffe3900350035003400,0.28464717
fffe31003100370036003000,0.41462082
fffe31003300310032003700,0.13971792
fffe3800310032003700,0.6078259
fffe3500320036003900,0.016388515
fffe32003000310035003100,0.62420803
fffe32003400390033003100,0.28933164
fffe31003200300035003300,0.44128042
fffe3700360032003500,0.49853382
fffe31003800370037003300,0.18460222
fffe3300330031003800,0.4501897
fffe33003300380036003300,0.59935015
fffe33003300370030003900,0.4478044
fffe31003900390034003500,0.59474343
fffe31003000360037003200,0.41502216
fffe3500300030003100,0.6258559
fffe33003300370030003400,0.02084515
fffe370032003700,0.5938653
fffe31003600310033003700,0.48182866
fffe32003200300031003900,0.54611045
fffe32003800330039003900,0.70212805
fffe3100360031003100,0.2491014
fffe33003100360036003200,0.21332538
fffe3600350035003200,0.3378769
fffe32003400370033003700,0.62034136
fffe33003000300035003400,0.5710652
fffe32003700390031003000,0.8046167
fffe32003500340034003900,0.38106534
fffe3700300032003300,0.11493847
fffe31003500370038003600,0.83036476
fffe31003200370039003800,0.400781
fffe31003900300036003800,0.47111666
fffe3500300035003500,0.6430147
fffe33003300380033003800,0.16176188
fffe3300340038003500,0.6260041
fffe32003700340038003900,0.71906346
fffe32003800360035003800,0.4072171
fffe3300300031003200,0.8029759
fffe32003800340035003800,0.36337233
fffe33003200350038003400,0.34068915
fffe32003000340037003500,0.75239205
fffe33003300340039003000,0.72048783
fffe3900380035003400,0.41453663
fffe31003000370037003900,0.41411602
fffe31003900370035003300,0.45981959
fffe33003400380035003500,0.0008749862
fffe32003800300031003000,0.57742405
fffe360033003000,0.30158916
fffe33003100300035003900,0.17790604
fffe3100310033003700,0.3855237
fffe32003100380037003300,0.6871603
fffe32003900320033003600,0.41804376
fffe32003100300031003800,0.3460205
fffe360038003900,0.2649016
fffe33003400380031003200,0.3656859
fffe32003300320035003000,0.36712232
fffe3400370036003100,0.3759538
fffe33003000350037003400,0.35437572
fffe32003800340033003200,0.5403797
fffe32003400310035003200,0.600701
fffe3800310036003400,0.41348785
fffe3300320037003600,0.43786016
fffe33003300350031003800,0.7037469
fffe32003900370035003900,0.5843164
fffe33003300300036003400,0.30098867
fffe32003100330032003000,0.6422392
fffe32003900360033003600,0.38727418
fffe32003400390034003300,0.31761104
fffe32003100300034003100,0.31011802
fffe31003500390033003700,0.46948093
fffe32003900340034003700,0.6278874
fffe31003000390032003000,0.4434824
fffe32003800310031003700,0.80922836
fffe32003700350033003700,0.58744746
fffe32003700360036003200,0.51918024
fffe370039003300,0.44589078
fffe31003300380039003600,0.49642542
fffe3300350036003600,0.3662118
fffe32003400380037003800,0.42553532
fffe33003300350033003900,0.35009784
fffe32003500350034003200,0.24183598
fffe3700310037003000,0.5349899
fffe32003200340032003200,0.79603904
fffe31003300390030003300,0.33927682
fffe32003900380031003000,0.48306736
fffe32003000320038003800,0.64109707
fffe32003400350031003500,0.48179176
fffe33003200310033003300,0.18303372
fffe3300350036003200,0.4148169
fffe31003300350038003600,0.5500151
fffe33003400340037003700,0.5023318
fffe33003100390037003900,0.19277814
fffe3800380038003400,0.5557341
fffe3900350033003000,0.61882293
fffe32003100340038003100,0.32770213
fffe3900390035003800,0.21221597
fffe31003900300033003000,0.30385014
fffe31003400300030003800,0.55243033
fffe3600340036003600,0.3743593
fffe31003800310038003900,0.5705294
fffe3300380036003400,0.57955915
fffe3700380036003500,0.62321746
fffe3900360036003700,0.43958965
fffe32003200350030003700,0.5236748
fffe31003300320032003300,0.45920733
fffe3300390034003300,0.85119754
fffe340037003400,0.5486279
fffe32003500300032003000,0.64077294
fffe3400330038003500,0.6204124
fffe32003600360035003600,0.50846726
fffe31003400330036003400,0.18512727
fffe31003500320039003900,0.5523365
fffe3800300039003200,0.008935914
fffe3400360031003400,0.14173838
fffe33003400350031003800,0.28620985
fffe31003400310037003400,0.37982166
fffe33003100360035003400,0.55049175
fffe32003900340036003200,0.34912735
fffe3700350038003800,0.5348694
fffe31003500310039003100,0.5354916
fffe31003800300038003800,0.40423724
fffe3600340033003000,0.3657059
fffe3600300035003500,0.5255226
fffe32003800390031003700,0.13748486
fffe3800350035003800,0.33829737
fffe31003300330033003000,0.814483
fffe33003200350033003400,0.39259538
fffe32003400370034003800,0.6159048
fffe31003200340030003200,0.37073383
fffe32003300300035003200,0.25091138
fffe31003500360032003700,0.7347819
fffe32003600380032003300,0.46439725
fffe33003000320032003900,0.2209678
fffe32003600330031003800,0.4626435
fffe380036003300,0.28670818
fffe31003100380036003300,0.65632135
fffe31003300380033003100,0.43622506
fffe32003900370032003400,0.36582282
fffe3300310032003700,0.42959222
fffe31003900380036003700,0.7241377
fffe380037003900,0.2905352
fffe3700370030003800,0.7048645
fffe3500300034003900,0.43492946
fffe31003000350036003600,0.6426505
fffe3800300031003400,0.74602956
fffe3500300035003600,0.41096157
fffe32003200320030003000,0.54817116
fffe31003300320039003800,0.33899805
fffe32003200360034003600,0.36854842
fffe32003400360034003300,0.746942
fffe31003000370032003500,0.40258446
fffe33003200300038003900,0.23887928
fffe32003700310038003600,0.54745615
fffe3600320039003800,0.6026558
fffe33003300330037003900,0.17379646
fffe31003100390039003400,0.5296376
fffe33003400320030003800,0.43989718
fffe31003400380039003700,0.55650043
fffe3200390036003600,0.41801217
fffe32003400310035003800,0.4394273
fffe3600330037003600,0.19280389
fffe3600,0.5778637
fffe3900320032003600,0.27208596
fffe3600370032003900,0.3988524
fffe32003100390038003400,0.2727502
fffe32003500370032003500,0.7180281
fffe3800340038003300,0.11735526
fffe32003900340036003100,0.29106793
fffe33003200390032003500,0.5340182
fffe3300350033003900,0.35498855
fffe3100310030003600,0.426779
fffe32003400380037003900,0.13554819
fffe32003800360035003500,0.4623164
fffe32003900390031003000,0.10448837
fffe32003500330039003200,0.30034098
fffe31003200340036003900,0.33846802
fffe32003300360037003800,0.5546234
fffe33003200370038003000,0.5824651
fffe3800330038003900,0.37010074
fffe31003300340039003000,0.34272882
fffe31003300350037003600,0.47643644
fffe310039003900,0.6215668
fffe370036003700,0.5154675
fffe33003000310038003000,0.49970177
fffe31003400360032003100,0.6457267
fffe32003600330033003100,0.3656447
fffe3800330039003900,0.2350058
fffe31003700390034003000,0.11892058
fffe3300330036003900,0.35059756
fffe31003400300033003800,0.7164635
fffe32003000360030003000,0.55307496
fffe33003100380037003000,0.23960958
fffe31003600330031003700,0.2676355
fffe31003100340033003800,0.62866384
fffe33003300360035003100,0.2074805
fffe31003400390038003600,0.37337327
fffe3900360030003300,0.39118043
fffe31003900350035003600,0.56990385
fffe32003900390030003900,0.47719365
fffe32003500390035003300,0.30292416
fffe33003000330036003000,0.5108592
fffe3800300039003300,0.68155813
fffe32003500380031003600,0.6730815
fffe3400380032003600,0.5104616
fffe32003400300038003400,0.7038877
fffe32003600330031003600,0.9062886
fffe32003000390037003800,0.29873568
fffe3600350031003200,0.5679434
fffe31003100380036003800,0.3875493
fffe32003100300035003100,0.5861791
fffe33003000360036003200,0.44520012
fffe33003200360035003600,0.46810344
fffe3800330035003300,0.2844313
fffe31003600330037003200,0.46496102
fffe3400340031003700,0.40373412
fffe32003100310036003300,0.8427196
fffe31003300350030003900,0.12655377
fffe31003700320039003600,0.4235325
fffe31003200360036003600,0.60787976
fffe32003000320038003100,0.6300351
fffe32003400330037003500,0.43819723
fffe32003000320035003400,0.46989933
fffe31003800340030003500,0.6327842
fffe32003000350035003100,0.58666456
fffe33003400300032003900,0.8192539
fffe32003400330036003800,0.57366204
fffe32003000390031003400,0.20449626
fffe33003400300037003200,0.53992045
fffe3600340030003300,0.52168334
fffe3800360036003900,-0.0050076805
fffe33003000360033003900,0.36508903
fffe32003200330030003700,0.32831147
fffe3900350030003000,0.55996114
fffe31003200350038003100,0.6539509
fffe3300310038003200,0.25948894
fffe32003700300037003100,0.21076424
fffe31003400310030003000,0.5723267
fffe31003100390035003100,0.47566563
fffe32003400340035003300,0.1758905
fffe31003900350036003700,0.45336545
fffe3900360037003100,0.24711727
fffe32003600320030003100,0.41413295
fffe31003300300030003000,0.42538965
fffe360030003300,0.18425922
fffe31003500380033003700,0.3670026
fffe32003700330033003900,0.41570964
fffe32003400310037003300,0.37993386
fffe31003100390031003900,0.17620796
fffe32003100340031003900,0.5890604
fffe3300380034003400,0.5211241
fffe3800340030003300,0.48787317
fffe32003000340039003500,0.01863655
fffe31003000390038003100,0.38118985
fffe31003700310030003900,0.58406806
fffe3500370036003400,0.5562119
fffe3600320038003400,0.24804026
fffe33003400380037003500,0.5400967
fffe32003400340036003000,0.067853324
fffe32003400390036003000,0.3015197
fffe3400370033003500,0.18220788
fffe32003200360037003900,0.39754996
fffe32003600390039003700,0.6100551
fffe32003100300034003000,0.81767386
fffe3400330037003600,0.37139392
fffe31003800340033003000,0.3867552
fffe31003800340036003500,0.8907843
fffe32003900310033003800,0.3370298
fffe33003200340039003300,0.4721506
fffe32003200390030003800,0.44148466
fffe32003100300036003900,0.62343913
fffe3300320033003000,0.59070235
fffe31003000390037003200,0.52782524
fffe32003300360038003100,0.24259157
fffe32003100390034003100,0.70192975
fffe31003100350032003100,0.43862277
fffe31003400380036003500,0.78621256
fffe33003000370034003400,0.21496467
fffe31003000390032003300,0.47806072
fffe32003000340035003800,0.23163132
fffe3400370030003600,0.41085738
fffe31003700340039003800,0.7558493
fffe3600300038003500,0.7470085
fffe31003900300038003400,0.15668838
fffe3200300037003700,0.6410055
fffe3400370035003500,0.008239011
fffe31003900340035003700,0.30136743
fffe3100370038003500,0.5700392
fffe330031003500,0.8751234
fffe32003600300036003200,0.2731481
fffe3800340034003700,0.8012593
fffe32003400350031003100,0.4569732
fffe32003400330030003400,0.32238185
fffe31003600310033003600,0.59311
fffe31003600300031003900,0.63366294
fffe3500340036003800,0.3829788
fffe31003400360030003300,0.364266
fffe32003800310032003900,0.28567582
fffe3500390038003900,0.5906403
fffe31003100390036003300,0.2794676
fffe31003100370039003900,0.8883973
fffe32003600340034003600,0.5082165
fffe31003300370039003100,0.56767154
fffe33003200,0.11180437
fffe32003600380037003900,0.77981424
fffe32003200340038003400,0.28568912
fffe33003000310039003700,0.15105867
fffe31003800320031003900,0.46452618
fffe33003200380032003900,0.31655756
fffe3100300039003400,0.66875994
fffe3300370037003800,0.37399596
fffe32003500360038003500,0.18378723
fffe340035003200,0.48072127
fffe32003300380036003700,0.18760248
fffe3500330034003500,0.54587924
fffe31003200350031003100,0.46420452
fffe360036003100,0.6088912
fffe31003700310031003600,0.45310554
fffe32003000330037003200,0.37440404
fffe32003700350037003600,0.2093815
fffe33003100360038003000,0.26856422
fffe3400380037003200,0.3780264
fffe32003800320038003500,0.28023544
fffe32003200320037003600,0.38973862
fffe3800330030003100,0.48466888
fffe31003600330030003000,0.8661347
fffe32003900370038003300,0.34181747
fffe31003000330036003900,0.24344449
fffe3500310031003900,0.33592618
fffe32003200350038003400,0.11133323
fffe3100300033003200,0.422301
fffe31003700390035003200,0.6488004
fffe32003600340035003500,0.30226296
fffe3300330037003500,0.6106472
fffe3100380031003200,0.5759268
fffe32003100350037003500,0.42578784
fffe32003200300035003500,0.23505338
fffe32003600320030003000,0.38834757
fffe31003300350030003400,0.5115197
fffe32003500300034003900,0.675226
fffe31003700340037003400,0.10070605
fffe33003300320031003200,0.40054455
fffe33003100340039003200,0.5790923
fffe31003200340032003900,0.74260026
fffe31003400350036003700,0.70319355
fffe33003200330032003800,0.51817274
fffe32003600360034003000,0.47749525
fffe31003300380037003700,0.7731331
fffe31003000340038003500,0.6471384
fffe32003800340037003700,0.58250463
fffe33003000300034003900,0.24358207
fffe31003300320035003600,0.5421143
fffe31003400340038003700,0.47608405
fffe32003100370034003400,0.33102977
fffe33003300350035003500,0.53197134
fffe33003300310039003500,0.4080475
fffe3400360037003300,0.4208225
fffe31003700350031003200,0.49395582
fffe32003400310039003200,0.6568059
fffe31003000350030003700,0.7368024
fffe33003100380031003800,0.2249838
fffe3900300031003300,0.5469764
fffe32003700310032003900,0.27495673
fffe32003100330037003400,0.21054427
fffe3100370034003400,0.564802
fffe32003000320039003700,0.68229127
fffe31003300360039003800,0.8065472
fffe31003900360039003600,0.42361987
fffe32003500350038003700,0.6069364
fffe3900310034003100,0.28481314
fffe3800340031003200,0.07546848
fffe31003800360033003600,0.55938804
fffe31003600350033003400,0.26497796
fffe33003300320033003000,0.47434047
fffe33003000360039003000,0.5584594
fffe32003700380031003700,0.4703368
fffe3200390031003200,0.67331916
fffe3100390035003400,0.19027536
fffe31003600310034003900,0.4524743
fffe32003800320037003700,0.41654962
fffe32003200380036003100,0.5983998
fffe31003500380030003500,0.8683666
fffe3200310034003800,0.44223428
fffe33003200360039003800,0.18630777
fffe31003000300032003800,0.4384613
fffe3400340036003800,0.5995076
fffe33003000360033003600,0.3388236
fffe32003200380031003600,0.3991543
fffe32003400370032003300,0.16162974
fffe32003600320039003000,0.07768625
fffe32003200340030003000,0.8343224
fffe3100340036003200,0.3299756
fffe31003700380030003300,0.6320038
fffe32003600340032003100,0.57261926
fffe32003400310032003600,0.28427884
fffe3800320034003000,0.56436783
fffe3300380037003500,0.64721066
fffe32003500370033003500,0.74300057
fffe31003300310037003300,0.14091916
fffe3700360034003600,0.17255585
fffe32003900310031003500,0.6010178
fffe3400300031003100,0.59109324
fffe31003100320031003700,0.41859037
fffe31003000360035003200,0.37054482
fffe3300390031003400,0.6809901
fffe33003400320031003100,0.573547
fffe3300300033003200,0.6350198
fffe3100390031003400,0.25472668
fffe33003000330039003700,0.19265471
fffe32003200350039003600,0.38783026
fffe32003400300031003900,0.42642137
fffe31003800360037003600,0.62630486
fffe32003900310030003800,0.58911645
fffe3100390033003400,0.4434851
fffe31003000330038003600,0.5692447
fffe350030003200,0.5421116
fffe31003600310035003700,0.58696187
fffe32003100340036003800,0.5058033
fffe3200350031003800,0.5399539
fffe3700380030003700,0.5897941
fffe31003600390039003900,0.20178477
fffe31003200360039003700,0.381829
fffe33003100380031003400,0.40569365
fffe33003000300036003800,0.27611732
fffe33003200350032003800,0.34007534
fffe32003500320032003600,0.71938425
fffe3700300033003100,0.44633067
fffe32003600300031003200,0.29925337
fffe31003300320036003400,0.34433177
fffe33003100310033003600,0.5831814
fffe31003200320038003100,0.4797234
fffe31003300370034003200,0.53494203
fffe31003400370035003200,0.5677527
fffe32003000390034003700,0.40485194
fffe3500390031003600,0.41411817
fffe32003700350031003500,0.35360625
fffe32003900340038003200,0.61621195
fffe33003200390036003800,0.4308925
fffe33003300320033003600,0.09458616
fffe31003500340036003300,0.55182445
fffe31003000390037003000,0.3324618
fffe32003800360030003700,0.50042975
fffe370036003500,0.12376201
fffe32003800320033003700,0.6613011
fffe31003800380033003600,0.45229223
fffe33003200330039003800,0.5142075
fffe31003100390033003400,0.5239302
fffe3100380032003700,0.68917596
fffe3700390032003000,0.118731014
fffe32003200350036003900,0.7447637
fffe32003700300032003400,0.41195628
fffe33003400300033003200,0.03970503
fffe31003900350032003900,0.5985144
fffe33003000310030003000,0.7415607
fffe31003100300038003800,0.446418
fffe31003500380033003500,0.2153561
fffe32003000370031003600,0.8944294
fffe33003300380035003800,0.48897552
fffe32003400360032003800,0.36056435
fffe3700390030003800,0.6052703
fffe33003400370038003800,0.20437367
fffe3900300039003600,0.57408243
fffe31003000340032003300,0.40964624
fffe32003000380033003600,0.26957288
fffe3800300030003800,0.23060538
fffe3400390035003300,0.26369485
fffe32003700380031003000,0.6149386
fffe33003300380035003000,0.32572186
fffe32003300320030003200,0.46222478
fffe3600370038003400,0.5852213
fffe31003200300030003200,0.3464227
fffe31003300310031003000,0.64129144
fffe31003200380039003000,0.5348342
fffe31003600310038003500,0.57643306
fffe31003600320034003800,0.64682966
fffe3800350039003100,0.8196852
fffe3400380037003100,0.5670324
fffe3600390035003800,0.46430567
fffe3400330031003600,0.11221393
fffe31003300330034003500,0.5972984
fffe31003900370033003000,0.39411652
fffe3300340030003000,0.6081913
fffe3500360037003700,0.67279804
fffe31003900330033003700,0.5264931
fffe32003400350036003100,0.55381376
fffe32003900310037003800,0.5462798
fffe31003000330037003000,0.24999791
fffe32003000340033003600,0.16711593
fffe32003900360039003300,0.45796323
fffe32003300350033003400,0.36702043
fffe32003500380039003800,0.355208
fffe32003400370039003800,0.76618826
fffe3200380036003300,0.5479591
fffe3500320033003000,0.61350405
fffe3300300031003000,0.13035555
fffe31003300320037003200,0.3648441
fffe31003500360035003200,0.43876088
fffe33003200390037003300,0.65443754
fffe31003100330033003500,0.4338881
fffe32003700350030003300,0.39890265
fffe360031003100,0.37093908
fffe3700300032003700,0.14425297
fffe32003800360039003600,0.6094728
fffe32003400380035003400,0.5475092
fffe31003700380032003600,0.5430953
fffe32003900390038003700,0.5725251
fffe3700390034003600,0.24028401
fffe33003200370032003300,0.5325048
fffe33003100380030003500,0.7501023
fffe32003000390031003900,0.28541377
fffe31003400300037003600,0.51078355
fffe3200380031003100,0.5625877
fffe32003600380035003700,0.33323058
fffe33003300310039003700,0.66201085
fffe32003900350032003900,0.2445211
fffe3900360031003500,0.47745577
fffe32003200350031003900,0.4700863
fffe33003000380030003200,0.49019286
fffe350035003200,0.5604139
fffe31003300300033003600,0.57651263
fffe3300310030003700,0.5359733
fffe33003200320037003700,0.13305193
fffe3300350039003500,0.36625347
fffe3100300035003800,0.10396436
fffe3400350033003900,0.29412735
fffe3300340034003600,0.5763783
fffe31003500380037003500,0.44200945
fffe31003500320037003000,0.4193352
fffe3900350031003800,0.13998146
fffe31003800320034003500,0.31271145
fffe33003100360030003800,0.47031495
fffe3200390030003300,0.5706159
fffe32003900300039003000,0.30716866
fffe33003400320032003700,0.37867126
fffe33003400380031003300,0.63555735
fffe33003300360035003300,0.2896294
fffe3600380030003300,0.5778259
fffe3600300037003500,0.056784257
fffe3500350033003100,0.4884524
fffe32003100340038003300,0.4467655
fffe32003300310032003500,0.41694853
fffe33003300330033003800,0.43111923
fffe32003300370032003000,0.4108841
fffe3900370037003100,0.6979119
fffe33003000330034003200,0.5149547
fffe31003700320030003300,0.30299234
fffe3700370032003100,0.5317092
fffe31003000360030003400,0.26189142
fffe31003100320039003800,0.38094035
fffe3600390036003500,0.32534072
fffe32003800360037003600,0.21284112
fffe31003900360030003000,0.3910229
fffe31003700340033003200,0.62010413
fffe31003700310036003400,0.53060454
fffe31003200370037003100,0.1716649
fffe32003800350032003600,0.4688763
fffe31003100340039003900,0.5376831
fffe330038003200,0.34011906
fffe32003400390039003100,0.23019944
fffe31003200380032003000,0.64928114
fffe32003100380037003700,0.42205107
fffe31003800350033003100,0.36009556
fffe33003100310037003000,0.5937008
fffe33003400330030003400,0.59143305
fffe32003100340039003000,0.60557204
fffe32003500380039003500,0.45417663
fffe32003500330033003100,0.34355438
fffe31003500380035003800,0.9657739
fffe33003200310039003800,0.34961984
fffe31003500310032003400,0.2870637
fffe31003800300031003000,0.3859509
fffe32003700330038003000,0.26818997
fffe33003100330032003500,0.76820374
fffe3800350034003200,0.5315459
fffe32003000390036003600,0.59598583
fffe3700390033003000,0.6944906
fffe32003800330034003600,0.12032526
fffe31003600350035003900,0.5694499
fffe3300320037003000,0.23811734
fffe3800380036003300,0.60559237
fffe3500350037003900,0.34203556
fffe3400340034003300,0.2956089
fffe32003100310035003600,0.9282957
fffe31003900340039003600,0.42116836
fffe32003800320036003300,0.27173412
fffe31003800350031003300,0.5394133
fffe31003300320035003800,0.39427617
fffe32003400330030003900,0.67080224
fffe32003200370033003200,0.7067199
fffe32003900310030003900,0.16750792
fffe31003900360033003600,0.57622516
fffe33003100310035003900,0.7363327
fffe32003100340030003400,0.23319653
fffe31003500360032003500,0.29728913
fffe3500370031003700,0.59223264
fffe32003400350031003200,0.25850448
fffe3200300039003700,0.700884
fffe3200300035003600,0.47304136
fffe33003400340038003400,0.3623307
fffe3200390039003200,0.3797501
fffe32003800300033003900,0.25103283
fffe3200300034003100,0.5249583
fffe32003900390035003300,0.42325082
fffe3300350030003000,0.13473131
fffe33003300380039003200,0.6179508
fffe32003400340031003600,0.47282192
fffe33003100390035003500,0.5449601
fffe31003800330037003400,0.7709917
fffe33003300300031003000,0.6618762
fffe32003700350033003900,0.44492865
fffe3200320036003900,0.7935589
fffe31003800380039003700,0.16021903
fffe31003800380032003400,0.4738398
fffe32003700350038003400,0.41263142
fffe3800360032003300,0.65729535
fffe31003700310033003900,0.39823762
fffe32003800310036003700,0.52947724
fffe33003100320036003000,0.29887143
fffe3300360034003200,0.15157527
fffe31003900310038003500,0.29387262
fffe32003500340035003300,0.7861319
fffe3500360036003200,0.54028624
fffe33003400360031003600,0.5281737
fffe31003700340037003700,0.27437586
fffe32003900300037003500,0.59847856
fffe33003000300034003700,0.40229416
fffe3400350034003700,0.41535214
fffe32003000300030003200,0.56367147
fffe3600350034003900,0.46597353
fffe33003000380033003200,0.24104713
fffe3700370030003700,0.5883126
fffe3700310037003400,0.6541367
fffe3400380032003400,0.7365332
fffe33003300360033003300,0.55389816
fffe32003700330032003900,0.7706324
fffe3400330033003200,0.79488766
fffe3600320035003700,0.23072183
fffe3200360035003300,0.65732265
fffe31003100310036003600,0.29953966
fffe31003900320032003500,0.50667495
fffe33003400300037003300,0.5284515
fffe32003900330038003100,0.10642762
fffe32003100340039003800,0.47245803
fffe3200340039003800,0.20864256
fffe3800310037003200,0.15184627
fffe31003100360039003400,0.37784958
fffe32003800370032003900,0.35722554
fffe32003800390039003900,0.6107049
fffe32003700310039003100,0.30154955
fffe31003400330033003200,0.43392053
fffe31003400360035003700,0.73127663
fffe31003900350039003500,0.52958226
fffe32003700350037003000,0.491066
fffe3300300036003400,0.40021586
fffe32003300390039003400,0.51946217
fffe32003700360032003900,0.47459993
fffe33003200320037003500,0.26405475
fffe31003900350031003700,0.5437444
fffe3700300038003700,0.3064218
fffe3900330038003800,0.52283376
fffe3500300036003200,0.26952878
fffe3500350031003500,0.36656964
fffe3500300031003700,0.6817856
fffe310034003300,0.21669656
fffe31003100320032003600,0.46331075
fffe3600300039003800,0.62313247
fffe31003200320035003300,0.09819571
fffe32003700390031003400,0.40921536
fffe31003000310032003700,0.41493475
fffe33003100340039003500,0.005855079
fffe31003000350032003700,0.2974414
fffe3200360038003500,0.13162063
fffe32003900370033003600,0.6149019
fffe32003300360039003600,0.23266932
fffe3800300033003400,0.48928717
fffe32003300360037003700,0.30217332
fffe32003600380035003600,0.39069933
fffe32003400300033003000,0.18730377
fffe3900360039003100,0.36719924
fffe32003300370038003200,0.561695
fffe32003200340031003700,0.5906963
fffe31003300310038003300,0.44177777
fffe32003500380037003200,0.40171167
fffe3900360031003300,0.6209789
fffe32003900320034003900,0.4508799
fffe33003200380034003800,0.8017689
fffe32003600340032003200,0.6088395
fffe3300330034003800,0.55140597
fffe32003400390035003500,0.40871972
fffe33003400350038003000,0.93223315
fffe31003100390038003500,0.22354718
fffe32003800350033003700,0.5885643
fffe33003100320035003000,0.51246613
fffe33003400310032003700,0.40540513
fffe32003200360036003800,0.43278438
fffe3100360036003900,0.7223107
fffe32003800340031003700,0.25426155
fffe3100350035003200,0.5158889
fffe3100360030003500,0.253286
fffe31003900350037003300,0.4826324
fffe3700320037003400,0.33177024
fffe31003200310039003500,0.5414361
fffe31003300360034003700,0.502057
fffe32003700300038003200,0.6098063
fffe31003500390033003800,0.45945257
fffe33003400360037003000,0.023402302
fffe31003400320035003800,0.40709004
fffe31003000360036003800,0.013548129
fffe3500300035003000,0.40800023
fffe33003300360034003500,0.25355318
fffe32003100350039003900,0.29825917
fffe31003300370037003600,0.38516152
fffe3500310036003800,0.39639747
fffe340033003900,0.5026385
fffe32003500350032003500,0.41888845
fffe31003000320031003100,0.12332435
fffe31003500370037003200,0.037078515
fffe3500390035003600,0.5874163
fffe3500380035003600,0.28899837
fffe33003000310037003100,0.5157498
fffe31003100300034003900,0.4224521
fffe33003000340032003600,0.6144925
fffe3200330032003000,0.3164078
fffe31003000340031003100,0.6172009
fffe31003700330030003600,0.34734178
fffe32003200300037003400,0.37002656
fffe32003000390038003500,0.4129811
fffe32003300330034003600,0.57347876
fffe32003000380030003600,0.40707108
fffe31003300380034003500,0.29657078
fffe380038003800,0.26226768
fffe31003400380035003500,0.05401617
fffe3300390038003000,0.39027655
fffe3400300030003000,0.7871109
fffe32003200310037003800,0.0128382305
fffe31003400370031003900,0.6176674
fffe33003200340036003900,0.4277437
fffe3500300034003800,0.3858042
fffe31003900380038003300,0.5425172
fffe3500350039003100,0.5161381
fffe31003200380038003500,0.47306505
fffe33003300330030003500,0.74234504
fffe3100340033003800,0.2946704
fffe32003100390031003300,0.46023294
fffe33003300310039003900,0.17858595
fffe3800300033003000,0.33530787
fffe3800370033003500,0.29873735
fffe33003300390035003200,0.6445938
fffe31003800300039003100,0.7905637
fffe33003100360039003000,0.65170115
fffe31003100330037003800,0.22061954
fffe3400300032003600,0.26313967
fffe32003200360032003400,0.36007667
fffe3500300035003700,0.4211954
fffe31003600360030003000,0.0071912697
fffe3200300036003700,0.0030074934
fffe3200300038003500,0.3945024
fffe3600330033003900,0.35157478
fffe32003400330039003100,0.7567092
fffe33003100360038003300,0.23113023
fffe32003600310037003000,0.6207117
fffe32003800390030003100,0.3947575
fffe31003500360031003900,0.5731723
fffe3700360034003800,0.5769395
fffe3600360038003000,0.6044697
fffe3500310034003200,0.41742206
fffe31003500350034003100,0.38446954
fffe31003400310037003900,0.60463625
fffe31003900360037003800,0.6042295
fffe3300310038003400,0.5326412
fffe3700350030003200,0.21081235
fffe31003800320032003100,0.40251553
fffe33003100360032003800,0.33242255
fffe360033003300,0.17771447
fffe310038003800,0.30450192
fffe380033003000,0.5963414
fffe3600320032003100,0.12723625
fffe32003700340037003900,0.80455655
fffe32003200350031003700,0.5218913
fffe31003300320035003500,0.49097344
fffe31003700360035003400,0.21172574
fffe31003700370033003600,0.2996782
fffe3800320030003800,0.89291066
fffe3600380033003100,0.8972973
fffe31003500390032003000,0.42254838
fffe3200300032003100,0.536761
fffe3800300030003100,0.5852282
fffe3400320038003900,0.12651974
fffe33003100310037003100,0.33356375
fffe31003200380030003100,0.5441033
fffe32003300310032003200,0.7416296
fffe32003900330035003800,0.34722406
fffe31003100330033003300,0.55793154
fffe31003500300034003100,0.35214433
fffe3200330031003100,0.65683264
fffe31003300350035003200,0.17722347
fffe32003200350034003500,0.44104552
fffe31003100310033003400,0.38231176
fffe31003500370030003400,0.9620915
fffe31003400320032003800,0.3567583
fffe32003500300031003600,0.5467243
fffe3300380035003900,0.5315156
fffe31003600300036003500,0.5929649
fffe32003500380037003600,0.39050415
fffe32003200340034003500,0.3904152
fffe31003300330036003600,0.61799306
fffe31003700300039003900,0.47576693
fffe3900380039003200,0.54483694
fffe32003900380039003000,0.051480517
fffe32003100380039003600,0.7245104
fffe32003500330038003600,0.60759616
fffe3300320032003700,0.45742884
fffe32003900340032003200,0.5158991
fffe32003600370039003900,0.8243663
fffe32003900310032003300,-0.0074563636
fffe32003500360038003100,0.3752712
fffe33003300350033003800,0.5121046
fffe33003100300034003100,0.4378542
fffe37003000,0.72630006
fffe31003300380036003700,0.19676466
fffe31003900330034003000,0.7525324
fffe3800330035003800,0.70683116
fffe31003400370031003600,0.5019242
fffe32003200330037003900,0.39901996
fffe32003200310038003500,0.5769246
fffe32003300310031003900,0.58667433
fffe380030003500,0.55539536
fffe32003800350038003200,0.092959076
fffe3600300038003200,0.3844486
fffe32003900330035003300,0.5003533
fffe33003200360038003000,0.46469328
fffe33003400340031003300,0.3851083
fffe31003600330039003800,0.5939791
fffe33003300380032003200,0.4119072
fffe33003300300038003500,0.42983967
fffe3800310037003100,0.58380085
fffe31003500370031003000,0.36358982
fffe31003500360037003000,0.4468127
fffe31003800390030003700,0.20549758
fffe3800360037003100,0.5785577
fffe31003600310032003500,0.30484843
fffe31003000320036003300,0.91568863
fffe3600300031003800,0.2898007
fffe31003500340031003500,0.6037861
fffe32003300360032003900,0.68100953
fffe32003900300032003400,0.17222017
fffe31003500370032003800,0.36864817
fffe31003100380034003100,0.56717306
fffe31003700360032003800,0.52964324
fffe33003000300039003300,0.25123385
fffe33003400330032003500,0.5666541
fffe31003800380034003800,0.43301472
fffe32003700370033003000,0.68331355
fffe31003000370038003600,0.63119775
fffe31003400310036003200,0.59808266
fffe33003300330038003200,0.95920646
fffe31003600370033003400,0.33227208
fffe31003800330039003900,0.5492043
fffe31003800360035003600,0.37770683
fffe31003800340032003600,0.5243003
fffe3700350038003300,0.13731353
fffe3700380032003800,0.45227444
fffe33003100370031003900,0.4273215
fffe31003200350031003900,0.6021305
fffe32003000330034003400,0.36220592
fffe31003400320039003300,0.60518676
fffe31003700370033003800,0.37487918
fffe31003200360033003100,0.1459468
fffe31003700380032003000,0.78408754
fffe31003300320034003200,0.60471725
fffe3700380030003800,0.49625847
fffe3700350039003700,0.32462534
fffe31003800360037003900,0.57415855
fffe33003300310032003000,0.41522643
fffe320037003100,0.34146214
fffe31003600310035003100,0.44073457
fffe32003100380036003400,0.16673236
fffe31003500330036003200,0.41188833
fffe3300300035003800,0.65439224
fffe32003300360037003200,0.34031767
fffe3400340034003900,0.45197025
fffe3400380037003500,0.6290978
fffe390030003900,0.1479722
fffe3900390030003000,0.15666413
fffe3100300039003700,0.41214886
fffe3500380032003500,0.2665157
fffe32003800310033003900,0.29870158
fffe33003200340034003500,0.10246523
fffe32003000360033003900,0.4544098
fffe32003000360038003000,0.30094162
fffe31003400360035003500,0.3081916
fffe32003900320032003800,0.45034778
fffe33003200370030003800,0.7488115
fffe31003200340030003600,0.6107556
fffe3400340039003900,0.3556527
fffe33003400300037003700,0.3007152
fffe31003600300036003300,0.47584143
fffe33003200310039003600,0.3027883
fffe3800330034003000,0.27423486
fffe3900340032003100,0.5657351
fffe31003500330035003100,0.5550565
fffe33003400340035003600,0.46891105
fffe31003500310034003900,0.22815327
fffe3600350032003700,0.5934265
fffe32003300360039003400,0.47644585
fffe31003000360036003300,0.5945835
fffe33003000310032003500,0.32808176
fffe32003300370038003800,0.65690356
fffe31003400390032003400,0.1801941
fffe31003500360037003400,0.26609725
fffe32003600330038003700,0.38962424
fffe33003100310036003400,0.33849525
fffe31003900380039003600,0.3991
fffe33003100340030003900,0.56455755
fffe33003400340030003800,0.40854168
fffe3600300037003200,0.23199391
fffe33003000320038003400,0.49256885
fffe32003000310033003300,0.41612023
fffe32003800340035003100,0.57874906
fffe33003100300031003400,0.60308933
fffe32003800370030003000,0.3363889
fffe31003600370032003400,0.15641432
fffe3100330037003400,0.6273716
fffe32003000320038003300,0.46580178
fffe32003100350035003300,0.5244622
fffe32003600320033003200,0.4219255
fffe33003100310035003700,0.347596
fffe31003300310031003100,0.468312
fffe33003100320033003700,0.42969233
fffe3700330033003600,0.03650702
fffe3500350035003700,0.17707519
fffe31003600320033003400,0.65211713
fffe32003000360036003700,0.37102893
fffe3500300031003100,0.4663725
fffe33003400300034003300,0.21451832
fffe32003700300038003800,0.29067174
fffe33003400360034003100,0.42663893
fffe31003300340032003700,0.45355943
fffe32003900310038003800,0.38155022
fffe33003300300038003300,0.56735635
fffe31003500320030003800,0.56370103
fffe33003000320030003000,0.36377066
fffe33003200370031003700,0.6684962
fffe33003400330034003300,0.19354674
fffe3300360034003700,0.58149225
fffe31003400350037003600,0.56724393
fffe31003500310031003500,0.62414014
fffe31003100300034003300,0.36422798
fffe31003400370037003200,0.5519987
fffe33003300300037003500,0.40918007
fffe33003100310033003100,-0.007902106
fffe32003800320032003600,0.76614374
fffe31003600390037003900,0.31926697
fffe33003100360030003900,0.58884263
fffe32003200390037003700,0.48213252
fffe31003300370036003700,0.45465463
fffe32003400300033003200,0.5672101
fffe33003400360030003100,0.569175
fffe32003300360033003100,0.40170005
fffe32003100330031003100,0.5170035
fffe3400390032003500,0.58352625
fffe32003800370037003700,0.3532628
fffe31003700390037003000,0.4114513
fffe31003400350033003200,0.33708125
fffe31003700320038003800,0.63453865
fffe3300320037003400,0.66033363
fffe3500300036003700,0.60200435
fffe32003000340033003500,0.013336966
fffe32003100380030003300,0.67009914
fffe330039003900,0.5882792
fffe32003100360032003500,0.33109465
fffe33003200370034003900,0.7214568
fffe310037003600,0.558982
fffe3400390036003400,0.5771787
fffe31003200370035003700,0.58539784
fffe31003300330031003700,0.23984641
fffe3700340037003900,0.17450768
fffe310038003000,0.17897983
fffe31003300330037003500,0.72773015
fffe31003900330039003800,0.28569266
fffe33003300360031003100,0.43707046
fffe32003700300038003100,0.8569247
fffe32003300370037003600,0.4956619
fffe3900300032003600,0.47183737
fffe32003100300032003500,0.64630413
fffe3300350034003600,0.4011593
fffe3700390031003200,0.3929929
fffe31003600300037003100,0.57495946
fffe3200370033003600,0.18160328
fffe32003600360034003800,0.6608581
fffe3900350036003800,0.5107009
fffe32003000360035003400,0.43095803
fffe33003200310036003800,0.48138177
fffe3300320034003400,0.44562685
fffe32003800340035003500,0.70134336
fffe32003200300032003900,0.3206454
fffe3300330030003300,0.46575904
fffe3100300037003500,0.23891416
fffe31003800340035003900,0.42376477
fffe32003100340035003600,0.5123775
fffe31003700310035003600,0.18338683
fffe31003600320032003500,0.38687345
fffe32003400370030003700,0.42003757
fffe31003700370030003400,0.6995624
fffe33003400320039003900,0.10625331
fffe32003100360039003500,0.32446867
fffe3500350035003100,0.53041035
fffe32003700340030003400,0.6196928
fffe33003200370032003400,0.16064388
fffe3100300034003700,0.266291
fffe3400390031003500,0.49675134
fffe31003600300032003300,0.23698606
fffe32003900380037003700,0.24132705
fffe33003000360038003700,0.6021105
fffe380039003000,0.5934353
fffe32003800390037003500,0.4508235
fffe31003000370037003600,0.010446045
fffe33003100330039003300,0.48028752
fffe3100380035003300,0.33459303
fffe33003800,0.5987248
fffe31003800390037003600,0.84539694
fffe3900330032003000,0.4058156
fffe3500330036003300,0.27286616
fffe32003000300034003700,0.47102457
fffe31003500370030003500,0.5499088
fffe3700350030003100,0.21039726
fffe32003600330036003500,0.60811484
fffe3200390032003500,0.3469992
fffe32003300300037003200,0.55384785
fffe32003000370036003200,0.3742064
fffe32003400310035003700,0.3803609
fffe3500340036003200,0.6203452
fffe31003500320037003100,0.19381171
fffe33003400390032003900,0.36848202
fffe31003800350035003300,0.36245954
fffe3200300033003600,0.21522252
fffe3500350039003800,0.2489597
fffe32003600390033003200,0.59093565
fffe3200300036003600,0.704332
fffe31003100330032003500,0.5212793
fffe3800330033003800,0.24998982
fffe31003500310037003000,0.17742698
fffe31003200320032003000,0.34354046
fffe31003000360030003900,0.41793132
fffe31003800310035003400,0.5944376
fffe32003100310036003100,0.37937158
fffe33003300300036003500,0.20065457
fffe32003800300030003900,0.5539373
fffe31003700370036003600,0.4693186
fffe33003400300035003500,0.5873631
fffe31003700360037003900,0.40732902
fffe32003100310032003400,0.56387687
fffe370038003900,0.23311213
fffe3800310037003800,0.39023525
fffe380030003800,0.20800088
fffe3700370038003300,0.46355733
fffe3800330039003700,0.61100465
fffe32003100320039003300,0.53587365
fffe3800300036003900,0.5773524
fffe3800370034003900,0.70719814
fffe3600390038003300,0.43498734
fffe3900340039003500,0.22128369
fffe33003300360032003300,0.39829805
fffe31003300380032003600,0.12819664
fffe32003900300030003300,0.32998735
fffe32003800380032003900,0.38269025
fffe3700390039003100,0.59182405
fffe31003200300035003400,0.8196844
fffe3200330030003900,0.6835645
fffe33003400350037003200,0.14739126
fffe3700360031003500,0.20225142
fffe32003700310039003200,0.6151671
fffe3400330039003700,0.5545573
fffe32003700380030003200,0.78449214
fffe31003700370035003200,0.5951614
fffe3200320037003200,0.5057637
fffe3600390034003600,0.5134117
fffe31003100320035003600,0.39441615
fffe32003900320039003700,0.44877592
fffe3600380030003700,0.46409273
fffe32003700330037003300,0.54112697
fffe32003500350038003600,0.5508427
fffe32003100360036003400,0.25591668
fffe3700300036003600,0.5647706
fffe32003100380038003000,0.30249664
fffe32003700330034003400,0.44068703
fffe33003400350034003400,0.36853373
fffe33003400300035003800,0.39022732
fffe31003700380037003200,0.22478609
fffe3400300036003300,0.2165187
fffe33003300390038003700,0.29738927
fffe32003100340033003300,0.3682096
fffe33003400380038003500,0.26968738
fffe3900380037003600,0.13007513
fffe3500380037003100,0.409262
fffe31003700340032003700,0.62245756
fffe31003200360032003900,0.4991379
fffe3800370039003200,0.38561806
fffe3700320039003000,0.3383191
fffe3900310034003700,0.42885205
fffe32003600330034003000,0.37857273
fffe31003800340039003000,0.86090505
fffe32003600380031003800,0.59432274
fffe32003100390037003800,0.12582399
