Employee ID,Burn Rate
fffe31003300390039003000,0.6065875
fffe31003300310037003800,0.3547675
fffe33003400380035003900,0.37066427
fffe3100370039003200,0.37975314
fffe32003600390036003700,0.5304016
fffe3600390032003200,0.5348084
fffe3600370032003200,0.32291743
fffe32003900390030003000,0.6934392
fffe3100370031003000,0.611392
fffe31003500320037003600,0.4406634
fffe3400370031003100,0.39794925
fffe32003800300035003300,0.351506
fffe31003700380037003700,0.37867042
fffe33003400300038003900,0.5865112
fffe33003100300039003600,0.62195545
fffe33003400380038003300,0.5680234
fffe33003400310032003500,0.60260516
fffe33003400360032003000,0.8088343
fffe32003800360033003400,0.2537504
fffe3600350031003700,0.4259026
fffe3200310033003500,0.3717754
fffe370039003500,0.19381242
fffe32003500340036003200,0.47304055
fffe360038003200,0.6102266
fffe31003800300039003900,0.5563453
fffe32003500310034003200,0.38833004
fffe33003100320039003300,0.48286515
fffe33003000330034003700,0.34089887
fffe32003500310039003300,0.3309567
fffe31003500310033003200,0.3040197
fffe31003900320038003800,0.28970173
fffe31003400340039003000,0.89555347
fffe390033003000,0.37943313
fffe3700360033003400,0.0068728398
fffe31003700390034003900,0.16587375
fffe31003700360035003900,0.6320985
fffe31003200370037003900,0.37304237
fffe31003400310038003500,0.3715444
fffe32003200370033003000,0.3540135
fffe31003300320036003300,0.3290978
fffe3900390034003600,0.6238926
fffe32003300310032003600,0.2399024
fffe3500360039003300,0.92486763
fffe3700340039003900,0.71144575
fffe31003400370032003200,0.28647295
fffe360032003200,0.2250046
fffe33003100340030003600,0.6297483
fffe31003500300037003700,0.29190627
fffe31003600390038003800,0.35559058
fffe33003300360030003500,0.56074107
fffe3900380030003300,0.33132812
fffe31003700330034003500,0.38832265
fffe31003500360036003900,0.3257504
fffe3200380033003100,0.6033487
fffe3900360033003900,0.67236996
fffe33003000370031003200,0.5502361
fffe32003700370036003200,0.2153479
fffe31003400320034003300,0.4421545
fffe32003600360034003200,0.25888535
fffe32003700380035003100,0.7238662
fffe31003400350034003200,0.19243486
fffe31003000320038003200,0.5688847
fffe32003400300030003800,0.5172436
fffe32003600320038003300,0.45168853
fffe3300340035003700,0.3712756
fffe31003900320032003000,0.35245475
fffe3300370032003100,0.3228963
fffe33003300350038003900,0.17687139
fffe32003900360038003700,0.23860215
fffe3100380033003400,0.54769033
fffe3900390032003500,0.1727805
fffe32003200320035003600,0.2414609
fffe32003700380031003900,0.2223341
fffe3400330034003000,0.4140761
fffe33003300380035003400,0.2716193
fffe3300380034003000,0.5676205
fffe32003500360039003200,0.5854075
fffe31003700360038003600,0.3630123
fffe33003300370036003200,0.59310836
fffe3200340039003500,0.5654591
fffe3600300036003500,0.66416234
fffe31003300370032003000,0.5925362
fffe3700360036003700,0.6435269
fffe33003200390030003200,0.13695467
fffe31003500340035003100,0.6029223
fffe33003000350035003300,0.04083772
fffe31003400300036003000,0.7129387
fffe31003700330035003200,0.47510964
fffe33003000320032003400,0.40599376
fffe32003300350034003700,0.21828322
fffe32003200340034003400,0.34667683
fffe3800380035003100,0.14990033
fffe33003100310039003900,0.59684056
fffe3700330032003300,0.36081812
fffe32003300390033003900,0.4664392
fffe31003500370037003700,0.33424866
fffe32003000310035003500,0.2704058
fffe38003200,0.7532666
fffe31003900310032003600,0.73452246
fffe32003200320039003900,0.21433276
fffe33003000360035003200,0.40416482
fffe33003100390031003800,0.6429494
fffe32003800360031003400,0.6653148
fffe32003300320034003300,0.7118651
fffe3800330032003400,0.42641795
fffe3600380038003000,0.37006116
fffe32003500320030003700,0.3195298
fffe33003400330032003600,0.28041005
fffe32003300380030003600,0.66349584
fffe31003000360032003900,0.7421517
fffe3300310032003500,0.26175985
fffe3200320033003000,0.7500568
fffe340032003600,0.43824327
fffe3900390036003500,0.86193305
fffe3900310039003900,0.4110678
fffe3700390037003100,0.35454455
fffe31003200340031003600,0.63381577
fffe33003200380038003800,0.34917158
fffe32003400380038003200,0.38533404
fffe32003300330037003600,0.25662783
fffe33003400360030003700,0.3688618
fffe31003900340030003800,0.35492793
fffe33003400300037003400,0.45844287
fffe3400360035003700,0.53984374
fffe33003000340039003100,0.52486265
fffe32003000390030003300,0.5866909
fffe32003800300030003000,0.14724399
fffe32003500300032003800,0.43138662
fffe3800330032003700,0.6954978
fffe32003900380039003600,0.2554368
fffe3200310031003300,0.32198656
fffe32003700350038003000,0.46687537
fffe31003800370033003700,0.4357382
fffe33003300380038003100,0.74986243
fffe31003400340030003400,0.3318923
fffe31003000340030003400,0.3231059
fffe31003400330032003700,0.14381792
fffe31003700310030003300,0.55178374
fffe31003300310033003300,0.73563904
fffe33003400330031003500,0.5659492
fffe32003800300036003800,0.6562845
fffe33003000300032003900,0.0049883155
fffe32003800390035003700,0.29259673
fffe3400320036003200,0.49694094
fffe33003200390038003700,0.46141824
fffe33003100380035003700,0.241734
fffe32003900350032003100,0.007253974
fffe31003400360032003800,0.7198869
fffe32003500340030003200,0.26096043
fffe32003600330035003300,0.3489767
fffe3700320033003600,0.34748995
fffe31003400310033003000,0.4063045
fffe31003400380034003800,0.43525526
fffe32003300340039003700,0.4142137
fffe31003300360031003300,0.558985
fffe3500350037003800,0.39538878
fffe32003300350035003400,0.56346095
fffe3600310037003400,0.4551113
fffe3200350036003400,0.30508322
fffe33003100350034003600,0.24820028
fffe3700390038003600,0.41763717
fffe31003200350033003800,0.38815665
fffe32003300320033003400,0.5541025
fffe31003900360035003900,0.058297813
fffe3400360036003800,0.6581741
fffe3100320032003000,0.599465
fffe3900310038003900,0.65493447
fffe3500330032003600,0.74127203
fffe3700370034003000,0.45759207
fffe3100310038003800,0.4221603
fffe33003300350036003500,0.76073354
fffe33003400390031003600,0.70704997
fffe31003400370035003400,0.37126374
fffe31003600340039003900,0.5973225
fffe31003600350034003300,0.8872638
fffe32003900310033003300,0.4049099
fffe32003700300039003800,0.40540597
fffe32003600340036003300,0.039049953
fffe31003100340039003600,0.38321424
fffe31003700340036003000,0.45089805
fffe31003600390030003700,0.2531839
fffe32003500320036003900,0.5877195
fffe32003200330033003700,0.17169996
fffe32003500380035003600,0.28495798
fffe32003900330030003800,0.1763331
fffe3700360031003700,0.8276776
fffe31003400350032003300,0.3692328
fffe31003000300034003900,0.30544186
fffe31003500370032003200,0.55513054
fffe31003400330039003100,0.6516575
fffe33003100340037003400,0.35193482
fffe33003300390033003500,0.81412196
fffe390035003800,0.43726572
fffe31003500310033003600,0.38457784
fffe31003600390032003600,0.50620234
fffe31003600300038003000,0.33375776
fffe3800390036003400,0.2916014
fffe33003100380031003200,0.32373464
fffe33003100390033003000,0.5987607
fffe31003100370034003800,0.008049283
fffe32003500370034003400,0.46163937
fffe350039003100,0.9195141
fffe31003000340030003500,0.30063343
fffe33003300340034003300,0.3395334
fffe31003600330032003500,0.80845636
fffe31003400350037003900,0.49019945
fffe31003800370035003000,0.65825313
fffe3400320037003600,0.28256348
fffe33003100390034003000,0.56513715
fffe31003000340037003600,0.3303248
fffe3800380033003600,0.6113691
fffe33003300380030003100,0.5743336
fffe3900370035003800,0.38534048
fffe3800370031003400,0.15047066
fffe3600380039003100,0.3717169
fffe3100300039003200,0.500765
fffe31003000330034003700,0.24439947
fffe33003400390034003000,0.21146499
fffe32003600360035003500,0.25788382
fffe3900380031003100,0.50578403
fffe3200350035003000,0.57758355
fffe32003400310032003000,0.6986885
fffe33003200340033003300,0.7037158
fffe3800340035003200,0.75094265
fffe32003300360035003400,0.5702386
fffe3200380031003700,0.38259214
fffe31003200360035003900,0.58175504
fffe33003200320036003800,0.20429802
fffe31003500320035003500,0.40752196
fffe31003400330039003500,0.65774715
fffe32003600360038003200,0.40818858
fffe33003000,0.20266081
fffe33003300370036003900,0.5584955
fffe31003200310031003600,0.5543732
fffe33003400320035003000,0.37538874
fffe33003100300036003800,0.22794105
fffe3200370037003800,0.5740899
fffe32003500300036003500,0.3984674
fffe32003800380034003300,0.638834
fffe33003100350032003000,0.53068066
fffe31003300340031003000,0.6309051
fffe32003100390031003500,0.64521414
fffe3100380034003300,0.6961271
fffe31003100320030003300,0.5805175
fffe31003200350035003800,0.58422273
fffe31003200350034003500,0.77319914
fffe32003500380037003700,0.41754246
fffe32003500320031003100,0.040115643
fffe3700310035003300,0.70449966
fffe31003300390035003400,0.41230133
fffe31003400390037003000,0.36327264
fffe32003600300037003100,0.7034918
fffe3900380038003700,0.5916662
fffe3600390031003300,0.5516203
fffe33003100390031003100,0.67255604
fffe3100320036003300,0.5748272
fffe3900350030003300,0.4473569
fffe32003300350036003100,0.5510151
fffe33003200360032003400,0.38618892
fffe31003400320038003000,0.15449561
fffe31003300310033003900,0.20010082
fffe3800300034003300,0.47754017
fffe32003200370031003200,0.60553265
fffe31003400340039003200,0.37174556
fffe32003600340039003600,0.5307254
fffe33003100370036003600,0.58362466
fffe32003600320031003600,0.5509991
fffe32003000380030003700,0.4901933
fffe32003700340034003800,0.43042892
fffe32003100350030003100,0.36784708
fffe32003400380031003200,0.36137742
fffe31003300370030003800,0.7468427
fffe32003500360031003400,0.7089077
fffe3600370037003500,0.21893027
fffe32003300380034003100,0.55808884
fffe32003800310031003300,0.748088
fffe31003700330031003300,0.6141996
fffe32003000300036003900,0.7818089
fffe31003200370032003100,0.7260265
fffe3500340039003400,0.4514327
fffe32003400330037003400,0.5041322
fffe31003000340039003900,0.46541634
fffe31003600350038003800,0.93093884
fffe3400320039003600,0.057124645
fffe3800310034003200,0.4270753
fffe31003500340033003600,0.16667959
fffe3700340036003200,0.32385164
fffe32003800340036003200,0.69945365
fffe3700390035003900,0.14581816
fffe32003500300039003100,0.609639
fffe31003800340039003900,0.46208158
fffe32003200360032003300,0.5758968
fffe3900370038003200,0.72543323
fffe3400300031003000,0.34612554
fffe31003700390036003500,0.5734602
fffe32003000390035003900,0.54654676
fffe32003400330038003700,0.58624476
fffe32003100300037003100,0.47275528
fffe32003700390038003300,0.471434
fffe31003400380034003400,0.5896825
fffe31003500310036003100,0.60045934
fffe31003200360032003300,0.48660162
fffe33003400350032003300,0.3958831
fffe32003300300035003300,0.24023898
fffe33003200380031003700,0.38160232
fffe3700360039003000,0.1932377
fffe33003300310035003000,0.49865562
fffe31003500390036003900,0.51260024
fffe380037003500,0.38740048
fffe31003200330033003100,0.2754061
fffe31003200320032003700,0.5448482
fffe33003000380031003700,0.20921752
fffe32003400320032003300,0.5990004
fffe33003000340035003500,0.6450915
fffe31003800320033003300,0.34021568
fffe3600390031003800,0.55089927
fffe33003300370036003700,0.119927905
fffe31003600390032003000,0.27939427
fffe32003000350038003100,0.27421167
fffe31003500330033003400,0.24843283
fffe32003000380032003800,0.6137555
fffe31003400350032003000,0.19049631
fffe31003300300037003700,0.3857809
fffe310032003900,0.581002
fffe33003200380036003500,0.37191114
fffe3900340033003300,0.38087314
fffe33003000380036003000,0.7057074
fffe31003500300038003400,0.38647702
fffe3500350036003500,0.3995655
fffe3600350033003500,0.2863583
fffe33003200300037003100,0.31613085
fffe3300310032003000,0.70787305
fffe32003100300034003800,0.35613185
fffe3300320038003500,0.558259
fffe32003000330035003400,0.55850303
fffe3800330036003800,0.31898287
fffe3600360030003200,0.45402563
fffe3500380036003000,0.5056563
fffe31003200380036003500,0.8965139
fffe3200380038003300,0.5064207
fffe33003400390031003100,0.6203423
fffe3700320039003400,0.74132234
fffe31003600380030003100,0.20513794
fffe3900300035003800,0.29673585
fffe31003300360036003900,0.48098373
fffe31003100360032003200,0.62743896
fffe31003500340031003600,0.4695507
fffe31003000300034003700,0.43159354
fffe3600380032003700,0.27107129
fffe32003800310037003800,0.37030905
fffe31003600370034003600,0.5917859
fffe32003400320038003600,0.5735264
fffe32003300340036003200,0.6793405
fffe3500300038003900,0.6091639
fffe31003500360036003000,0.4660469
fffe31003000390036003800,0.60886425
fffe3900320031003600,0.18312286
fffe33003300360035003400,0.6072842
fffe31003100370038003700,0.34955373
fffe33003300320034003500,0.22795656
fffe3300370033003700,0.37010843
fffe32003000320030003100,0.26595542
fffe32003400320036003000,0.41846573
fffe33003200330037003600,0.3213232
fffe31003900380031003100,0.9187492
fffe3700350035003200,0.20800497
fffe32003100310030003200,0.2642468
fffe31003100370031003400,0.50299364
fffe31003800370030003700,0.2321963
fffe3700370034003600,0.5993113
fffe3900370039003400,0.29542115
fffe32003500330035003600,0.31339818
fffe31003300360031003900,0.41616246
fffe32003300380034003800,0.49134272
fffe31003800390035003000,0.7565969
fffe31003100300039003300,0.59425735
fffe32003100350033003200,0.60569775
fffe3200360034003100,0.013958419
fffe32003200340033003800,0.20909561
fffe32003600360030003100,0.72793216
fffe31003600340033003500,0.5302939
fffe3200330030003800,0.24579176
fffe32003900370035003300,0.40183127
fffe31003500380031003300,0.00627877
fffe31003600360038003400,0.42391515
fffe3400380034003800,0.3038155
fffe33003100380039003200,0.29867616
fffe31003100330034003200,0.5285662
fffe31003600340030003800,0.4347707
fffe3100380035003900,0.28399295
fffe32003900380039003500,0.114962965
fffe31003700300030003800,0.57315403
fffe31003800370031003800,0.632734
fffe3200330033003600,0.18801597
fffe3700360038003700,0.7686533
fffe3300320031003700,0.5662812
fffe31003100360030003200,0.40595314
fffe31003300360036003800,0.43594268
fffe32003100390033003800,0.50102335
fffe31003900350039003000,0.48066363
fffe32003200320033003300,0.44146112
fffe32003800340035003300,0.5703345
fffe31003100330032003800,0.31979054
fffe3400350039003900,0.5331835
fffe3800310036003000,0.31206173
fffe31003600320033003600,0.38689554
fffe32003400370039003500,0.45173907
fffe3700300036003800,0.26862395
fffe33003000300033003200,0.51492584
fffe33003000370037003100,0.57474333
fffe31003100320038003100,0.6153362
fffe32003500370035003700,0.72916573
fffe31003100320038003500,0.8439111
fffe32003600300035003500,0.33451438
fffe32003600300034003900,0.33814692
fffe3300320039003400,0.33746472
fffe32003800390033003300,0.70938444
fffe31003600340035003800,0.47164738
fffe32003000390030003700,0.2755227
fffe31003300320038003100,0.40664923
fffe31003600370030003700,0.11564629
fffe32003000330039003400,0.54715097
fffe31003800340037003100,0.49218726
fffe31003500370038003900,0.23560503
fffe3500300037003700,0.5610203
fffe32003000320037003300,0.29827994
fffe31003900320036003700,0.5548162
fffe31003900350038003800,0.69975144
fffe31003800300034003200,0.38496837
fffe33003400350036003800,0.70862865
fffe31003400340034003400,0.65173906
fffe32003600320037003200,0.3384377
fffe3300390033003300,0.3967369
fffe32003200300031003300,0.38386527
fffe3100360036003100,0.34761035
fffe31003100320039003900,0.3907756
fffe32003700350031003400,0.61448133
fffe33003100360033003100,0.56170756
fffe3400310039003600,0.3479618
fffe32003300330036003400,0.5658953
fffe33003100320038003300,0.57645184
fffe32003200330034003600,0.3877732
fffe31003700350038003500,0.5802477
fffe32003100390030003900,0.34566346
fffe31003000330036003000,0.21885975
fffe390034003300,0.1276576
fffe3300310039003200,0.4188518
fffe31003700320030003600,0.32890087
fffe31003500330030003600,0.67003775
fffe32003300360039003200,0.7704516
fffe3500350031003400,0.36850378
fffe33003000390037003000,0.44397864
fffe3800340030003800,0.9517062
fffe3500390039003500,0.49014008
fffe32003100330033003100,0.26956785
fffe31003900380035003800,0.73082286
fffe31003200370033003400,0.2966714
fffe33003300340036003500,0.5161834
fffe3900380032003000,0.47099867
fffe32003700370035003500,0.015003413
fffe31003900330039003500,0.4114828
fffe32003400300036003900,0.19244096
fffe31003800320037003800,0.11217139
fffe3400360039003400,0.6293679
fffe32003700390036003000,0.17241141
fffe320032003600,0.62414086
fffe31003200300037003300,0.2899288
fffe3700380033003700,0.5921322
fffe330038003800,0.5388181
fffe33003200340038003100,0.21742138
fffe32003800370035003100,0.13543028
fffe3800300036003000,0.5786978
fffe32003200340039003800,0.40985793
fffe31003600320033003900,0.016163228
fffe3500340037003700,0.41327363
fffe32003500340039003100,0.5214024
fffe31003400380033003100,0.39536116
fffe3600370031003600,0.21182562
fffe32003600360035003000,0.26564664
fffe33003100380037003100,0.6717746
fffe32003900390035003100,0.587021
fffe3800360039003300,0.28599516
fffe32003200310035003200,0.34604856
fffe31003200340036003300,0.5112565
fffe32003300340033003900,0.6781164
fffe32003800380033003500,0.68841326
fffe32003400380039003400,0.5027653
fffe3500350037003700,0.37200072
fffe32003700330037003800,0.37005335
fffe3700320030003800,0.5268248
fffe31003400350033003300,0.53077215
fffe380030003600,0.6741509
fffe31003300380038003400,0.21358854
fffe31003300330038003300,0.560325
fffe33003200390039003800,0.09925858
fffe31003000340034003200,0.5584974
fffe3700310031003400,0.46004343
fffe32003500350032003100,0.9077642
fffe3100310037003400,0.54820955
fffe33003200360031003600,0.70410925
fffe31003900300038003300,0.24474151
fffe3400380039003900,0.7995006
fffe3500330036003500,0.62293285
fffe3800330035003100,0.74086016
fffe3100310032003200,0.34599414
fffe32003200340030003600,0.33753505
fffe33003300370038003900,0.22588143
fffe340035003600,0.5781273
fffe31003800370038003200,0.3995205
fffe3900330035003200,0.803999
fffe31003700340039003300,0.7261228
fffe3100300034003300,0.46007237
fffe32003200380035003400,0.7039031
fffe3700300030003100,0.40971783
fffe3600370034003300,0.41993412
fffe31003700300037003700,0.60533667
fffe3900300032003200,0.36669797
fffe32003200340033003500,0.41380706
fffe31003500370034003300,0.25130424
fffe32003500350033003100,0.22128978
fffe33003300360033003600,0.29364285
fffe3900310038003000,0.06418876
fffe31003100390032003800,0.743988
fffe32003900340038003500,0.61944354
fffe32003000300030003000,0.64031917
fffe31003600380037003000,0.7304996
fffe32003900330035003000,0.3840498
fffe3600310031003500,0.28639117
fffe3200380033003400,0.36581025
fffe32003800310030003700,0.8703926
fffe3900300032003300,0.39203352
fffe33003400350039003800,0.324125
fffe31003600310033003100,0.54341507
fffe31003700320039003100,0.19596165
fffe3600360034003900,0.18061219
fffe31003800310031003000,0.39019552
fffe33003300320039003300,0.4803098
fffe3200380032003700,0.44164982
fffe3400390032003700,0.5770784
fffe32003900360031003000,0.77303827
fffe33003400360031003100,0.39880034
fffe32003700380033003200,0.58308184
fffe3500380030003100,0.6129773
fffe32003400370036003400,0.43529603
fffe33003100360033003700,0.27517575
fffe32003800380031003100,0.43501014
fffe3400310031003000,0.4560308
fffe31003800370030003500,0.24730551
fffe3700360036003800,0.60271144
fffe32003300310030003000,0.27830574
fffe32003300340036003900,0.37874833
fffe32003600310039003200,0.387957
fffe3100380030003000,0.64735633
fffe3500310035003900,0.8790669
fffe33003400360030003800,0.44984394
fffe32003000300034003500,0.7005728
fffe32003600330037003000,0.671693
fffe3900300034003600,0.37944892
fffe31003400380036003000,0.33426747
fffe31003400350031003000,0.0074029034
fffe31003600360036003200,0.6277006
fffe32003100360035003900,0.50233424
fffe31003600340030003200,0.3804081
fffe31003200370037003600,0.42724073
fffe3200380039003300,0.300607
fffe3800340030003700,0.33418772
fffe31003200310030003400,0.4652495
fffe330037003700,0.07921982
fffe31003600360035003500,0.01332694
fffe31003700320032003900,0.61871916
fffe31003400360033003300,0.42683515
fffe3800350031003600,0.65083003
fffe33003400380032003300,0.5776661
fffe33003100340038003100,0.3927887
fffe32003300340032003300,0.32064018
fffe32003400320035003300,0.8032961
fffe32003900340034003200,0.5745585
fffe32003600330036003200,0.85784775
fffe32003800340039003900,0.11595882
fffe32003800350037003600,0.17845984
fffe31003500330035003500,0.59495467
fffe3100380030003700,0.171027
fffe31003200380031003800,0.38154587
fffe3600320034003100,0.40877774
fffe31003700310033003100,0.28802046
fffe31003800300037003600,0.405812
fffe33003000380036003200,0.71161675
fffe31003200360036003000,0.606854
fffe31003400340032003200,0.44609272
fffe3100380033003100,0.42371538
fffe32003300310032003400,0.60316306
fffe32003000330035003700,0.7610439
fffe31003800340038003100,0.29026756
fffe32003900350035003700,0.41070077
fffe31003300390039003700,0.8467738
fffe3600370036003200,0.16968054
fffe31003900380030003700,0.4410201
fffe3600390035003300,0.5948101
fffe3600370032003300,0.6514114
fffe310032003800,0.6154898
fffe32003800340031003100,0.10656731
fffe32003900330036003200,0.6397864
fffe33003100370033003200,0.37144527
fffe33003400370039003300,0.48904413
fffe32003300370031003300,0.2562515
fffe33003000330032003800,0.72635394
fffe31003900380032003100,0.23799166
fffe31003300340036003700,0.415967
fffe3700360030003800,0.006312553
fffe32003800340031003000,0.48175985
fffe33003100300037003400,0.06556018
fffe32003400370036003900,0.4076569
fffe32003000330031003900,0.51898706
fffe32003900340038003600,0.4028056
fffe32003100320033003500,0.038178846
fffe3800340034003600,0.4258273
fffe33003300320035003700,0.5102586
fffe32003700350033003100,0.33426228
fffe31003100350038003500,0.22356065
fffe31003600310038003100,0.51795864
fffe31003800350039003300,0.5311553
fffe33003400320037003400,0.33856776
fffe31003100390030003500,0.4171015
fffe3500310033003500,0.4790875
fffe32003100380033003800,0.6311711
fffe33003100380039003700,0.7719814
fffe32003800300035003900,0.7562111
fffe3400340039003200,0.6858222
fffe32003100360032003300,0.48689085
fffe33003300360037003000,0.0052259113
fffe32003600360033003400,0.96306324
fffe31003100300031003200,0.7212147
fffe3400390036003800,0.23407881
fffe33003200330030003900,0.43788078
fffe32003000380036003700,0.45471257
fffe3700310034003200,0.46289048
fffe32003500310034003000,0.5579714
fffe31003300380036003000,0.5247535
fffe32003100330033003300,0.5533612
fffe3700340036003100,0.8103902
fffe33003100350039003900,0.51186836
fffe32003300300034003900,0.46685463
fffe31003700320031003100,0.24045724
fffe32003400330031003500,0.52654666
fffe33003100320032003200,0.38249743
fffe33003000390038003600,0.6219473
fffe32003600370031003100,0.9317501
fffe3200340038003900,0.32116064
fffe31003600380038003300,0.2573676
fffe31003200350033003300,0.7657772
fffe3600370031003300,0.35730436
fffe33003100360031003800,0.3539437
fffe32003500370034003600,0.3551187
fffe33003000310032003400,0.2506431
fffe32003000370031003300,0.12125039
fffe31003300320032003200,0.5912127
fffe3200370038003600,0.30160287
fffe33003300380032003100,0.56652087
fffe31003300330038003600,0.69953847
fffe3900360037003000,0.27204219
fffe32003600360031003200,0.5860155
fffe33003300350038003100,0.58924687
fffe31003100330034003900,0.39793414
fffe3500340036003500,0.413451
fffe32003500370030003700,0.9189784
fffe3400370033003800,0.54300356
fffe31003900300039003400,0.43000016
fffe31003300340034003600,0.38990024
fffe33003100380038003700,0.4197986
fffe31003900380034003400,0.32358068
fffe31003200320031003000,0.033000827
fffe3300380038003500,0.651928
fffe31003500300038003500,0.24157864
fffe3600320038003300,0.566593
fffe32003200380037003600,0.5252782
fffe32003800350031003000,0.25759876
fffe3800360036003000,0.19081293
fffe31003300340038003000,0.28081456
fffe32003600350039003700,0.7034957
fffe32003900310031003400,0.40791434
fffe31003900300033003800,0.6341016
fffe33003000340030003400,0.40934753
fffe31003800380031003800,0.19951515
fffe31003800350031003600,0.38350168
fffe32003500350036003800,0.6563275
fffe3300390037003000,0.28762707
fffe31003000320037003500,0.24948344
fffe32003000370038003000,0.19034888
fffe3500340033003100,0.15794234
fffe32003100370039003500,0.35438156
fffe33003200330035003500,0.29025167
fffe32003900300033003100,0.35152146
fffe31003200310032003100,0.07765094
fffe31003800300032003400,0.39963153
fffe33003300310034003600,0.7252353
fffe33003400320039003100,0.29278418
fffe31003100320032003300,0.25471446
fffe31003100310034003200,0.2505452
fffe31003600390034003400,0.5513253
fffe31003600340033003600,0.5815571
fffe32003000390038003800,0.5011919
fffe31003100340038003400,0.5129285
fffe31003700370036003800,0.34058025
fffe3900350032003900,0.6546266
fffe31003000300036003800,0.37406537
fffe32003700300030003400,0.5299486
fffe31003800360036003600,0.44443777
fffe3700380031003100,0.8314021
fffe3100310036003000,0.20573217
fffe31003800380038003200,0.5385925
fffe33003200390033003400,0.4726138
fffe3500390039003100,0.35692486
fffe33003300310030003400,0.44585243
fffe31003500350035003000,0.39993355
fffe33003200330037003100,0.43392015
fffe33003200360031003500,0.28438818
fffe32003800360039003200,0.6028086
fffe31003600350035003000,0.30672196
fffe32003500300037003400,0.30151102
fffe3200330034003300,0.46677148
fffe31003100380032003200,0.006700815
fffe33003100340031003200,0.66563904
fffe33003400300036003400,0.40470687
fffe31003800310032003800,0.49739987
fffe3900380030003500,0.5145913
fffe31003600310036003900,0.21242702
fffe3600320039003300,0.4805002
fffe32003500340037003800,0.17268619
fffe31003800390033003000,0.3995168
fffe32003400340033003200,0.27843866
fffe31003400370034003600,0.31909153
fffe33003000300030003900,0.14510596
fffe32003800350033003100,0.25070843
fffe3100320036003200,0.40012118
fffe32003500330034003900,0.23558757
fffe3800380036003800,0.39044347
fffe31003300360033003700,0.41588774
fffe32003500390031003200,0.28940967
fffe3500320034003600,0.44359395
fffe32003500310034003800,0.5129992
fffe3700320038003100,0.5530611
fffe33003400330039003900,0.3517573
fffe3500390036003800,0.48740283
fffe3600370039003100,0.29614162
fffe32003000370035003200,0.35249916
fffe31003400320039003800,0.23366703
fffe31003100340030003900,0.6942047
fffe32003300310039003600,0.19106945
fffe3600390033003800,0.60325265
fffe3300380038003700,0.782251
fffe32003600330038003100,0.29344994
fffe31003600390034003300,0.20986378
fffe33003200390030003000,0.4314702
fffe33003400320036003200,0.57885194
fffe32003600330037003800,0.36700195
fffe31003800370037003000,0.29660422
fffe3400340038003800,0.49194044
fffe32003700390031003800,0.08370902
fffe31003300360030003300,0.9426527
fffe32003200310032003000,0.5869001
fffe32003600370030003900,0.36221924
fffe3100350036003500,0.2857172
fffe31003200370037003000,0.67157
fffe33003400340036003000,0.18448061
fffe3200350032003500,0.4501829
fffe350034003400,0.09131628
fffe33003400310037003500,0.28441963
fffe32003200300037003500,0.2894521
fffe320033003300,0.71871567
fffe3300380035003700,0.4354186
fffe31003100320030003700,0.7661592
fffe3600340037003300,0.41006732
fffe31003100370038003900,0.21869013
fffe3400320038003200,0.35447562
fffe3100340036003900,0.39751548
fffe31003500300033003900,0.28801653
fffe31003600350038003100,0.20969495
fffe32003800330035003700,0.40184855
fffe3100300032003600,0.3332638
fffe33003300330037003700,0.598453
fffe32003100320031003000,0.41834334
fffe320034003300,0.46825942
fffe3700300030003000,0.8023728
fffe32003700330031003300,0.2284658
fffe32003200300032003300,0.22822124
fffe3100350030003600,0.5076122
fffe31003000320030003700,0.5441233
fffe3500360032003600,0.23728798
fffe33003000360030003600,0.29570377
fffe31003500370033003300,0.27461562
fffe33003400390034003600,0.56117725
fffe32003400310034003400,0.42371604
fffe31003600340036003900,0.57156765
fffe3400370039003200,0.6273268
fffe3800340031003000,0.34984642
fffe31003800360038003500,0.4092826
fffe3300390039003100,0.5055641
fffe32003700340039003600,0.6028919
fffe32003700320033003500,0.16532058
fffe31003200330036003000,0.58599883
fffe31003000350036003000,0.19342135
fffe3400390033003100,0.60465837
fffe32003100370037003600,0.4053598
fffe32003000380036003100,0.68830174
fffe32003700320035003100,0.38438934
fffe3400320030003700,0.38094434
fffe31003700350039003400,0.35619056
fffe31003800340038003400,0.57814366
fffe33003000350033003800,0.93271995
fffe33003100390031003900,0.61641175
fffe31003600390034003600,0.30088288
fffe3400300039003900,0.3915961
fffe31003000380034003200,0.3577947
fffe31003600310036003000,0.415438
fffe3600300036003000,0.24250138
fffe3200370035003000,0.5375295
fffe3200320034003800,0.41394266
fffe32003500380033003000,0.108207524
fffe32003200380037003200,0.5020004
fffe32003200380038003000,0.59092194
fffe32003700300032003300,0.33022484
fffe32003400390036003100,0.014880264
fffe3400300038003000,0.38980532
fffe33003400390039003600,0.50264317
fffe3900340038003700,0.4425731
fffe33003300370034003400,0.57165563
fffe31003300330032003700,0.47508746
fffe31003200300035003200,0.14487386
fffe32003800390030003500,0.5436634
fffe33003000340035003000,0.4258518
fffe3200340030003500,0.15587442
fffe32003800380034003000,0.11087543
fffe32003900310037003700,0.5321125
fffe3400360031003500,0.42553645
fffe3600360037003100,0.34190348
fffe32003000310034003500,0.6355317
fffe32003000310037003400,0.47491407
fffe32003300370033003600,0.91613907
fffe3100330031003500,0.60038626
fffe32003300300034003200,0.0076086405
fffe31003000370033003900,0.4705309
fffe3500330031003100,0.40370566
fffe3600330031003100,0.5824439
fffe3200320035003700,0.45163137
fffe33003100300033003200,0.43605685
fffe32003400350039003100,0.52841675
fffe3800360039003000,0.52997977
fffe310036003500,0.60560226
fffe31003900350032003100,0.81141657
fffe31003800380036003700,0.38808787
fffe31003800320030003800,0.36971712
fffe33003200300037003000,0.5447835
fffe32003900380030003100,0.35734582
fffe32003500390034003300,0.3915244
fffe3800370033003200,0.5054483
fffe32003000300032003900,0.46833402
fffe32003100320031003600,0.60663134
fffe31003700360033003900,0.88928
fffe33003100310031003900,0.4673549
fffe3300310038003000,0.53236616
fffe33003200360033003200,0.6313768
fffe32003300370032003200,0.5200464
fffe3100330036003600,0.36243507
fffe3600310033003300,0.53504753
fffe31003200390031003700,0.46140063
fffe32003300330033003500,0.60784304
fffe3800380030003700,0.6013882
fffe3900330032003100,0.5606873
fffe32003300350036003200,0.39711758
fffe3600380033003200,0.16183724
fffe32003000380034003200,0.16919623
fffe32003400350034003500,0.30571464
fffe32003400360031003400,0.58300096
fffe32003800310033003600,0.5666914
fffe31003000390036003400,0.3380796
fffe360034003000,0.7796893
fffe31003200390035003300,0.3694268
fffe33003300330034003900,0.39762893
fffe32003900390033003800,0.6233776
fffe32003100340030003500,0.2435859
fffe3600370037003800,0.8342621
fffe32003000320036003300,0.29545036
fffe31003800370038003500,0.61038315
fffe33003000380039003400,0.8325905
fffe3800320038003000,0.40330005
fffe3100340035003800,0.3340251
fffe3600320030003500,0.0065889275
fffe32003200320031003900,0.47934642
fffe3600380038003500,0.5618185
fffe31003300300035003200,0.47166204
fffe3800320034003500,0.60381395
fffe32003300340033003100,0.015164005
fffe31003600340032003600,0.1923229
fffe3500380032003000,0.35717008
fffe3900330037003800,0.5115278
fffe33003400360039003000,0.47311515
fffe31003400340032003900,0.56702656
fffe33003100370032003400,0.5590841
fffe31003700390036003300,0.26940808
fffe33003400380034003600,0.59649634
fffe31003400340036003800,0.7292059
fffe31003700310034003000,0.2985565
fffe32003100,0.35423133
fffe31003500390038003100,0.59842646
fffe31003100320034003300,0.41349655
fffe3300300032003700,0.42172453
fffe31003000300033003400,0.7917012
fffe32003400300037003000,0.2745352
fffe32003000390039003200,0.5047893
fffe32003000320035003700,0.27359354
fffe33003300390034003400,0.36431924
fffe3100320036003700,0.43059614
fffe32003200320038003000,0.096870266
fffe32003100380031003900,0.31043148
fffe32003900390030003100,0.62609476
fffe32003700380036003100,0.5708624
fffe3600350039003900,0.27784917
fffe32003300320033003100,0.43062642
fffe31003300340032003600,0.09092734
fffe360032003500,0.51412916
fffe32003700300036003300,0.4573697
fffe31003700350030003000,0.48746818
fffe32003900320039003600,0.36580175
fffe32003600350037003700,0.37150988
fffe32003900300030003800,0.578918
fffe31003200300031003300,0.34246257
fffe33003000390033003700,0.45358944
fffe3100300034003000,0.8636972
fffe31003200320032003400,0.32893366
fffe31003100350036003400,0.3284867
fffe3200390033003500,0.576318
fffe32003800320032003700,0.4083797
fffe31003100300038003400,0.67469996
fffe32003900390039003700,0.6068315
fffe3800380039003000,0.036751576
fffe31003800330036003700,0.4239793
fffe31003600350033003300,0.6754128
fffe32003700380038003000,0.6161407
fffe32003000330032003500,0.546844
fffe3800380037003200,0.74255204
fffe3100340034003700,0.14141913
fffe32003800320030003900,0.3602509
fffe31003700340033003500,0.41038495
fffe32003100390036003200,0.37869886
fffe32003600350034003900,0.59242773
fffe31003600320033003500,0.53183806
fffe3700310036003800,0.40001002
fffe33003300320033003700,0.34624287
fffe31003500380032003300,0.7723985
fffe32003400360037003500,0.39875987
fffe3400340033003200,0.5683412
fffe33003000390031003300,0.62877536
fffe3300310036003200,0.41799593
fffe32003200370033003300,0.3374536
fffe3500300039003100,0.32106858
fffe33003400300036003000,0.31178036
fffe3300370034003000,0.48082373
fffe3200300033003300,0.575491
fffe31003000370033003500,0.30594867
fffe31003400340038003800,0.46362117
fffe3600360034003100,0.7371967
fffe32003800390034003500,0.43932328
fffe32003200340038003000,0.37776893
fffe31003800360039003600,0.6264887
fffe3100300031003700,0.44391933
fffe33003400390036003200,0.062047727
fffe33003400310031003000,0.69850904
fffe31003500320035003600,0.5604834
fffe31003100360038003100,0.6123579
fffe3900360033003300,0.27470082
fffe33003100340039003400,0.54279625
fffe3400390038003800,0.257109
fffe31003600340032003100,0.726165
fffe33003400380039003300,0.30100498
fffe32003800340036003300,0.5568978
fffe3300330036003300,0.54090255
fffe3700340030003200,0.24595363
fffe3400300035003700,0.20551518
fffe32003200330039003700,0.64099306
fffe32003000370031003800,0.83291095
fffe31003200340033003800,0.4267627
fffe31003400330033003900,0.56857204
fffe3700380037003000,0.45061356
fffe3200300031003800,0.15349124
fffe32003900370033003200,0.41268024
fffe32003200390034003900,0.66138715
fffe33003100340034003000,0.4721301
fffe32003800330035003900,0.11442366
fffe3900380033003600,0.42677826
fffe32003400380039003600,0.36051786
fffe3200330033003800,0.29146418
fffe31003100310030003800,0.67201144
fffe3100390031003600,0.6454805
fffe31003500340037003300,0.2959967
fffe3300390037003300,0.33031222
fffe31003500390030003700,0.6282478
fffe3300320030003500,0.4051376
fffe32003000320039003600,0.49143854
fffe32003500370036003800,0.4655241
fffe31003400390031003300,0.3671342
fffe3800340038003600,0.3378659
fffe31003500320033003800,0.07195435
fffe33003100320037003600,0.10158082
fffe32003600390030003500,0.41458005
fffe3100320038003500,0.3124721
fffe3500390038003300,0.559886
fffe32003200380039003700,0.47538763
fffe380034003600,0.015305239
fffe3600300032003000,0.5319597
fffe32003100350031003000,0.07706218
fffe3900300035003400,0.5803983
fffe31003200350039003400,0.25451776
fffe32003400350035003200,0.6083528
fffe31003800370035003400,0.43230096
fffe370036003400,0.3028485
fffe3800310034003300,0.64765334
fffe31003100320038003900,0.26147467
fffe32003600340036003900,0.4458857
fffe3100390038003300,0.2769835
fffe33003200370033003400,0.25874978
fffe3100320030003900,0.43804836
fffe33003400370038003900,0.3701337
fffe3700370030003900,0.45453593
fffe31003200300039003200,0.43493044
fffe3500360032003900,0.45256966
fffe3100340032003600,0.43422353
fffe31003600310037003800,0.012101713
fffe33003000310031003700,0.38373232
fffe31003800360036003700,0.56167716
fffe33003100310039003600,0.1810439
fffe31003300330031003100,0.5336145
fffe32003300360038003800,0.6944527
fffe31003800380032003000,0.5420349
fffe33003000310036003600,0.7268089
fffe32003400390031003900,0.20135197
fffe32003900320037003800,0.373378
fffe31003000300032003900,0.5819006
fffe32003100320033003600,0.17255223
fffe32003100340034003800,0.3533321
fffe31003500330038003700,0.37360537
fffe3200300038003600,0.15996502
fffe3200380039003900,0.42744735
fffe31003000360037003800,0.4039529
fffe31003700350032003600,0.7717471
fffe330036003500,0.63484836
fffe3900370030003000,0.6425557
fffe32003300330034003900,0.710148
fffe3300390032003900,0.5385053
fffe31003600310030003500,0.43189856
fffe3500380030003000,0.27785397
fffe3500330035003600,0.56196254
fffe33003000300036003100,0.41907874
fffe33003200300035003900,0.5965233
fffe31003200320037003500,0.62000245
fffe32003000370035003600,0.2640885
fffe33003100390030003100,0.38543656
fffe32003200370039003100,0.33264795
fffe32003000320035003500,0.35354948
fffe3400320034003400,0.5567092
fffe370031003600,0.2380114
fffe33003000380038003200,0.37270325
fffe32003100340038003000,0.06807598
fffe3900380039003100,0.1844014
fffe31003300370030003300,0.25457063
fffe3100370039003700,0.5596957
fffe31003300350031003500,0.35120055
fffe3100350034003000,0.6159694
fffe31003500360034003100,0.62117594
fffe3500390033003500,0.6860596
fffe33003100360034003300,0.44461274
fffe3700340036003500,0.5405574
fffe31003100370031003100,0.59935325
fffe32003300330034003400,0.4403618
fffe33003300390038003900,0.38259336
fffe32003900380032003900,0.5883106
fffe3500310039003000,0.12401086
fffe31003600340038003100,0.3476059
fffe31003700330037003600,0.29972252
fffe3600310033003900,0.77481
fffe33003000360037003500,0.5547189
fffe32003400380034003700,0.20723855
fffe31003200330033003400,0.16268626
fffe32003900370037003500,0.1910597
fffe31003700330032003100,0.60163635
fffe32003900360032003700,0.52358776
fffe3700380030003400,0.37519264
fffe31003600320031003500,0.4962319
fffe3800360030003700,0.09590033
fffe32003600310032003400,0.47177535
fffe3500350035003000,0.6008072
fffe31003700330032003600,0.40455785
fffe31003600310031003400,0.41975933
fffe31003300350035003900,0.5360544
fffe31003300310035003700,0.5117062
fffe32003200330038003000,0.78039646
fffe31003900310038003200,0.64829665
fffe3400360038003600,0.4365685
fffe31003200310030003600,0.34155828
fffe3700300033003700,0.4265257
fffe3100360032003600,0.4411663
fffe31003200340039003800,0.6506036
fffe31003000380031003900,0.60050213
fffe3200340033003800,0.19199112
fffe31003900360033003800,0.35912973
fffe33003100320031003800,0.11963523
fffe3900350036003500,0.24373297
fffe3100300031003600,0.44507357
fffe33003200310035003800,0.23588154
fffe3100380032003900,0.8009954
fffe31003300380037003900,0.6619406
fffe33003400310036003500,0.475725
fffe33003000370036003000,0.15563928
fffe32003800320036003800,0.42346027
fffe33003100350032003800,0.6016903
fffe32003400320031003600,0.40224203
fffe32003200300033003500,0.6293818
fffe32003600360034003700,0.54038227
fffe3900350035003800,0.48623696
fffe32003100300031003600,0.4061453
fffe32003600370036003100,0.2944794
fffe3400310035003000,0.5139581
fffe3900360039003400,0.44658494
fffe33003200350037003400,0.76032007
fffe3900350039003800,0.41202623
fffe31003000360037003900,0.6481858
fffe31003500340038003000,0.016928632
fffe33003100330035003600,0.38848084
fffe32003700390035003400,0.3137148
fffe3900350035003000,0.39970645
fffe3700380037003700,0.55887544
fffe33003300360032003400,0.21125063
fffe32003400380039003000,0.4056232
fffe33003400360032003900,0.72035336
fffe3300360031003500,0.41685164
fffe3100320039003100,0.6311213
fffe33003000380030003900,0.8188466
fffe32003400340035003500,0.47387555
fffe33003400370033003500,0.33671576
fffe32003500380035003100,0.6471082
fffe3500330031003600,0.7193976
fffe31003400320034003800,0.65656334
fffe31003000390033003200,0.7228453
fffe31003900370031003300,0.34183106
fffe31003800360035003300,0.42673504
fffe3900320039003700,0.5380137
fffe33003100360035003100,0.6577249
fffe32003000380039003400,0.8998077
fffe31003600340033003100,0.4643744
fffe32003000320031003200,0.24829873
fffe31003200380030003600,0.5758429
fffe31003400300038003600,0.51540613
fffe31003500350030003700,0.56477636
fffe32003700310035003100,0.2745357
fffe32003900360030003700,0.6517542
fffe32003500330033003300,0.7310249
fffe3300380035003200,0.65640587
fffe32003400360036003900,0.8338463
fffe3100320031003100,0.435224
fffe32003000310031003600,0.18489675
fffe32003000360034003600,0.5271984
fffe32003100340034003600,0.3924475
fffe33003300390031003600,0.2927887
fffe32003500330038003700,0.7650729
fffe31003900370038003200,0.7175391
fffe32003000330037003500,0.40521455
fffe32003700350038003900,0.5763465
fffe32003000370039003900,0.004384631
fffe330038003900,0.67814374
fffe33003400370032003700,0.204162
fffe32003000380038003100,0.56792057
fffe32003800310031003900,0.6792187
fffe33003000330035003700,0.72603697
fffe31003600300034003000,0.38314736
fffe3800340033003100,0.5252456
fffe32003400330034003800,0.5663414
fffe32003200310039003900,0.37956747
fffe32003300390030003900,0.25558665
fffe3400350035003200,0.44952863
fffe31003900320030003900,0.68971914
fffe32003900390036003300,0.6930139
fffe3100350031003000,0.3121652
fffe32003400340037003900,0.6245668
fffe31003500370037003500,0.2728877
fffe3600310035003200,0.6860281
fffe31003400350035003300,0.6742127
fffe32003400340032003000,0.4991831
fffe32003200350032003100,0.4396328
fffe32003800380030003400,0.6898724
fffe31003500310035003500,0.6222718
fffe3500300032003100,0.65319437
fffe3900370038003500,0.32207742
fffe32003500360030003300,0.45323348
fffe32003500370031003700,0.34617746
fffe32003400360034003400,0.14546023
fffe32003200310030003000,0.50617766
fffe31003500380034003000,0.6056559
fffe3500310034003700,0.1826009
fffe32003100330032003500,0.87720484
fffe32003600390030003900,0.33098194
fffe32003800350031003200,0.2956908
fffe350039003000,0.38297063
fffe33003300390036003200,0.38866225
fffe31003100320031003400,0.2243265
fffe32003200310031003100,0.57718194
fffe3300310037003300,0.44313574
fffe32003400380034003000,0.529987
fffe390034003600,0.16846079
fffe32003900300035003400,0.5032251
fffe31003600380034003600,0.35763726
fffe3300380034003500,0.24207346
fffe31003500310036003300,0.30859104
fffe3900330032003200,0.46656638
fffe31003800310033003400,0.45536438
fffe31003200320037003300,0.52678376
fffe3100360030003400,0.67221224
fffe3800370034003700,0.11557493
fffe31003900300036003400,0.27455375
fffe31003700370038003100,0.3904029
fffe33003100370038003200,0.37751964
fffe3100380036003100,0.4750094
fffe32003300330033003900,0.5555651
fffe32003200350035003600,0.16952442
fffe31003000330036003200,0.43411604
fffe32003000370038003100,0.40735444
fffe3700370039003200,0.52952206
fffe32003300370035003300,0.43911305
fffe31003300320030003400,0.2839176
fffe3300390034003000,0.38653532
fffe31003700300034003100,0.15053998
fffe31003800360031003800,0.6769857
fffe31003600370035003900,0.59277385
fffe31003600310038003300,0.46766347
fffe32003700330030003900,0.14998889
fffe32003600370030003400,0.3963651
fffe32003700380035003800,0.5290815
fffe31003100390033003600,0.35688114
fffe3100310034003300,0.64163184
fffe32003300370036003700,0.6689055
fffe32003000390036003400,0.44760054
fffe31003200310033003600,0.115571685
fffe33003200310034003800,0.4929474
fffe31003000350038003400,0.0066365255
fffe32003300340039003800,0.5826691
fffe31003300350039003900,0.49239838
fffe31003100300033003500,0.15027072
fffe31003700340031003200,0.60215235
fffe310031003800,0.6156148
fffe31003200320039003400,0.4337864
fffe31003000380034003600,0.2730497
fffe31003900390039003700,0.6013738
fffe3200320036003700,0.598412
fffe3200360037003200,0.54303294
fffe31003600370032003200,0.5284914
fffe33003100300034003500,0.35989606
fffe32003500340033003400,0.24280387
fffe33003200330039003200,0.5406453
fffe31003700370039003400,0.54869205
fffe32003900300037003400,0.5422334
fffe31003000310039003500,0.5940177
fffe32003100310039003600,0.44474682
fffe320036003600,0.7847229
fffe3600320035003800,0.26384228
fffe31003700350036003800,0.77042484
fffe33003200300030003200,0.45622545
fffe3500390038003400,0.4448547
fffe33003100320030003300,0.65474224
fffe31003400320031003100,0.23605026
fffe3500380030003700,0.23738804
fffe33003200340037003700,0.20716693
fffe31003200380031003200,0.47556564
fffe3600350038003800,0.4210915
fffe31003300350037003500,0.12786816
fffe3200350034003700,0.60412544
fffe32003100370039003800,0.61190754
fffe31003400390037003800,0.37026906
fffe31003000300035003900,0.2534466
fffe31003800300033003800,0.56915474
fffe3500380031003600,0.1968698
fffe31003100320035003200,0.57790726
fffe3500360033003200,0.4267553
fffe33003200370039003500,0.43070576
fffe32003800340034003600,0.57616377
fffe32003000370033003100,0.5011559
fffe33003300380038003600,0.27960026
fffe380035003100,0.47974986
fffe3500320038003500,0.7026616
fffe3700360037003100,0.36249688
fffe3500390037003100,0.09716537
fffe32003700330032003400,0.59811294
fffe3400300033003500,0.5349688
fffe31003200360039003800,0.67054015
fffe31003300300036003500,0.35770074
fffe31003500310038003100,0.55785066
fffe3800300034003400,0.57074887
fffe3200360039003600,0.47548667
fffe3100300031003500,0.5658288
fffe33003200330031003100,0.55718946
fffe3100320039003200,0.43249795
fffe31003400370032003500,0.39053395
fffe33003000350034003400,0.8653685
fffe32003300300033003100,0.2744665
fffe31003300310034003400,0.2537484
fffe3900380033003400,0.55930126
fffe3200360039003200,0.45956257
fffe33003300340034003600,0.57470995
fffe32003500340034003600,0.50582236
fffe32003400300037003300,0.1452008
fffe33003200330031003700,0.32210803
fffe32003200350037003200,0.2881056
fffe32003300350032003400,0.386092
fffe33003000390039003400,0.21340595
fffe3400370039003000,0.541246
fffe33003300360031003500,0.53791076
fffe3900370036003600,0.55061895
fffe32003300370032003700,0.25764653
fffe3600390031003700,0.7627909
fffe31003100360039003300,0.1858347
fffe33003200320036003200,0.065850094
fffe33003000300032003400,0.2451591
fffe32003300300036003300,0.63535327
fffe32003700330034003300,0.17835921
fffe31003300350033003100,0.05417558
fffe32003400330038003300,0.3532218
fffe3300390037003400,0.47990257
fffe32003100320036003600,0.34237942
fffe3100340032003700,0.67535794
fffe32003700300035003000,0.43411937
fffe3400350038003900,0.23883983
fffe3800390030003700,0.7498247
fffe31003600330030003100,0.49414733
fffe32003000350030003600,0.7110456
fffe32003300300037003100,0.42642838
fffe32003900330031003000,0.62971795
fffe31003700360038003800,0.22392046
fffe31003500380034003200,0.5576811
fffe31003000340038003200,0.5327121
fffe32003400360031003000,0.38859755
fffe3900360032003700,0.45202425
fffe3700330032003900,0.2808562
fffe33003400310036003900,0.24896315
fffe32003500360035003000,0.35634166
fffe33003300320035003300,0.7033063
fffe32003800300036003700,0.5113492
fffe33003100370030003300,0.37782675
fffe3300390034003400,0.4327748
fffe31003200360034003000,0.7142491
fffe31003100340031003100,0.44093284
fffe3700360032003100,0.46094415
fffe31003100350039003500,0.5153735
fffe3900310033003400,0.34440753
fffe32003200340037003100,0.6390853
fffe32003600310032003700,0.6006321
fffe33003300330039003100,0.65034384
fffe32003700350031003700,0.35857722
fffe3300300039003300,0.5960519
fffe31003200390030003500,0.6085933
fffe32003100340032003400,0.5061733
fffe3700340037003600,0.577338
fffe31003400370039003300,0.5128127
fffe32003400350038003700,0.0064503257
fffe31003100360038003700,0.27136296
fffe31003100330038003900,0.7437911
fffe32003100380036003100,0.24153101
fffe32003000380039003500,0.6071876
fffe3800390037003500,0.54730296
fffe31003200370039003200,0.23945828
fffe3100340030003100,0.558573
fffe3100380038003100,0.4071368
fffe3500380032003700,0.4812344
fffe33003000340037003200,0.33240214
fffe3500330039003600,0.5760771
fffe32003600370030003800,0.515764
fffe32003700370035003300,0.500515
fffe31003600360032003300,0.4541682
fffe3200320030003000,0.54885894
fffe3300370035003100,0.33578515
fffe3800300038003300,0.76538587
fffe32003300360031003400,0.44478053
fffe31003500300033003800,0.52479166
fffe32003400380032003100,0.3301373
fffe32003600390030003000,0.18590307
fffe32003300390038003300,0.3253285
fffe33003000350032003000,0.016169492
fffe32003300380034003000,0.72273475
fffe31003100360034003300,0.53070194
fffe31003200390038003300,0.776616
fffe31003900350038003200,0.34826225
fffe31003600310035003500,0.6956669
fffe33003400300039003500,0.29200736
fffe33003400310037003200,0.6279887
fffe32003600390032003000,0.26632148
fffe33003200380035003100,0.28125829
fffe31003800380038003700,0.22302115
fffe32003000330037003400,0.26130655
fffe31003100360039003500,0.31402943
fffe3200340032003600,0.49151367
fffe31003200330035003000,0.14750628
fffe360030003900,0.3850368
fffe31003500390035003600,0.015204899
fffe31003100390034003700,0.38192308
fffe3500380039003900,0.76160485
fffe32003700370039003400,0.22734755
fffe32003300370036003900,0.10955987
fffe3200350034003200,0.005597337
fffe32003900360036003500,0.38383913
fffe31003500300035003200,0.70243704
fffe31003100340032003500,0.64644283
fffe31003500340037003800,0.49311766
fffe31003600320037003700,0.37159526
fffe3300300032003000,0.35150874
fffe32003700350039003500,0.3317511
fffe32003700320032003800,0.24393825
fffe3400350030003000,0.5870323
fffe33003200390032003400,0.37992495
fffe32003700340038003100,0.49791667
fffe32003900310032003100,0.4314541
fffe3300310030003000,0.475712
fffe3700300031003300,0.5291221
fffe33003100330038003300,0.574296
fffe32003900360037003200,0.27577147
fffe31003300340038003200,0.5022287
fffe31003100330036003900,0.3943646
fffe33003000300039003200,0.810943
fffe32003700310032003700,0.4367096
fffe31003600360035003300,0.3971132
fffe31003300350034003200,0.8145546
fffe32003500330030003000,0.18238376
fffe3600390038003200,0.5588782
fffe31003300360032003800,0.4513798
fffe33003400320030003000,0.6124715
fffe33003400340032003100,0.7011107
fffe32003900320032003400,0.31138363
fffe3700310032003800,0.54614645
fffe33003200390030003400,0.41581804
fffe31003000310039003600,0.6104197
fffe3200390034003200,0.2952917
fffe31003400360033003800,0.6241942
fffe31003900350030003700,0.651054
fffe31003700390038003800,0.41113
fffe31003600330038003200,0.40950608
fffe32003700350034003300,0.5594004
fffe31003300360032003600,0.7377065
fffe32003100380035003800,0.19268353
fffe3800300032003300,0.35540932
fffe3900370032003200,0.5609155
fffe3600330038003300,0.5723457
fffe32003800300032003000,0.23781857
fffe31003100360037003900,0.086290665
fffe3400380035003200,0.4121823
fffe3800350034003600,0.43125036
fffe32003600380030003000,0.5760369
fffe3200320030003800,0.62336636
fffe32003300360034003200,0.22554334
fffe31003000330036003500,0.37771028
fffe31003500360036003100,0.58896357
fffe33003400310031003500,0.4031922
fffe3800370032003800,0.41937575
fffe3700320035003200,0.49399942
fffe31003600360037003000,0.71853733
fffe3700390032003600,0.2455293
fffe3400320039003200,0.6125629
fffe32003500360035003400,0.74565977
fffe3500300034003200,0.60316324
fffe33003100320031003000,0.5448715
fffe32003700380038003300,0.6091503
fffe33003300320038003500,0.5034341
fffe31003200380033003400,0.7660009
fffe31003200370033003200,0.6550301
fffe33003200390033003300,0.73701113
fffe32003900380038003000,0.27681422
fffe31003800380039003800,0.22342521
fffe31003500310036003000,0.7471738
fffe3100340038003000,0.4785507
fffe32003000320034003000,0.60880345
fffe31003400300037003200,0.44016176
fffe33003400320032003400,0.6494337
fffe310032003600,0.74494475
fffe3600370035003000,0.6019358
fffe31003300300031003200,0.64520127
fffe31003400300032003100,0.5720448
fffe3300310039003300,0.20753346
fffe3500390034003300,0.40417922
fffe32003700360037003000,0.2679699
fffe33003400390030003200,0.4802026
fffe32003000370037003200,0.19439958
fffe3200390035003300,0.29682994
fffe32003900330033003500,0.8176526
fffe3900360031003700,0.5640949
fffe33003000390035003800,0.44360405
fffe31003300350039003300,0.35261965
fffe31003900330031003100,0.2494838
fffe32003100380030003600,0.78114635
fffe3900330036003300,0.067539476
fffe32003300310038003700,0.57662237
fffe3400320036003600,0.19241509
fffe32003700350036003500,0.38522238
fffe33003300360035003500,0.61298996
fffe32003000330035003500,0.76476306
fffe3100320035003700,0.8788301
fffe3200390036003000,0.38346842
fffe32003600380037003700,0.4293846
fffe32003600390033003400,0.23233123
fffe31003700320037003500,0.38974243
fffe3700360037003400,0.6725185
fffe31003300390038003400,0.57796735
fffe3100310032003500,0.6160775
fffe3800300036003200,0.5676467
fffe31003900370039003700,0.3920187
fffe33003400320039003600,0.47472075
fffe3500340039003600,0.5175134
fffe3100390033003700,0.65935016
fffe31003800340033003200,0.4684406
fffe32003800300037003800,0.5901211
fffe32003500330031003900,0.12692615
fffe33003200300037003700,0.53709525
fffe32003500320036003000,0.30890286
fffe32003900350032003600,0.6126812
fffe31003900330034003700,0.094893254
fffe3600300036003200,0.2965222
fffe33003300370032003700,0.5774428
fffe32003900340039003800,0.374892
fffe3500350030003400,0.7209527
fffe3400350035003500,0.6143668
fffe31003100310033003200,0.48727533
fffe32003900330031003900,0.44034252
fffe31003400370030003000,0.37474978
fffe32003700390036003600,0.7486945
fffe3600350034003500,0.5899009
fffe33003000380036003400,0.88863933
fffe3800330037003500,0.2758597
fffe33003300300035003900,0.5716179
fffe33003300320032003300,0.66683584
fffe31003600310031003300,0.3191886
fffe32003500300030003500,0.68795025
fffe32003400370039003600,0.36266732
fffe31003000310030003900,0.4486292
fffe32003200370035003500,0.4224217
fffe3600380033003000,0.38835996
fffe33003300310038003000,0.30428267
fffe33003300390037003800,0.7414565
fffe32003600380033003400,0.39889538
fffe32003200380033003400,0.6051747
fffe3600330030003300,0.5426861
fffe31003800330038003800,0.10238844
fffe33003300320039003900,0.48557368
fffe31003200300039003700,0.55419856
fffe31003100340033003100,0.46463066
fffe3500340031003600,0.38537827
fffe31003800340035003800,0.4210566
fffe390037003200,0.8078456
fffe31003700320036003700,0.25249398
fffe33003100360037003500,0.1221802
fffe3400350033003000,0.09449348
fffe350037003000,0.17542909
fffe32003300380034003300,0.22483534
fffe32003300360038003700,0.4421497
fffe32003400350033003700,0.7176314
fffe3300370030003800,0.65401655
fffe31003100300034003100,0.24733251
fffe3500320030003200,0.41414255
fffe33003300330032003800,0.31320724
fffe3600350031003100,0.46008837
fffe31003000340037003500,0.35618392
fffe32003300300035003500,0.3880344
fffe32003500350034003400,0.3467389
fffe31003100330030003400,0.6564817
fffe32003900350030003400,0.11444524
fffe31003000340039003300,0.60683864
fffe3100300033003400,0.53867936
fffe3400330034003100,0.6190092
fffe31003100370034003400,0.27933884
fffe32003200310033003700,0.56850827
fffe31003200310033003500,0.30714253
fffe3800300037003900,0.6990911
fffe32003100330032003200,0.5275234
fffe3300350038003500,0.4237361
fffe3800360036003500,0.27549765
fffe33003100330032003300,0.6026742
fffe3900320034003500,0.14868714
fffe31003900300037003100,0.64029
fffe3200310037003200,0.2142845
fffe32003300320037003000,0.5602009
fffe31003800360031003400,0.43909985
fffe33003100340036003800,0.36452106
fffe32003600350033003900,0.17860018
fffe32003000390033003900,0.59671134
fffe3500380030003800,0.35454208
fffe33003000370031003800,0.37451613
fffe31003500310035003300,0.31452972
fffe31003800310038003600,0.3820243
fffe3500370035003600,0.20103906
fffe32003900330031003600,0.66346544
fffe31003400330037003800,0.61233616
fffe32003000350039003800,0.43381518
fffe31003600390036003900,0.3144148
fffe3200320032003600,0.4225751
fffe3900320035003400,0.32977915
fffe32003500300032003300,0.42389742
fffe3700380033003100,0.33111364
fffe31003400340035003900,0.35033038
fffe32003100370033003300,0.6021113
fffe32003600350032003000,0.47175598
fffe32003100370030003400,0.59373075
fffe32003400390039003500,0.17850877
fffe31003100300030003800,0.20115465
fffe32003000390031003000,0.40521467
fffe31003200320030003900,0.48074567
fffe31003500310038003500,0.19326948
fffe31003000370034003700,0.5338815
fffe31003900390032003500,0.7029901
fffe3200300033003700,0.590222
fffe31003100360035003000,0.57394123
fffe32003800380033003400,0.26060337
fffe3800350034003300,0.13079304
fffe3900320037003400,0.41329867
fffe33003400310039003500,0.5439585
fffe31003600380034003000,0.40938428
fffe31003200350034003800,0.5498033
fffe3500330035003200,0.22527982
fffe33003000390038003700,0.36336008
fffe31003800350039003400,0.41624314
fffe32003600340035003800,0.5738254
fffe3300390037003900,0.41891426
fffe31003000340039003100,0.5878687
fffe33003100370030003100,0.5033256
fffe3900300036003200,0.58369553
fffe32003300350039003700,0.06452124
fffe3700370031003300,0.75909054
fffe32003100360031003800,0.14592865
fffe33003300360039003100,0.6761485
fffe32003100390031003600,0.40006757
fffe3300330035003000,0.28660986
fffe32003200300034003800,0.7182424
fffe31003900380036003900,0.6612147
fffe3100360032003800,0.4584178
fffe3500320032003600,0.65201795
fffe32003200370034003000,0.31230465
fffe31003600380039003700,0.60468084
fffe31003300390032003700,0.27429742
fffe31003200360039003300,0.46470845
fffe3900390031003100,0.46191615
fffe32003900380036003100,0.72871894
fffe32003300380039003300,0.82493895
fffe33003300330036003700,0.2547551
fffe32003300390034003600,0.56234026
fffe32003200320038003200,0.34220707
fffe3300380037003200,0.43274757
fffe3900370035003300,0.4215118
fffe3400350037003100,0.2500427
fffe3200310039003600,0.80497557
fffe3600360032003800,0.3852319
fffe3700320030003300,0.60334283
fffe3200320036003800,0.70812684
fffe3500390030003400,0.4087378
fffe3800340038003900,0.56244665
fffe33003300380033003000,0.33206618
fffe3100350037003100,0.48842692
fffe31003700360036003900,0.46038362
fffe3700330031003100,0.28065613
fffe31003600360033003300,0.37211213
fffe32003000390037003400,0.26674703
fffe31003700300031003100,0.50498205
fffe32003800370031003200,0.4589381
fffe32003300340030003100,0.23061474
fffe31003700370034003500,0.64981264
fffe32003300360030003300,0.53967196
fffe32003200310030003900,0.3612801
fffe3200330038003000,0.36841336
fffe33003100340031003300,0.33059746
fffe32003700390034003100,0.58282036
fffe3400300037003600,0.5683905
fffe3100380035003400,0.6213157
fffe31003200330034003400,0.19082098
fffe33003000340036003800,0.2747019
fffe32003600300038003900,0.42042
fffe31003600340037003200,0.55626
fffe32003500370031003500,0.36717743
fffe3200330033003100,0.383507
fffe32003100390036003500,0.9399557
fffe32003100360037003600,0.5725939
fffe32003600360038003800,0.7286284
fffe31003900350035003000,0.77931774
fffe37003900,0.42547038
fffe3100310035003000,0.498098
fffe33003300300038003900,0.7053196
fffe31003700300030003300,0.58239174
fffe31003200360036003300,0.010418466
fffe3800360030003900,0.35462627
fffe32003300320034003500,0.16302651
fffe31003500350037003500,0.33476582
fffe3500360035003900,0.40228102
fffe3800300034003100,0.8035926
fffe3300390033003400,0.659891
fffe3800320031003600,0.66830695
fffe33003300310034003200,0.66797763
fffe3500340034003600,0.00427179
fffe31003200350037003900,0.5989325
fffe32003700300030003000,0.1699653
fffe370039003000,0.5574442
fffe31003100390039003600,0.22596817
fffe32003900310038003300,0.439427
fffe33003000360036003600,0.56177914
fffe3700390030003400,0.61997813
fffe31003000320034003900,0.41507262
fffe3700300033003300,0.39058194
fffe33003000300030003300,0.60271865
fffe32003800350037003900,0.41898742
fffe32003800300036003500,0.59846973
fffe3600300033003200,0.39854914
fffe3300380036003300,0.37220246
fffe32003300350033003000,0.020135434
fffe3800340037003200,0.09319296
fffe32003400300034003900,0.297376
fffe31003400390033003600,0.21902655
fffe33003200370038003300,0.16731314
fffe31003900340034003300,0.55937135
fffe360031003600,0.22716334
fffe32003300310037003700,0.6544553
fffe32003400320035003900,0.006790649
fffe33003100390037003500,0.6169807
fffe32003200310032003200,0.59861124
fffe31003200350037003100,0.5014906
fffe33003100320032003700,0.43815902
fffe31003400320033003000,0.63965315
fffe33003000310034003200,0.12595081
fffe3900380037003900,0.39436498
fffe31003900370030003000,0.43189496
fffe3500360037003200,0.56796646
fffe33003300310036003900,0.28395823
fffe32003000310038003800,0.78036046
fffe31003400360036003600,0.41546848
fffe31003700310032003400,0.59889555
fffe32003300390037003500,0.31400013
fffe3300380039003400,0.28192648
fffe32003900380036003900,0.54839486
fffe33003000350038003100,0.43411234
fffe31003300330034003600,0.7096723
fffe3500310031003200,0.24249184
fffe33003000310032003200,0.70291895
fffe32003200360039003700,0.17785537
fffe33003400310035003100,0.2870051
fffe33003300330030003600,0.3217943
fffe3700340035003300,0.61526114
fffe3600330035003200,0.6053531
fffe33003300320037003400,0.38986725
fffe32003300320038003300,0.66300786
fffe3900380032003200,0.82359076
fffe3200390038003600,0.77904147
fffe32003600300031003100,0.7828704
fffe32003800330033003800,0.58096516
fffe31003800360032003200,0.38684517
fffe32003700320033003900,0.20368817
fffe32003400300033003100,0.36202174
fffe33003400350039003700,0.56630933
fffe31003900360038003100,0.31282097
fffe33003200390030003700,0.28859782
fffe31003600360030003900,0.5266837
fffe33003200350035003300,0.3905785
fffe31003100300037003200,0.5592743
fffe32003900380031003500,0.6122944
fffe330037003100,0.41279373
fffe31003400360036003500,0.5076609
fffe32003300360035003500,0.85780346
fffe3100380032003200,0.4135726
fffe3300360031003600,0.161763
fffe31003400340033003800,0.34139287
fffe31003000350034003600,0.28114173
fffe33003200310032003300,0.5111279
fffe31003800340032003700,0.460516
fffe32003600320033003800,0.35699105
fffe33003400390035003400,0.4065302
fffe320030003200,0.038736805
fffe3400370039003400,0.61251813
fffe31003500350037003900,0.6905732
fffe32003600310036003000,0.40844738
fffe32003000330037003700,0.294612
fffe33003200310032003800,0.26883164
fffe3900310030003600,0.26990056
fffe3700340038003000,0.63336676
fffe3100340036003600,0.20061556
fffe31003300320038003400,0.44236127
fffe32003000350036003100,0.64556175
fffe3600320038003600,0.3527997
fffe33003400360037003700,0.352257
fffe3100320035003300,0.5548842
fffe32003600340039003100,0.24102952
fffe31003800390032003500,0.33288178
fffe33003300380033003700,0.7825679
fffe3300300035003200,0.12242829
fffe3200320034003900,0.5421005
fffe31003200370035003100,0.5135551
fffe32003100370037003900,0.41403985
fffe3400360037003400,0.57511234
fffe31003000360034003400,0.3186775
fffe31003000370036003000,0.28516972
fffe33003000330032003600,0.41359752
fffe32003000310031003500,0.5497944
fffe3300390034003900,0.45433128
fffe3600380031003500,0.5037078
fffe32003200390031003300,0.64089096
fffe3300300038003500,0.4926636
fffe33003100360034003600,0.17700961
fffe31003300380039003100,0.0078542875
fffe32003200340035003400,0.64663476
fffe3300370036003400,0.53545797
fffe3100360039003000,0.1823276
fffe3400390034003200,0.25241792
fffe32003700330036003200,0.38372737
fffe31003500350032003400,0.53504616
fffe3200330031003200,0.28306296
fffe31003100340036003100,0.73628354
fffe31003600390036003200,0.7638447
fffe33003300360036003000,0.31188756
fffe31003200330031003800,0.1643688
fffe31003100370033003100,0.18560909
fffe32003400370030003400,0.7021272
fffe310039003200,0.8516492
fffe31003300360032003400,0.51628906
fffe3700370033003700,0.72472703
fffe33003400300037003100,0.44251567
fffe32003800350036003300,0.80387443
fffe3200320039003600,0.24583423
fffe31003300300033003200,0.37359074
fffe32003100330034003900,0.38026616
fffe32003300310033003500,0.6346508
fffe3500380039003400,0.59380937
fffe32003100370030003000,0.42898402
fffe31003400320039003200,0.27487108
fffe31003200320035003200,0.24532127
fffe3100340031003100,0.54663694
fffe31003600310032003100,0.6392364
fffe32003200310030003100,0.29700658
fffe3400390033003700,0.52224016
fffe31003800340034003600,0.4174434
fffe3400300034003600,0.22166523
fffe32003900360038003900,0.55668306
fffe33003200330039003700,0.74911225
fffe31003100390030003000,0.50300467
fffe32003600350034003500,0.5226075
fffe3900310037003700,0.7822746
fffe31003800300036003000,0.4239247
fffe3800310038003900,0.38664836
fffe38003800,0.09915195
fffe33003300380030003300,0.1040839
fffe32003300330036003900,0.37795123
fffe3700350034003700,0.30286047
fffe31003400310030003800,0.38688922
fffe31003800330034003300,0.34340063
fffe32003900370034003200,0.16736412
fffe31003100380038003700,0.46990463
fffe3100330035003200,0.20492172
fffe32003100350038003200,0.46346492
fffe32003200350033003200,0.55567646
fffe32003000390033003700,0.6167167
fffe3500340037003500,0.6144965
fffe32003300330033003700,0.12920858
fffe3700320034003700,0.52434546
fffe31003500350036003300,0.46134296
fffe33003300300039003000,0.55856264
fffe31003000320035003400,0.5709291
fffe33003200370034003300,0.33477715
fffe32003100330039003100,0.25697857
fffe32003300330033003000,0.45298594
fffe32003600350031003600,0.39055902
fffe33003200390037003700,0.36901888
fffe3200340034003300,0.47410253
fffe31003200300037003200,0.011542714
fffe31003800300034003800,0.12583825
fffe32003100350036003500,0.40482926
fffe31003700340035003900,0.14246334
fffe31003100350031003900,0.5122933
fffe3400340034003800,0.17817444
fffe3600310035003800,0.52148825
fffe31003800380031003300,0.4429044
fffe32003800320030003700,0.60842824
fffe32003200360033003200,0.67127
fffe3900310036003800,0.53891355
fffe3800390030003200,0.57765156
fffe3100350032003600,0.06835872
fffe32003300340036003500,0.6665378
fffe310032003400,0.5885519
fffe33003300390036003500,0.40326393
fffe32003600370038003000,0.39220026
fffe31003800330031003700,0.8864058
fffe3700340030003700,0.5953992
fffe32003200380035003900,0.6628309
fffe31003200330031003100,0.7053558
fffe32003400380031003600,0.58343863
fffe31003600320035003600,0.6479071
fffe31003500380032003500,0.91798985
fffe31003600310038003200,0.34312376
fffe340033003500,0.5668869
fffe32003900350037003900,0.075714834
fffe33003200390038003300,0.2243792
fffe32003700390037003200,0.6253103
fffe31003200320033003600,0.29469842
fffe3500320031003900,0.62537503
fffe33003000330035003500,0.6718353
fffe3900360038003900,0.502346
fffe32003100370038003600,0.15959518
fffe31003300320037003500,0.21920764
fffe3900310034003800,0.42289135
fffe31003400380035003600,0.6253692
fffe3100320033003800,0.34083515
fffe31003200350036003500,0.2919132
fffe31003200330030003400,0.55183697
fffe3100380037003900,0.5331017
fffe340035003700,0.5286396
fffe32003700320039003000,0.35010496
fffe32003500330034003600,0.33430752
fffe31003500370034003900,0.51810807
fffe33003000390036003800,0.58382326
fffe3100370038003900,0.23449901
fffe33003400310034003300,0.44130403
fffe32003600320032003600,0.33200338
fffe33003200370031003600,0.721342
fffe31003800350035003500,0.51695144
fffe32003400330036003600,0.78249747
fffe3800300031003900,0.40154445
fffe31003400390031003100,0.52487427
fffe32003100370031003000,0.8303099
fffe33003300350031003000,0.35655198
fffe32003100360038003500,0.43170974
fffe32003600330031003700,0.21359569
fffe3200330032003600,0.25527507
fffe31003800380035003200,0.5767282
fffe32003900350034003700,0.27817473
fffe31003400360033003200,0.44972295
fffe3600390032003800,0.56364614
fffe32003000310034003000,0.62013507
fffe3100340034003000,0.85942644
fffe32003400360033003000,0.6056633
fffe310030003000,0.63720614
fffe3600390037003200,0.24757563
fffe31003400350035003700,0.5798706
fffe33003000300039003900,0.7278037
fffe32003600390036003400,0.20904462
fffe32003400360038003300,0.29535517
fffe31003000300030003500,0.32731482
fffe33003200300039003100,0.51960534
fffe3900360037003400,0.40651652
fffe3400320033003100,0.23921703
fffe32003500340032003000,0.01652127
fffe3300300035003000,0.4277612
fffe3900320039003800,0.5650004
fffe350030003400,0.50242764
fffe32003700320031003300,0.2922986
fffe31003600330030003500,0.38758323
fffe3800340039003600,0.4438236
fffe32003300390033003300,0.6179489
fffe32003400360036003200,0.57097363
fffe32003100310039003700,0.02083574
fffe33003200300039003900,0.7549456
fffe32003600300033003500,0.5387502
fffe340034003300,0.47757462
fffe32003700350038003800,0.6788478
fffe3400360039003900,0.08082298
fffe3900350031003400,0.45561874
fffe3700360039003300,0.61430305
fffe3800360038003400,0.5136675
fffe33003000370038003300,0.3336388
fffe31003400320033003800,0.23060983
fffe3900320037003000,0.40590572
fffe3800330031003000,0.41057262
fffe3800380038003800,0.67376727
fffe32003500340038003000,0.65185684
fffe320034003400,0.29351455
fffe32003000350032003000,0.40803662
fffe32003400330036003700,0.4166379
fffe31003600390034003900,0.7132779
fffe3300340031003800,0.5370814
fffe3400380032003300,0.5989538
fffe33003200310038003700,0.08819765
fffe3600350038003300,0.39552236
fffe3800300033003300,0.31680283
fffe32003600300037003900,0.7195712
fffe31003300330030003400,0.37369317
fffe32003200350036003200,0.25246313
fffe31003700370038003500,0.6129874
fffe33003100370033003800,0.4625488
fffe32003200310035003000,0.7365572
fffe32003800310031003800,0.0436098
fffe3400350036003000,0.6651124
fffe370035003700,0.49482536
fffe32003700350032003900,0.28210256
fffe3900380031003800,0.47939214
fffe3800350039003300,0.4660947
fffe31003300380034003600,0.70303875
fffe3600340038003400,0.6329029
fffe32003500390036003200,0.34012723
fffe3200350038003100,0.64534247
fffe32003600300034003500,0.33143416
fffe31003200340033003900,0.73074204
fffe33003000340036003100,0.54345244
fffe31003300380036003300,0.5605762
fffe32003400330034003700,0.4813753
fffe3700390035003400,0.5761945
fffe31003900310033003300,0.53041923
fffe33003000320037003000,0.5382922
fffe3500370037003100,0.5703538
fffe32003600300035003100,0.5859869
fffe33003200300030003300,0.42252043
fffe3900390031003600,0.3465035
fffe31003600380033003300,0.39444146
fffe32003000380033003200,0.5668616
fffe32003600340034003500,0.56158227
fffe33003000360031003200,0.5395426
fffe31003000370031003900,0.46901134
fffe32003800300033003600,0.8657983
fffe3600320030003900,0.5111352
fffe32003500360032003700,0.55050087
fffe3500390035003500,0.7285613
fffe32003800360031003000,0.23886609
fffe32003800390035003100,0.72912955
fffe33003300350036003200,0.43565074
fffe3100330031003000,0.10900677
fffe32003900350032003500,0.14288816
fffe33003100350038003500,0.09452198
fffe3700320039003100,0.7394774
fffe3100330034003500,0.39864933
fffe33003400370030003200,0.86751246
fffe33003200300039003200,0.57668376
fffe31003300350032003200,0.07500799
fffe3300370039003100,0.46619323
fffe32003900350035003200,0.34792036
fffe33003400350035003600,0.47826245
fffe31003300350034003300,0.57398045
fffe33003200320039003800,0.503064
fffe32003400370034003900,0.5982551
fffe32003700330031003900,0.47057772
fffe3800380038003900,0.25189543
fffe31003300350038003800,0.568369
fffe3700360030003600,0.20744233
fffe31003900300031003200,0.2852265
fffe31003300350034003000,0.40575367
fffe33003400310034003600,0.46242183
fffe3600330038003700,0.6422352
fffe31003900340031003300,0.4054415
fffe31003200380031003900,0.6021796
fffe33003200350035003000,0.5321775
fffe32003000320034003500,0.6939581
fffe31003200300036003500,0.40765345
fffe31003700310035003700,0.10081346
fffe3700360037003900,0.3484474
fffe32003300340039003300,0.5048802
fffe31003700390030003800,0.4397716
fffe32003400310031003800,0.54839456
fffe32003500340032003400,0.5452988
fffe32003600330033003700,0.39093414
fffe31003000340030003000,0.47848216
fffe33003300380036003600,0.72806007
fffe3300340033003000,0.47159317
fffe32003200390033003100,0.3972383
fffe31003100340032003800,0.2916975
fffe370033003300,0.39318177
fffe350031003800,0.8340808
fffe31003000380038003500,0.40400186
fffe3400300033003100,0.62973714
fffe3800300039003500,0.40970096
fffe3500300037003000,0.34444708
fffe33003400300035003300,0.59014153
fffe32003900310034003500,0.39791378
fffe31003800350031003400,0.33101338
fffe32003700320033003300,0.74239725
fffe3700330031003600,0.6525979
fffe3400320038003600,0.4855117
fffe3200370037003700,0.5301994
fffe31003500300039003900,0.7125043
fffe33003300360032003200,0.9504893
fffe3600340037003100,0.52900416
fffe32003500310030003400,0.3923105
fffe31003500310038003400,0.6009617
fffe32003300360036003600,0.4915248
fffe3600300031003200,0.5865831
fffe31003700390031003700,0.7308139
fffe32003500380039003600,0.58265245
fffe32003300320035003400,0.15054905
fffe31003100350034003200,0.7296449
fffe32003000320034003200,0.4110137
fffe33003200300034003700,0.48724943
fffe31003100370037003100,0.51175356
fffe32003300340037003700,0.47511625
fffe31003000370035003700,0.009547998
fffe3200360033003300,0.43889377
fffe3300300035003100,0.45007405
fffe31003400310034003400,0.2069297
fffe31003800360031003600,0.26392037
fffe3100340038003100,0.59493655
fffe3400340030003500,0.4351643
fffe33003200320036003700,0.7502414
fffe32003900390039003800,0.23890856
fffe3800340031003900,0.35515505
fffe31003000310037003700,0.5235004
fffe32003800350038003600,0.5726632
fffe33003300300039003800,0.17264195
fffe3800310036003600,0.38151643
fffe3800360031003900,0.6527771
fffe370034003800,0.37235552
fffe31003200380033003900,0.52457756
fffe33003000350036003900,0.40755913
fffe32003900360035003700,0.15941568
fffe32003800380035003800,0.85384655
fffe3500330038003700,0.29865813
fffe32003500370039003800,0.43569085
fffe3500340039003700,0.3911949
fffe31003000310031003500,0.34140044
fffe3600360030003400,0.5379359
fffe33003000330031003400,0.618366
fffe36003500,0.76736647
fffe3300310039003900,0.66271424
fffe31003000320039003900,0.24920817
fffe32003700310030003200,0.42277828
fffe31003900330032003600,0.5320941
fffe32003800370031003600,0.43402916
fffe31003300340038003300,0.42865908
fffe31003700300039003400,0.063387856
fffe3200340039003600,0.30287477
fffe34003200,0.46927482
fffe3500390031003700,0.63172716
fffe31003400390039003200,0.34295547
fffe31003200320031003800,0.4385585
fffe31003900390037003200,0.36520547
fffe32003000380033003300,0.306433
fffe31003600380034003300,0.38569131
fffe3200320033003700,0.4692873
fffe31003700320039003400,0.77896315
fffe3100370036003500,0.4663659
fffe3500360035003300,0.5843161
fffe31003600370038003400,0.2501544
fffe32003800350030003500,0.49413586
fffe3700330039003800,0.5673344
fffe33003100350031003700,0.5684847
fffe32003400320036003900,0.42486683
fffe32003900350039003300,0.3873507
fffe33003100350031003300,0.53191763
fffe31003700300031003600,0.2768004
fffe32003600320038003200,0.48612443
fffe3900350039003900,0.7253868
fffe3100330035003000,0.23451206
fffe31003100370032003900,0.26663083
fffe3600300033003500,0.69805264
fffe3400360030003900,0.6031148
fffe3200390035003800,0.40993407
fffe3800370033003800,0.3724477
fffe3600330030003000,0.60270566
fffe33003400320037003700,0.56813526
fffe3800330033003500,0.43248525
fffe3800330036003000,0.43297368
fffe32003200300037003000,0.47816148
fffe3400320034003800,0.4203009
fffe3100350039003900,0.3417264
fffe31003300310030003700,0.3704334
fffe33003100340032003300,0.13501655
fffe360038003100,0.29371917
fffe31003800310037003900,0.63470453
fffe32003600330037003700,0.57368034
fffe32003600390031003300,0.6625629
fffe3600370033003200,0.44699237
fffe32003600370030003500,0.25183317
fffe32003500380035003800,0.2565019
fffe32003300340032003700,0.18639292
fffe31003000350035003400,0.31955153
fffe32003900350037003100,0.6736046
fffe31003700370032003000,0.47873837
fffe31003500310036003600,0.43008196
fffe31003900390037003400,0.67519987
fffe32003400320038003200,0.101119146
fffe31003800330032003000,0.35641664
fffe32003300370034003700,0.09736842
fffe32003300310030003100,0.5515828
fffe31003500310038003200,0.5724251
fffe33003400360039003600,0.6790991
fffe33003200370030003500,0.6596888
fffe32003000380034003400,0.21548858
fffe3800300030003300,0.76849794
fffe32003100300032003800,0.6960309
fffe3800320032003100,0.3050592
fffe3900320031003300,0.2875622
fffe32003800360038003300,0.025763407
fffe33003400370031003300,0.643667
fffe3100330033003200,0.38202006
fffe31003000300037003500,0.59111094
fffe32003000310034003200,0.57641095
fffe330039003500,0.22526775
fffe31003900370031003100,0.3180479
fffe3900360033003400,0.42667025
fffe32003600300032003500,0.4624019
fffe33003000320039003300,0.37939957
fffe33003000340037003700,0.057730943
fffe31003500340038003700,0.46466294
fffe3100380031003300,0.10322153
fffe31003300380030003900,0.20721976
fffe3400300038003900,0.5680586
fffe32003700370038003100,0.61112934
fffe32003100370035003200,0.4051139
fffe3600310030003900,0.75201195
fffe31003900370036003200,0.39694366
fffe32003100300030003000,0.50758576
fffe3800360037003300,0.34663764
fffe32003600330035003100,0.37446347
fffe32003700310038003800,0.48554245
fffe31003700340036003200,0.41407233
fffe3900320038003500,0.41693598
fffe3300350030003400,0.63161224
fffe32003800370030003100,0.14843689
fffe32003800330035003800,0.7636997
fffe31003700350039003700,0.27931523
fffe31003300380034003800,0.63474333
fffe31003900330036003200,0.5028302
fffe31003000360033003500,0.7655823
fffe33003200380039003700,0.29062903
fffe32003600390035003800,0.3205906
fffe3200370036003900,0.16911152
fffe3700310032003600,0.39862767
fffe3600340032003500,0.217524
fffe3100350030003000,0.6009517
fffe32003300380033003500,0.64339054
fffe3600320032003400,0.55803233
fffe32003000390030003000,0.6323312
fffe32003200320036003400,0.3553121
fffe3600350032003600,0.35301673
fffe31003300310037003500,0.41142514
fffe31003100380033003400,0.95771
fffe3800300038003900,0.6808927
fffe32003300310038003400,0.8823632
fffe3100320034003300,0.46386993
fffe3700310031003900,0.5110964
fffe3100370034003200,0.57582283
fffe33003400310033003000,0.4024152
fffe3700380037003200,0.2606413
fffe32003200360039003300,0.60584635
fffe3100360035003200,0.2277157
fffe3300320036003400,0.41919154
fffe3300390036003900,0.40377602
fffe31003000350031003200,0.61964
fffe32003900350031003800,0.54274464
fffe32003900300034003500,0.6541704
fffe32003700310032003200,0.329322
fffe3900310031003700,0.2600479
fffe32003200350030003300,0.45534918
fffe33003300320032003500,0.23939277
fffe3700360038003500,0.43106154
fffe3700300035003800,0.2129733
fffe3400390039003500,0.37692347
fffe31003200330030003700,0.3854106
fffe31003200310030003200,0.49979773
fffe360036003900,0.41841695
fffe33003400380032003400,0.5580236
fffe31003200340031003100,0.93350166
fffe32003400320037003800,0.4936803
fffe310031003200,0.33200592
fffe32003100320037003800,0.09779298
fffe3800370039003900,0.47242594
fffe3300300038003700,0.26057348
fffe32003800380031003000,0.07581627
fffe32003900310035003700,0.40417606
fffe3300300035003900,0.68177736
fffe31003100340031003000,0.6089396
fffe31003900360036003200,0.51127654
fffe32003700340030003100,0.7038317
fffe3100330038003700,0.27589098
fffe31003700340037003500,0.37529236
fffe31003600310039003700,0.5690277
fffe31003300300034003800,0.18225417
fffe32003800310037003200,0.5391747
fffe3200370035003400,0.7168971
fffe3500340034003000,0.41427454
fffe31003500380035003300,0.62945265
fffe3300380030003100,0.8260238
fffe32003200360038003200,0.23240663
fffe3300380035003800,0.43891782
fffe31003900300037003400,0.40456986
fffe31003500370030003600,0.5659695
fffe3900380032003500,0.732482
fffe3300300030003200,0.7765873
fffe3900320037003500,0.41553155
fffe31003900340035003600,0.0066027725
fffe31003700320034003700,0.56612664
fffe31003900330035003500,0.41432187
fffe3200300035003500,0.67890924
fffe32003900390039003500,0.59096235
fffe31003500360032003300,0.6123758
fffe330034003600,0.15003985
fffe32003800380032003000,0.6308615
fffe33003100300038003700,0.5694106
fffe31003900380031003000,0.5593546
fffe31003700310031003200,0.5480864
fffe3200380037003100,0.47412583
fffe31003700340033003700,0.5289742
fffe31003200360038003900,0.42849833
fffe32003500390038003300,0.24255054
fffe32003600350034003300,0.5213524
fffe31003600380031003300,0.5466793
fffe33003400330035003600,0.6547674
fffe33003200340035003600,0.29775062
fffe33003100320031003600,0.45507795
fffe31003100360035003200,0.25785562
fffe3800370034003000,0.26057148
fffe3100370035003500,0.433333
fffe31003900330038003700,0.6123965
fffe32003100340030003200,0.7665405
fffe32003100360036003800,0.29060122
fffe33003200390035003700,0.82361895
fffe33003200370037003400,0.13069253
fffe3600360036003600,0.17719452
fffe33003200390039003000,0.6011939
fffe3800330033003200,0.19566932
fffe31003600330037003700,0.46370083
fffe33003000330035003900,0.38855547
fffe31003600380037003800,0.3928958
fffe3100370030003100,0.41552785
fffe33003400330037003900,0.670636
fffe31003100310032003200,0.33384374
fffe31003300380032003700,0.27029175
fffe3700310030003100,0.25524095
fffe32003800340034003800,0.3923215
fffe33003000310035003000,0.37266076
fffe3400320033003000,0.61568475
fffe31003900390036003800,0.19875
fffe33003100300034003400,0.40053698
fffe31003900320031003800,0.5492859
fffe31003800350039003200,0.3829489
fffe3800370030003000,0.378512
fffe33003400380034003000,0.8189735
fffe32003400310037003500,0.5508336
fffe3600350033003000,0.3306005
fffe31003400300038003300,0.2198699
fffe32003800340037003200,0.39454767
fffe3500300032003400,0.41042918
fffe32003200310037003200,0.64594626
fffe33003200330035003200,0.32459635
fffe3400370034003100,0.37043947
fffe31003600300037003800,0.5702877
fffe3100370034003300,0.9020105
fffe33003100300033003800,0.59038085
fffe31003900330033003300,0.75719166
fffe31003600370031003300,0.7742437
fffe32003100320038003600,0.38
fffe31003000320031003300,0.28061628
fffe3100320032003100,0.6143813
fffe31003100300032003000,0.35398728
fffe32003300370032003100,0.66094244
fffe3200330033003700,0.5132361
fffe33003000390037003400,0.3431375
fffe3700370032003000,0.32166657
fffe31003400330038003600,0.8136884
fffe31003900340035003000,0.4972197
fffe32003100320038003300,0.03309945
fffe32003200330033003600,0.6030261
fffe33003100310036003300,0.5853288
fffe33003200330034003400,0.5102234
fffe3700300039003600,0.4779252
fffe3900330039003200,0.37988213
fffe32003500360036003200,0.35161266
fffe32003400300039003400,0.4898566
fffe31003400330032003300,0.32764506
fffe32003900300033003200,0.43318805
fffe32003900310036003300,0.5814068
fffe3100320030003800,0.50595444
fffe31003800310032003600,0.109595746
fffe3700380037003300,0.9330592
fffe31003400310037003700,0.34614116
fffe33003400310039003200,0.52413446
fffe31003700390033003700,0.64971715
fffe31003300310031003900,0.17823306
fffe3700370031003400,0.36932775
fffe3100380038003700,0.34920254
fffe32003900390032003900,0.42923725
fffe3300340030003900,0.39724982
fffe31003400340033003100,0.44951898
fffe31003000310039003100,0.39694595
fffe3100370031003100,0.4228403
fffe31003400330038003500,0.45465246
fffe32003800380039003300,0.47374955
fffe31003100380036003200,0.56304723
fffe3800390039003700,0.43250915
fffe33003000310031003000,0.7176171
fffe3600310038003100,0.4522272
fffe31003400300032003700,0.530003
fffe31003100390038003000,0.9301038
fffe31003700320034003400,0.6030401
fffe31003200300032003300,0.35677674
fffe32003500390033003100,0.44720498
fffe33003400310039003800,0.29545155
fffe3200380033003900,0.34449518
fffe31003500310039003700,0.77614284
fffe33003200310033003200,0.58033746
fffe32003900390038003300,0.19639494
fffe31003600300032003700,0.18290472
fffe31003300380037003400,0.60993004
fffe32003500320038003600,0.54499847
fffe32003200390033003600,0.9128487
fffe3800380035003900,0.43454516
fffe32003800350035003100,0.53043437
fffe31003400370031003800,0.41127828
fffe33003400340038003500,0.57555073
fffe31003800370033003000,0.3217314
fffe31003400350039003900,0.28853443
fffe32003400370031003600,0.5310065
fffe3100370036003100,0.44264266
fffe3400330038003700,0.59713686
fffe32003100350030003400,0.3746158
fffe33003400390032003200,0.33179098
fffe33003400380030003100,0.5851063
fffe31003200390037003800,0.5780308
fffe3500380030003400,0.5995727
fffe31003700360037003100,0.8918317
fffe32003300320034003600,0.56330395
fffe32003900310030003200,0.36841336
fffe31003500350030003600,0.4604854
fffe31003200370031003800,0.44527933
fffe3300380039003300,0.31950623
fffe3400340035003700,0.36976898
fffe31003400300039003200,0.1887221
fffe3800320034003800,0.6139126
fffe3300320035003600,0.569396
fffe31003000370034003400,0.125912
fffe320032003500,0.6593926
fffe32003500380034003700,0.14215292
fffe31003100390038003900,0.65478885
fffe3400340038003000,0.50975
fffe31003900340034003100,0.17041832
fffe32003800320037003400,0.2950746
fffe3600370036003600,0.5493091
fffe3700360032003200,0.16197877
fffe33003300380037003200,0.3729507
fffe3100390031003800,0.39754584
fffe3700370038003700,0.4710803
fffe32003600360031003900,0.19510396
fffe3200320033003600,0.27651614
fffe32003000310031003800,0.19921517
fffe3700310033003200,0.3834018
fffe31003100310031003100,0.646652
fffe31003900350033003400,0.22670603
fffe31003000320039003700,0.36643416
fffe3500360036003700,0.17935506
fffe31003900350035003100,0.5143575
fffe33003400310030003200,0.2718314
fffe32003300370033003100,0.5784422
fffe33003300330033003500,0.3829179
fffe32003800310035003700,0.62151295
fffe31003400390036003000,0.14427082
fffe31003800370036003700,0.7866235
fffe31003400370033003500,0.6735212
fffe3200360030003500,0.52339774
fffe31003300360038003500,0.33121735
fffe3700370036003100,0.19425842
fffe32003800320031003700,0.5036951
fffe33003200370038003900,0.3487515
fffe32003600300035003400,0.37811536
fffe32003900390031003700,0.42092973
fffe32003500360033003900,0.47466066
fffe33003100330036003800,0.30999124
fffe3200310031003100,0.34935284
fffe33003100390032003900,0.37724042
fffe32003600300033003600,0.6513563
fffe3700320031003200,0.3467516
fffe320031003300,0.33578938
fffe31003700380034003100,0.2819085
fffe3600340039003900,0.24597442
fffe31003300300032003900,0.20325261
fffe3600380037003000,0.32148677
fffe33003100320034003000,0.27614605
fffe31003000390038003500,0.65827006
fffe32003200350030003000,0.4588816
fffe32003000390030003500,0.52639425
fffe33003300360034003400,0.49663064
fffe32003500310031003500,0.61949664
fffe31003900370030003800,0.5125891
fffe32003100380031003000,0.45200574
fffe31003700320038003400,0.55345786
fffe31003100310030003700,0.36803022
fffe32003100370032003400,0.8190122
fffe32003200320031003700,0.72758967
fffe31003400310036003500,0.9509456
fffe31003300360033003600,0.28972563
fffe33003300370032003300,0.12155355
fffe3400390039003700,0.54245263
fffe31003500300035003100,0.6045315
fffe32003700370036003400,0.3543987
fffe3200370031003200,0.30907688
fffe32003700310030003400,0.67895675
fffe31003100300030003200,0.38169158
fffe32003100310037003000,0.6137917
fffe31003100330036003300,0.5566057
fffe31003300350036003500,0.385179
fffe3800340033003000,0.5752182
fffe32003700360032003500,0.62848026
fffe31003100310034003300,0.5758787
fffe3300360036003000,0.545255
fffe31003400380035003000,0.51950574
fffe3300340033003400,0.40939614
fffe32003900340031003800,0.470342
fffe32003300380033003000,0.5782689
fffe3700370035003500,0.006673939
fffe32003500360032003800,0.49223784
fffe3900340031003600,0.7480759
fffe32003900320032003200,0.5198876
fffe33003200390032003100,0.40195596
fffe31003800370030003600,0.58031833
fffe32003300380033003200,0.31018212
fffe3900350033003900,0.884599
fffe32003900310034003100,0.14845996
fffe3100330039003100,0.5518928
fffe32003300330039003600,0.41445932
fffe3400300035003900,0.0060353396
fffe31003700350039003800,0.32933503
fffe32003400350030003700,0.31006235
fffe31003500330031003800,0.6303057
fffe32003800310037003900,0.38759255
fffe32003500340031003100,0.24367999
fffe33003400300039003300,0.2066643
fffe33003100310035003500,0.36849213
fffe31003900370030003400,0.36881343
fffe33003000350035003400,0.46207565
fffe33003400330039003500,0.031435706
fffe32003500390032003100,0.37830946
fffe32003900320036003500,0.5854209
fffe31003300300033003800,0.41112766
fffe31003000390036003700,0.46691197
fffe32003200380033003300,0.5585244
fffe31003600380036003000,0.012343712
fffe3400310033003500,0.6091948
fffe31003000350038003900,0.37756306
fffe33003200360033003400,0.3033018
fffe32003500350037003400,0.2001262
fffe32003700390031003500,0.3705293
fffe33003400320032003800,0.70348555
fffe380032003600,0.5144322
fffe33003200320039003100,0.6274489
fffe31003400320036003200,0.1995651
fffe31003900380034003300,0.588758
fffe31003900390035003700,0.39148778
fffe32003200390033003500,0.3263755
fffe31003100390030003600,0.4733012
fffe32003200380035003200,0.6263195
fffe33003200300031003700,0.52269286
fffe31003600340030003500,0.34713328
fffe33003200380037003000,0.40436065
fffe32003400340030003500,0.43110803
fffe33003000300038003100,0.0711802
fffe3100320037003600,0.5912027
fffe3200320033003100,0.83302385
fffe32003500300035003700,0.77037597
fffe31003900390033003200,0.57470345
fffe31003700320038003100,0.4418225
fffe31003000370035003800,0.35309297
fffe32003900330037003600,0.5613122
fffe32003700360030003100,0.7497211
fffe31003600350036003300,0.42819697
fffe32003600370034003800,0.3079283
fffe31003800320035003900,0.32396957
fffe3300380038003900,0.3483417
fffe31003200360030003900,0.21590292
fffe32003600380036003400,0.55156505
fffe33003000340032003200,0.4514171
fffe32003600350034003100,0.49823803
fffe33003000360033003200,0.2498259
fffe31003400370035003800,0.1786966
fffe340037003600,0.54795635
fffe31003800340034003400,0.43993965
fffe32003300320038003000,0.41245866
fffe3800320034003900,0.49696863
fffe3300320032003500,0.6702072
fffe33003400370036003700,0.61340094
fffe3900340031003800,0.49510148
fffe32003600320037003100,0.37865058
fffe3600390039003200,0.4512283
fffe33003300340033003300,0.20685902
fffe33003100340036003300,0.49494535
fffe31003500350037003300,0.5099639
fffe31003300370037003800,0.27528226
fffe31003500310036003200,0.27069128
fffe31003900320034003700,0.60169864
fffe32003300340039003200,0.50805086
fffe32003200350034003900,0.6463011
fffe3500370039003100,0.70898145
fffe3300330033003700,0.8641673
fffe31003300370037003300,0.51963276
fffe33003400330038003500,0.35466912
fffe3900310035003700,0.23967288
fffe32003700380033003800,0.39855236
fffe32003700340031003000,0.75370646
fffe31003300370037003100,0.35185775
fffe31003900320032003100,0.8920325
fffe31003800350030003800,0.19298553
fffe32003700300031003500,0.45650426
fffe31003200320030003800,0.42589137
fffe3200310037003000,0.32805136
fffe33003000330039003800,0.2896144
fffe31003900380033003100,0.56965584
fffe32003200310036003100,0.4588227
fffe31003300300034003600,0.30252433
fffe32003100320038003900,0.009460898
fffe3300370031003200,0.31339064
fffe32003900330032003500,0.35686553
fffe32003900350035003400,0.30489787
fffe32003700300030003500,0.5533394
fffe31003500320035003700,0.5455134
fffe3300320034003100,0.26160175
fffe31003800320036003700,0.4393692
fffe32003200300031003400,0.5095505
fffe3500370039003800,0.21166934
fffe32003600300038003000,0.25651425
fffe31003600300037003000,0.20564696
fffe3600310035003400,0.38876396
fffe31003900310035003900,0.58213365
fffe3500380031003500,0.58123046
fffe3600380030003500,0.61972016
fffe33003200390035003100,0.5974136
fffe33003200340037003300,0.13329591
fffe31003800350039003700,0.24205045
fffe3200390038003100,0.5532528
fffe31003400310032003600,0.37618333
fffe32003700390033003000,0.52642006
fffe3100320030003300,0.5261805
fffe32003300330037003500,0.58148545
fffe31003400390031003200,0.728306
fffe31003900310039003500,0.23719959
fffe32003500370030003600,0.53417677
fffe32003500340035003600,0.47659284
fffe32003100360039003300,0.10149636
fffe31003900300035003100,0.73583764
fffe31003800350035003900,0.3517026
fffe32003100330039003300,0.3714446
fffe32003700330031003500,0.015091269
fffe3300370036003900,0.28459895
fffe31003700300038003700,0.26641342
fffe33003100300037003600,0.50303006
fffe3600380030003000,0.40356725
fffe3600340031003200,0.5587499
fffe32003500350037003500,0.59915423
fffe31003400340032003000,0.5930065
fffe3500300039003000,0.02778303
fffe31003700380035003800,0.67095727
fffe31003300310032003200,0.6249346
fffe3800380037003500,0.3808982
fffe3200360033003700,0.23090462
fffe3400300031003600,0.71117496
fffe31003500320032003200,0.51371557
fffe33003100330038003800,0.5635891
fffe32003500310038003500,0.72689945
fffe32003200310030003500,0.38668132
fffe3500300036003400,0.39584106
fffe3900360034003300,0.43013754
fffe31003700340036003700,0.34550875
fffe3300300037003100,0.49522203
fffe31003500330037003400,0.40138227
fffe33003100370035003600,0.34182858
fffe32003500300031003800,0.64851934
fffe31003500390037003500,0.15856583
fffe3500370037003800,0.5274485
fffe31003000370035003600,0.3488688
fffe3400300036003700,0.42993575
fffe3800380030003100,0.85030395
fffe31003900380032003700,0.4688938
fffe3100350036003800,0.41314542
fffe31003500330031003200,0.39470154
fffe31003100390037003200,0.23361519
fffe32003300320039003800,0.17690995
fffe32003800340034003200,0.40273437
fffe3400310031003500,0.5279264
fffe3600370038003800,0.51356304
fffe3200380036003400,0.8078382
fffe31003500330033003600,0.74539757
fffe31003400300038003100,0.38619325
fffe32003900350033003700,0.45076674
fffe32003300380033003700,0.41893953
fffe32003700320034003200,0.2320936
fffe32003100300033003500,0.5439545
fffe32003500390034003900,0.098032035
fffe32003000310032003000,0.44025722
fffe33003200320033003700,0.44906363
fffe3700380031003400,0.5083585
fffe310036003600,0.5429042
fffe3800350032003000,0.29398358
fffe3500350034003200,0.4664051
fffe31003700340035003300,0.26095065
fffe32003900350039003700,0.614562
fffe3500330035003100,0.51523876
fffe32003500340038003600,0.6956455
fffe31003800300030003500,0.6493994
fffe31003700320036003600,0.6126847
fffe32003400330033003300,0.5996618
fffe32003500340036003500,0.34983116
fffe33003000360035003100,0.4617495
fffe3300340031003100,0.07117205
fffe31003800380031003500,0.56622344
fffe3800340038003700,0.35145894
fffe32003100360031003700,0.2746133
fffe33003400360034003400,0.22705445
fffe32003600330032003400,0.30943382
fffe32003800370039003900,0.5993655
fffe3700390036003500,0.43845183
fffe31003800380030003600,0.53691256
fffe31003600330032003200,0.7754154
fffe32003900330036003300,0.46388784
fffe32003500380038003700,0.939446
fffe3600330034003800,0.82900184
fffe33003400370030003100,0.29116437
fffe3300340030003200,0.48594543
fffe32003300340036003300,0.63202614
fffe3900310038003500,0.13792416
fffe3600350036003400,0.42377707
fffe31003500360039003500,0.4064587
fffe3300320034003000,0.60581505
fffe31003000300032003300,0.5922923
fffe31003000310034003800,0.527852
fffe3300350037003000,0.06753244
fffe3800360030003800,0.18257023
fffe32003100360037003400,0.60071695
fffe31003900390030003200,0.78302115
fffe3100370034003700,0.31222433
fffe3200350031003200,0.5433443
fffe3200360030003900,0.3888666
fffe3500390038003000,0.43393314
fffe33003100320039003100,0.14484067
fffe32003300340039003900,0.40462127
fffe32003300310030003800,0.6257683
fffe370038003700,0.51812243
fffe32003800310035003800,0.9148701
fffe31003800330039003500,0.24330197
fffe31003800300032003800,0.5821824
fffe33003000360033003300,0.32456046
fffe32003400310030003700,0.88210654
fffe31003900320033003800,0.092348
fffe32003900330036003400,0.3908884
fffe31003100380030003100,0.19524543
fffe31003300360032003100,0.33077347
fffe31003900390039003300,0.7474683
fffe3300360035003500,0.5460442
fffe31003900300039003300,0.10966154
fffe33003100300037003200,0.6146209
fffe33003400340031003400,0.81166327
fffe320034003500,0.62148416
fffe3400360038003000,0.44681987
fffe3100360032003500,0.6620718
fffe31003700340036003500,0.11956695
fffe31003800390033003600,0.511933
fffe3600380036003600,0.1991234
fffe32003800370034003900,0.5706436
fffe31003900340031003400,0.40882716
fffe33003000370039003300,0.58807683
fffe32003200360031003500,0.54584664
fffe33003100370034003000,0.49489856
fffe33003200300038003100,0.31874478
fffe32003600300032003600,0.20158769
fffe3600340037003500,0.47956914
fffe3400350037003200,0.44472933
fffe32003200340039003600,0.69822204
fffe32003400340030003000,0.5073698
fffe31003400350030003600,0.43048942
fffe32003100390033003600,0.2287898
fffe31003100360035003300,0.4230746
fffe31003700320032003500,0.48475206
fffe33003100380034003900,0.40498728
fffe33003000330033003700,0.4945975
fffe32003100310031003500,0.43430945
fffe31003500390030003000,0.64421016
fffe3400320030003300,0.84036285
fffe32003800390033003000,0.20536341
fffe32003100320033003400,0.28311664
fffe33003100300038003000,0.3747289
fffe33003100370032003800,0.39148173
fffe310037003000,0.3796762
fffe31003000360035003900,0.0081023555
fffe3100300030003100,0.5921288
fffe33003000380036003600,0.11339499
fffe31003200370038003000,0.19378395
fffe32003900390039003200,0.18773533
fffe31003300350031003600,0.40399894
fffe32003400390031003200,0.5497593
fffe33003000310036003900,0.23393129
fffe320035003500,0.77362096
fffe31003200380034003100,0.3496729
fffe33003300350030003100,0.5907861
fffe3700360038003600,0.478867
fffe32003800350038003900,0.36908925
fffe32003800350033003300,0.42868105
fffe3500360031003500,0.57947046
fffe33003100350034003100,0.56150776
fffe3300330039003300,0.6328345
fffe31003800320039003200,0.5755711
fffe31003700380035003000,0.23354517
fffe31003700380034003200,0.6816915
fffe31003900300031003400,0.59458596
fffe31003100350038003200,0.571745
fffe32003700310033003100,0.56456524
fffe32003500320030003600,0.121514946
fffe3500370036003800,0.33476913
fffe3500350037003000,0.024104973
fffe32003700330037003700,0.22851712
fffe3900340035003700,0.010022775
fffe33003200390030003900,0.25263712
fffe31003000300037003900,0.02662734
fffe32003200390035003900,0.34793863
fffe33003400300032003800,0.28831416
fffe31003900320032003400,0.4055941
fffe32003600390039003900,0.57984114
fffe3900380039003000,0.58940434
fffe31003300380036003100,0.26637426
fffe31003700350035003600,0.759149
fffe32003200390035003700,0.6072431
fffe3600310030003000,0.59149694
fffe32003400310039003500,0.36962247
fffe33003400310035003300,0.57256854
fffe33003100390039003300,0.40011436
fffe32003100300036003300,0.19515797
fffe32003000300035003800,0.3894849
fffe3700390039003700,0.5404319
fffe3300330038003000,0.41594034
fffe31003500350036003900,0.66009027
fffe3400320034003000,0.6692767
fffe32003600360030003300,0.56810844
fffe32003800310030003300,0.57320696
fffe3500330039003300,0.6560533
fffe31003000320034003700,0.8886811
fffe31003600350037003800,0.38643658
fffe31003400360034003300,0.42367753
fffe31003100370031003200,0.0071778134
fffe31003500340037003700,0.46572816
fffe3800340038003800,0.44461277
fffe33003200320036003900,0.57007605
fffe32003600350038003200,0.63780695
fffe3700330038003900,0.26114634
fffe31003200310035003100,0.50746346
fffe3700320033003100,0.5243267
fffe31003600300035003600,0.4135567
fffe310038003200,0.6178921
fffe360038003500,0.42638925
fffe3100320036003800,0.5774814
fffe31003200300034003100,0.6241771
fffe33003300360031003800,0.120693676
fffe3900310038003700,0.600561
fffe32003300370039003000,0.548189
fffe32003400380038003500,0.57710546
fffe3800310032003000,0.39736992
fffe3700300034003300,0.3525969
fffe31003800390036003100,0.23093702
fffe3100320034003800,0.24877258
fffe31003300300032003400,0.17305686
fffe31003000300031003300,0.2862638
fffe3600310036003000,0.42775312
fffe3100330036003900,0.21314988
fffe33003300320037003300,0.40822896
fffe32003300310034003700,0.63250434
fffe32003700390038003200,0.28386465
fffe33003100390038003700,0.5420055
fffe3900300035003100,0.10663614
fffe3800340039003000,0.9722099
fffe3800350032003200,0.3632932
fffe33003200370032003800,0.7691328
fffe31003300320035003300,0.37682974
fffe33003200330038003900,0.4683846
fffe31003600300039003000,0.22917578
fffe32003900330039003300,0.7022313
fffe31003700340036003800,0.5899596
fffe3700300032003500,0.86421186
fffe33003000320032003300,0.65476537
fffe3900330036003800,0.40596864
fffe32003300340032003000,0.19179554
fffe33003300300039003900,0.49751872
fffe32003000390038003000,0.45714405
fffe3900320038003200,0.36370376
fffe31003000310038003700,0.57870096
fffe3200370034003500,0.3530457
fffe31003200310035003400,0.4085867
fffe32003900300038003700,0.67488384
fffe31003100310039003500,0.564186
fffe33003100380038003900,0.5472225
fffe3300380036003600,0.34516388
fffe3700340038003200,0.011568787
fffe33003000330031003700,0.20777729
fffe3300340039003400,0.6537876
fffe33003300390033003000,0.437312
fffe32003500320032003200,0.6020787
fffe32003000390035003800,0.16685165
fffe33003100380033003200,0.3484919
fffe3200310035003600,0.43383607
fffe31003200380037003600,0.4301513
fffe33003100330032003100,0.72108525
fffe32003800300039003500,0.64381564
fffe3200310032003800,0.27319658
fffe32003900300031003800,0.43173084
fffe31003200320039003100,0.58437806
fffe32003100360031003400,0.57808775
fffe33003300310033003000,0.1689605
fffe31003700390037003500,0.14994144
fffe3900330030003300,0.36786222
fffe33003200300036003200,0.6046779
fffe3100360034003100,0.7448096
fffe33003400390034003100,0.5457524
fffe31003900350037003800,0.7739226
fffe33003400320036003300,0.3146878
fffe31003000320032003000,0.35736382
fffe32003900390030003300,0.5581801
fffe3100350034003900,0.23150995
fffe33003400340036003300,0.6186168
fffe33003400390031003300,0.40363985
fffe3600300036003100,0.62101096
fffe33003100330036003600,0.24455269
fffe3700330035003300,0.43884796
fffe33003200330037003200,0.47498816
fffe31003800350032003500,0.61052144
fffe3900320033003800,0.56458014
fffe3200300037003100,0.23618944
fffe31003500350031003400,0.209559
fffe31003600340037003300,0.4016206
fffe32003500320038003200,0.5113616
fffe33003100330030003500,0.26211068
fffe31003300300038003000,0.6263786
fffe380037003100,0.57962984
fffe31003100300031003000,0.006017934
fffe3600300032003800,0.23855981
fffe31003600370039003400,0.44087714
fffe3900370036003200,0.46593395
fffe3600350033003300,0.10355135
fffe31003900300038003600,0.6259503
fffe33003100360039003400,0.7458939
fffe3500350036003900,0.7415957
fffe32003500340038003200,0.7126105
fffe31003700370035003400,0.3098757
fffe32003400300037003600,0.5664776
fffe3600370032003000,0.8862634
fffe31003200300036003300,0.5679925
fffe31003500370039003400,0.6889883
fffe33003200310038003100,0.26420468
fffe32003900380034003900,0.6295678
fffe31003500300036003300,0.38918117
fffe31003700370032003300,0.85368794
fffe3700380036003000,0.3706749
fffe3300330037003600,0.6116715
fffe3400320037003800,0.42116806
fffe31003100390032003000,0.19700149
fffe3700320038003200,0.34838054
fffe3400370035003200,0.5821954
fffe330033003600,0.37734923
fffe31003200300036003200,0.23607084
fffe31003600310039003100,0.47620335
fffe3400370037003300,0.18197857
fffe32003000370032003000,0.54854715
fffe31003000350038003700,0.5338641
fffe31003700300035003000,0.4123596
fffe3300370035003900,0.66551256
fffe32003900330031003300,0.14792931
fffe31003800360032003300,0.40655264
fffe360032003900,0.5908189
fffe33003000340030003700,0.34371325
fffe380036003500,0.5775702
fffe3800390031003800,0.7053691
fffe3200380031003200,0.57605904
fffe31003100330034003300,0.4518323
fffe33003300390039003800,0.22063805
fffe3300340030003400,0.32256776
fffe32003400360030003400,0.46842912
fffe31003800310030003600,0.35586974
fffe31003400390031003900,0.26943538
fffe31003900360030003300,0.15299734
fffe31003700380033003300,0.57520443
fffe32003300320031003400,0.53889424
fffe32003400340036003200,0.6612897
fffe31003500380037003800,0.4724832
fffe31003800320035003500,0.57837534
fffe32003900340037003700,0.6535769
fffe32003900340031003100,0.34280923
fffe3200320030003300,0.43482926
fffe31003800330033003000,0.17224206
fffe3200320036003300,0.32215032
fffe3300370035003400,0.41649127
fffe32003400340038003500,0.4748788
fffe31003900390035003100,0.22512427
fffe3300330032003700,0.33704308
fffe33003000370030003500,0.6045551
fffe32003300300034003400,0.48677954
fffe31003400300030003500,0.4048058
fffe31003900330033003500,0.5053248
fffe33003200300035003000,0.6309664
fffe3500390031003500,0.3868127
fffe3200370034003900,0.46435624
fffe32003400300035003700,0.63850164
fffe32003200370037003500,0.16496733
fffe3200350030003700,0.5585931
fffe31003200380038003600,0.52065444
fffe31003200320033003500,0.23314005
fffe32003800300039003600,0.44301122
fffe31003800380038003500,0.34871176
fffe32003100310034003100,0.05803065
fffe3600380034003700,0.10008925
fffe330032003300,0.6875723
fffe390030003600,0.41991693
fffe32003300350037003900,0.2277645
fffe31003600390034003700,0.55049497
fffe31003900320036003100,0.2718918
fffe31003400310034003500,0.22192365
fffe3600340031003600,0.8089
fffe33003300380031003800,0.39972293
fffe3700350030003800,0.49174094
fffe31003900360039003000,0.25392386
fffe31003700300030003400,0.02790074
fffe32003800360033003300,0.589617
fffe33003300360035003200,0.6892644
fffe3600380035003500,0.03714439
fffe3800350036003900,0.077897385
fffe3700370032003300,0.4827087
fffe32003000320038003900,0.34887406
fffe31003200320033003800,0.3499204
fffe33003300350037003300,0.59133196
fffe3900310039003800,0.33284298
fffe3800360032003900,0.4573967
fffe32003400360038003800,0.18818149
fffe32003200320035003800,0.6425613
fffe3900320036003700,0.3219762
fffe31003800380036003600,0.47725806
fffe32003800330034003300,0.40423727
fffe32003800350034003900,0.14442182
fffe31003700390037003300,0.6083669
fffe3400350038003700,0.5886172
fffe3100340038003800,0.21272832
fffe3800360033003900,0.54089105
fffe32003000350037003900,0.1504109
fffe32003900360038003500,0.19948334
fffe32003100300032003100,0.41851845
fffe31003600330036003700,0.50415444
fffe31003800320030003400,0.51342416
fffe3400390031003900,0.2795738
fffe33003200320030003400,0.47948796
fffe3100350032003100,0.45008647
fffe32003500380031003200,0.56405646
fffe31003600350038003900,0.3459452
fffe32003500380031003400,0.46569574
fffe31003600380039003000,0.56034523
fffe32003700310034003800,0.6386152
fffe31003200360038003700,0.23691577
fffe3300390036003200,0.76576245
fffe32003400310030003600,0.4422254
fffe33003100320036003700,0.3929544
fffe31003300380039003400,0.46764565
fffe31003700360039003100,0.4240878
fffe32003300310036003200,0.43081254
fffe31003500,0.5563947
fffe3600310032003100,0.3383637
fffe32003600380034003500,0.5643758
fffe31003300320031003000,0.57627904
fffe3400310039003200,0.4593306
fffe3900390030003900,0.5983005
fffe33003400350038003800,0.58360934
fffe33003400350032003100,0.9231365
fffe32003700380032003900,0.4812914
fffe32003700330037003100,0.34569037
fffe32003900310034003300,0.4055151
fffe33003100330031003900,0.14533411
fffe31003600360032003200,0.22751707
fffe32003200340031003800,0.59133625
fffe33003100320032003800,0.60278046
fffe31003800380033003900,0.5030341
fffe33003000310037003000,0.54651254
fffe31003200380034003200,0.49679267
fffe32003900300035003100,0.543
fffe37003200,0.47851023
fffe3800320033003400,0.42479312
fffe390039003500,0.60637206
fffe3700350039003400,0.41589448
fffe32003500360032003200,0.48092398
fffe31003200350030003700,0.62632054
fffe31003400390036003200,0.74617237
fffe3300370032003500,0.20795391
fffe32003800330038003900,0.51175344
fffe31003700380038003800,0.2247019
fffe33003200380039003800,0.2134949
fffe3800390033003500,0.40551463
fffe3900380037003200,0.5949763
fffe32003300360031003500,0.27473304
fffe32003100310037003300,0.34048304
fffe3200330037003100,0.28351748
fffe32003700320030003500,0.53824544
fffe3500320038003900,0.44104117
fffe32003600310032003600,0.19523607
fffe32003800330030003500,0.3266422
fffe31003400330034003600,0.24529226
fffe3600310032003600,0.42197305
fffe32003000320038003700,0.538776
fffe31003900320033003700,0.38437837
fffe370032003400,0.27431738
fffe3700350032003300,0.61372715
fffe31003500380039003500,0.2589359
fffe31003800320039003100,0.43923634
fffe3900340035003800,0.29506686
fffe32003700390033003600,0.23726021
fffe32003900370034003800,0.38929725
fffe32003100330039003600,0.24816452
fffe32003700360037003400,0.3503668
fffe32003800390037003100,0.62492895
fffe33003100300030003500,0.46467197
fffe32003400340039003800,0.66018194
fffe32003700390036003100,0.12115333
fffe3400390039003800,0.56818634
fffe360038003400,0.46497896
fffe33003400370033003100,0.39459527
fffe3700340030003300,0.601918
fffe3900360032003000,0.5926223
fffe31003600370037003300,0.0946701
fffe3600380035003700,0.3581897
fffe31003200380035003500,0.5705714
fffe33003300340031003200,0.52611256
fffe360037003700,0.6971847
fffe31003000390038003700,0.2504963
fffe33003400350036003500,0.6929478
fffe31003500330035003200,0.50999916
fffe32003600360036003600,0.7416348
fffe31003500340037003200,0.4290844
fffe3500370030003500,0.35639954
fffe33003100380037003700,0.39132157
fffe3700300038003100,0.72998214
fffe32003400370039003000,0.18821551
fffe32003800300031003400,0.43025434
fffe3600330035003700,0.48745936
fffe33003000390032003700,0.39965606
fffe32003100390037003900,0.63317645
fffe32003600340033003000,0.2734003
fffe32003600300031003800,0.6019156
fffe31003400360035003800,0.22480659
fffe32003000340033003300,0.5443378
fffe31003200370035003200,0.39450997
fffe32003800350039003800,0.20630535
fffe3900370039003900,0.42381546
fffe32003500370039003400,0.58942425
fffe32003100310033003300,0.275747
fffe32003700370034003800,0.51347107
fffe31003700370037003400,0.47612426
fffe3600340032003100,0.32985932
fffe33003400380039003500,0.73208874
fffe32003600310034003200,0.21679509
fffe3400370034003200,0.5808985
fffe31003900320032003300,0.40795714
fffe33003200310031003100,0.15596238
fffe33003300300034003700,0.408131
fffe33003000350031003200,0.24519156
fffe33003100380037003500,0.37543547
fffe32003800310037003700,0.4957541
fffe3200330038003900,0.5347994
fffe33003000320038003800,0.6604997
fffe3400310032003900,0.11539653
fffe3500380033003600,0.47190893
fffe31003800380036003100,0.27884558
fffe33003400360030003900,0.36729574
fffe31003200310033003900,0.7701755
fffe3400390032003400,0.4075508
fffe32003100330035003600,0.06083599
fffe3700380038003600,0.36884066
fffe3300360033003700,0.65893495
fffe32003200350031003800,0.3016679
fffe32003900360038003300,0.42732105
fffe31003900390031003700,0.37785605
fffe33003300350031003900,0.5004644
fffe32003100350031003900,0.5847888
fffe32003900340031003900,0.6486412
fffe32003600380038003700,0.25638288
fffe31003000360039003700,0.3832974
fffe31003500350039003700,0.6649644
fffe3100320035003000,0.3210249
fffe31003200390030003400,0.5647003
fffe33003400300033003800,0.44487143
fffe330035003000,0.4812481
fffe31003100360031003900,0.39233148
fffe31003200330035003900,0.35706517
fffe3300310038003600,0.47259283
fffe31003100380037003700,0.42611548
fffe31003900380030003300,0.58298916
fffe31003800370031003400,0.29475033
fffe32003700360036003400,0.58309805
fffe3100390037003900,0.53552383
fffe32003900310039003200,0.7632659
fffe3700300037003200,0.35113248
fffe31003600360032003500,0.19331205
fffe3700330031003900,0.3956598
fffe32003400380034003800,0.28270337
fffe32003700360031003300,0.56775147
fffe33003100300039003900,0.5775056
fffe3800330037003800,0.5854003
fffe33003300310033003400,0.362399
fffe3100370037003200,0.35867086
fffe3900300039003000,0.21507171
fffe31003200330035003200,0.5669244
fffe3700320036003300,0.6094737
fffe3900330035003300,0.16031054
fffe3600320034003300,0.5543181
fffe31003100390038003400,0.3897295
fffe32003900310033003100,0.5683295
fffe3900330038003100,0.5342367
fffe31003700390036003100,0.58850783
fffe32003500370030003200,0.5581935
fffe31003400320035003500,0.43605193
fffe33003100320037003000,0.22187588
fffe32003900300036003600,0.7504612
fffe32003200370035003800,0.16253252
fffe3900370033003300,0.2420836
fffe31003000360030003600,0.44271645
fffe32003800300031003500,0.64626956
fffe32003400390034003600,0.2864029
fffe33003100360039003100,0.62993574
fffe3500350037003600,0.8021246
fffe390038003700,0.1509121
fffe3800390034003100,0.6004348
fffe32003900310039003400,0.4065203
fffe3300390030003500,0.18445757
fffe31003100310031003400,0.28091514
fffe3900330038003700,0.38505104
fffe3800370038003800,0.41860455
fffe33003200350033003300,0.42878687
fffe32003100360037003900,0.45357618
fffe31003500330034003100,0.52118677
fffe31003600360034003900,0.53089464
fffe31003400350037003400,0.42602482
fffe33003400350037003100,0.84971774
fffe32003000390039003100,0.37842616
fffe31003700390033003800,0.80917066
fffe32003900300030003600,0.61100644
fffe3900380039003700,0.52577305
fffe33003100340038003600,0.36132416
fffe32003300300030003700,0.24797562
fffe32003500330037003400,0.56666034
fffe3500350035003500,0.832388
fffe3800370034003100,0.19873714
fffe32003600370032003800,0.53472555
fffe31003300350034003400,0.4268142
fffe32003600340035003600,0.41086107
fffe31003100380037003500,0.23914656
fffe31003100370032003800,0.20297758
fffe3500390035003700,0.60893977
fffe3900320035003100,0.45765868
fffe32003800350039003100,0.65843767
fffe31003400380033003200,0.3138522
fffe31003900330032003500,0.5388112
fffe32003100340034003300,0.78872234
fffe31003800320033003700,0.70776975
fffe32003100360035003700,0.9237147
fffe3100340038003700,0.39699435
fffe31003400320035003700,0.33218926
fffe31003700380034003800,0.6739389
fffe3900350038003600,0.70627815
fffe3700330034003000,0.8121572
fffe31003100380032003900,0.40232098
fffe3600310032003900,0.5109999
fffe370039003600,0.5408376
fffe31003200380035003700,0.2296689
fffe3900380030003700,0.40230748
fffe32003800350033003600,0.46775413
fffe33003400390034003500,0.76185083
fffe31003200390037003300,0.19674447
fffe3800320036003200,0.40523964
fffe3500360032003200,0.5514007
fffe31003900320036003300,0.006779669
fffe33003000380039003000,0.31847963
fffe33003300310033003800,0.38482088
fffe31003200320031003600,0.759993
fffe31003100390036003400,0.23378228
fffe31003300300035003500,0.3172429
fffe31003000330030003400,0.46037832
fffe3500340030003600,0.6137731
fffe31003400340039003300,0.3998532
fffe32003500370034003200,0.5882616
fffe32003600320036003900,0.3415856
fffe3500300038003400,0.11452492
fffe3700370034003800,0.4107314
fffe32003700380031003500,0.19471118
fffe3500300030003200,0.27251947
fffe340037003900,0.51511794
fffe3600320038003700,0.41391522
fffe32003100390036003100,0.32848883
fffe31003500360032003200,0.093183
fffe33003000310039003800,0.76852155
fffe32003900360037003800,0.37510806
fffe31003600390039003100,0.7051271
fffe31003900330034003400,0.5113069
fffe32003000330039003700,0.36771616
fffe31003300330032003500,0.27423915
fffe33003100350038003400,0.25854972
fffe32003800320036003900,0.6112532
fffe31003700330033003600,0.39620644
fffe32003900340034003300,0.51413226
fffe3700320032003600,0.39910182
fffe3300310034003400,0.39956194
fffe33003100380034003000,0.1597735
fffe31003100350036003300,0.20843
fffe31003400350034003400,0.5865242
fffe3900300032003400,0.5569734
fffe32003500310037003800,0.08996945
fffe32003600350031003700,0.48827463
fffe32003500370030003000,0.43857285
fffe32003100350032003600,0.21770212
fffe31003000390037003100,0.41587
fffe32003700340031003900,0.20216838
fffe3100350034003100,0.45238692
fffe3400360030003500,0.49960256
fffe33003000360036003900,0.25758007
fffe33003200300036003900,0.41734624
fffe32003100350031003200,0.7643889
fffe31003100380038003100,0.42991227
fffe350036003500,0.2922607
fffe3700330038003200,0.25558275
fffe33003400360031003000,0.407508
fffe32003900300035003300,0.46318245
fffe33003300390038003500,0.017613685
fffe31003900390037003100,0.1878794
fffe31003300390031003000,0.4597833
fffe32003200340038003800,0.58520055
fffe31003600330030003600,0.49663076
fffe31003400380035003300,0.32022628
fffe33003300360031003700,0.7224542
fffe3200370038003900,0.66753274
fffe31003600340031003200,0.095437504
fffe3700380035003700,0.61495167
fffe3900300036003000,0.5332089
fffe31003100340033003700,0.5994503
fffe31003900310035003100,0.3133651
fffe32003900380032003400,0.62819767
fffe3600310031003400,0.85131615
fffe31003900380031003600,0.41893277
fffe3400320038003300,0.53077316
fffe3100310030003000,0.18816642
fffe370031003700,0.65055144
fffe31003600350035003800,0.656852
fffe33003300360036003400,0.46200684
fffe3200390035003500,0.20445043
fffe32003900370035003100,0.49052972
fffe31003900390038003100,0.6791032
fffe31003000340034003500,0.45141736
fffe32003800350035003900,0.23385273
fffe32003700360034003400,0.23496287
fffe32003400380033003700,0.3097059
fffe31003100310039003900,0.5966168
fffe33003200350038003700,0.40938863
fffe31003800330030003500,0.2956688
fffe32003100390033003300,0.37525162
fffe31003700310030003600,0.39102873
fffe3700350038003000,0.5172465
fffe3100380036003900,0.24081357
fffe32003700360032003400,0.34114322
fffe3700350033003200,0.33086777
fffe32003500330039003300,0.5743905
fffe31003900300036003000,0.5307564
fffe3900300034003500,0.08121313
fffe3100310036003400,0.3373655
fffe31003100320039003600,0.47809634
fffe3900370032003300,0.46441847
fffe31003600370036003800,0.49863234
fffe33003100360031003700,0.47907007
fffe32003300340034003200,0.8400133
fffe33003400330031003400,0.09635942
fffe32003300310036003100,0.3768578
fffe3800340038003100,0.41258907
fffe32003600390037003300,0.5128391
fffe33003200330032003900,0.40417615
fffe3300360036003500,0.7652447
fffe3300300030003100,0.18844002
fffe3800300035003700,0.42134702
fffe31003800340034003000,0.13322435
fffe3800390035003600,0.45034564
fffe3300390037003600,0.62418383
fffe3600320031003300,0.80987275
fffe31003600380035003000,0.4512161
fffe31003700300036003300,0.7811235
fffe3800320038003800,0.70973617
fffe32003900350032003200,0.50264674
fffe3400330034003500,0.5381167
fffe32003000340039003400,0.60786366
fffe3600360039003000,0.42271447
fffe32003900330034003100,0.41728172
fffe3600330036003800,0.39125666
fffe31003800330031003900,0.6981165
fffe31003100390038003200,0.29344988
fffe33003000360037003800,0.572532
fffe32003200300030003900,0.59929264
fffe32003200300033003400,0.084536575
fffe32003500390037003100,0.44901478
fffe32003500390038003200,0.40516627
fffe33003200300037003900,0.41310373
fffe32003800380038003400,0.06165441
fffe3300320039003700,0.6474236
fffe32003600380038003000,0.5686654
fffe31003200340031003800,0.43543208
fffe32003700360031003000,0.31106097
fffe33003300370039003700,0.62535375
fffe32003600340038003100,0.1769943
fffe32003200350038003600,0.5974716
fffe32003600320039003800,0.649562
fffe3300390031003200,0.4219401
fffe32003600300038003100,0.14827868
fffe31003900310035003400,0.56157774
fffe33003000340039003800,0.6970727
fffe3100350034003500,0.25526032
fffe3100330031003700,0.17853397
fffe32003300300037003000,0.7511527
fffe3700380037003100,0.45092425
fffe33003400360039003200,0.5667914
fffe33003400320036003500,0.44741452
fffe32003900320037003700,0.62785405
fffe32003400310034003800,0.5678225
fffe32003500320030003000,0.21938017
fffe31003400370034003200,0.2730525
fffe32003800390035003800,0.5503519
fffe31003000330031003800,0.4216113
fffe31003400350036003100,0.4955645
fffe33003100330034003300,0.41638875
fffe32003800310030003400,0.5655679
fffe31003100300037003800,0.42220408
fffe3300310033003400,0.61373883
fffe3500360030003000,0.7666455
fffe33003100300032003100,0.2614504
fffe3800390036003800,0.2839846
fffe31003800300034003000,0.4239338
fffe31003600330030003800,0.31299838
fffe31003600300036003400,0.48021936
fffe32003800340031003800,0.24061684
fffe3600360037003500,0.49093333
fffe31003300330032003000,0.29577166
fffe32003200320034003500,0.64870477
fffe3400320035003300,0.6841832
fffe33003200370031003900,0.571548
fffe3400340038003500,0.4180437
fffe32003200330032003300,0.2898074
fffe3300380033003400,0.16727766
fffe31003100300035003400,0.3485615
fffe32003600370035003400,0.66989315
fffe32003400310039003700,0.3765161
fffe3600340032003300,0.54403704
fffe33003400380030003200,0.23875232
fffe32003000350037003400,0.71567774
fffe33003000310037003600,0.6750823
fffe33003400330033003900,0.37835494
fffe32003900370031003900,0.5926933
fffe3700300037003900,0.9204554
fffe31003700390034003600,0.35740814
fffe3300340036003600,0.58772004
fffe32003700390035003000,0.42944863
fffe32003300330039003500,0.30439064
fffe3300330030003200,0.61184657
fffe31003400360033003600,0.37384102
fffe33003200390031003600,0.64531636
fffe32003500320037003400,0.39990208
fffe31003600330037003400,0.53072774
fffe3300370033003900,0.41105157
fffe32003500310034003600,0.5534247
fffe33003200330038003700,0.23850676
fffe3200350030003100,0.3228737
fffe3100340032003400,0.3927229
fffe32003900370035003700,0.018684858
fffe3500310039003200,0.4041074
fffe31003100380031003700,0.48786688
fffe31003400320037003700,0.5030504
fffe33003300330030003200,0.55903393
fffe3200330035003800,0.47916308
fffe32003800300039003200,0.038158964
fffe32003100380034003700,0.5772799
fffe32003500310031003600,0.5940504
fffe3800330036003300,0.46058264
fffe3300320032003300,0.57752305
fffe3100390036003800,0.6007691
fffe33003200310031003900,0.23354936
fffe31003600340030003400,0.4747737
fffe33003400380034003400,0.5760313
fffe3600340035003700,0.5402608
fffe31003600330031003000,0.29758888
fffe330036003100,0.5284706
fffe31003100340034003300,0.45341474
fffe3200320038003200,0.21413836
fffe3400380037003600,0.45465574
fffe32003500300033003500,0.23691513
fffe31003300300038003300,0.5433798
fffe31003100360033003800,0.40664685
fffe3100320039003400,0.56432414
fffe3800330035003500,0.33727595
fffe32003900340032003300,0.30962026
fffe3200320030003500,0.42219132
fffe31003400330037003900,0.71894866
fffe33003300310030003800,0.24307235
fffe32003900320034003600,0.025915232
fffe3800330038003200,0.3895067
fffe32003000340036003400,0.40889466
fffe3800340031003400,0.38779926
fffe3700310032003900,0.111396335
fffe32003600370032003000,0.33254284
fffe3700360037003800,0.3845107
fffe340034003000,0.4597775
fffe3900320034003000,0.21088418
fffe3300350033003500,0.31839842
fffe3600370035003300,0.1880826
fffe31003400300032003500,0.39258936
fffe32003300330033003400,0.27772236
fffe3700310036003300,0.5796837
fffe33003000370036003900,0.42067924
fffe3600350038003100,0.36331397
fffe32003100370030003300,0.4785652
fffe33003000360031003700,0.3887383
fffe32003700390035003900,0.8310465
fffe33003100340036003100,0.39563206
fffe31003900320033003500,0.58106524
fffe31003600380039003800,0.26230502
fffe32003400380039003700,0.24704996
fffe32003200360036003300,0.5630997
fffe33003400300035003900,0.5894646
fffe33003000370035003900,0.23837017
fffe3400350031003600,0.24637218
fffe3900380034003200,0.5774661
fffe31003300340033003500,0.56631184
fffe31003000330034003300,0.5799523
fffe33003300330037003600,0.6801711
fffe33003100330039003700,0.16042773
fffe3900370032003700,0.18397875
fffe31003900320039003900,0.92064637
fffe32003300350031003800,0.8849219
fffe32003200360037003500,0.4056154
fffe31003900320037003800,0.6337233
fffe31003400300030003900,0.33797872
fffe32003700350035003400,0.4978562
fffe31003800390038003700,0.69183767
fffe32003900370034003600,0.5386175
fffe31003000340033003000,0.5918546
fffe31003900310038003100,0.3640769
fffe31003300320033003700,0.4106765
fffe31003600360039003500,0.19863781
fffe32003800310032003300,0.4061201
fffe31003500380037003300,0.27542338
fffe33003400300037003500,0.57118607
fffe3600330037003800,0.40349647
fffe31003000350038003500,0.28761578
fffe32003000310031003300,0.6515736
fffe3300380034003700,0.56215787
fffe31003500330030003500,0.45948645
fffe32003600310030003600,0.5256569
fffe33003000310035003300,0.35803273
fffe32003600370032003900,0.51580226
fffe31003000340030003200,0.58850956
fffe31003400350032003100,0.3431533
fffe31003700330031003100,0.37350947
fffe31003900390033003500,0.8294149
fffe3700330033003800,0.32590413
fffe3800360033003100,0.21489985
fffe31003600350030003600,0.3177628
fffe32003700360030003500,0.747315
fffe31003200340037003300,0.5794041
fffe33003300350038003200,0.37435356
fffe33003100360030003700,0.2325071
fffe3300310030003300,0.4018415
fffe31003200340039003200,0.8219019
fffe32003900350036003700,0.44123384
fffe32003200340039003400,0.48912925
fffe32003700300030003100,0.5335871
fffe3300390037003800,0.29902464
fffe31003800340034003300,0.5684224
fffe3900300033003300,0.61408323
fffe33003000330038003700,0.630741
fffe31003700350037003100,0.36097494
fffe370038003000,0.32497507
fffe3800350030003200,0.059848044
fffe33003200320038003300,0.5215964
fffe31003000390038003400,0.5846677
fffe31003000320037003000,0.51650935
fffe3600350038003500,0.22558497
fffe3200370037003000,0.75731266
fffe31003400330035003700,0.1001598
fffe31003200300035003600,0.7669682
fffe31003400380032003700,0.1052256
fffe32003800390031003200,0.8295892
fffe32003600330038003800,0.5152707
fffe32003000310038003700,0.7774487
fffe31003500380038003900,0.017372863
fffe31003400360039003800,0.43640307
fffe33003200360034003800,0.64268804
fffe32003700300036003000,0.40759072
fffe32003600360035003700,0.58561975
fffe3900350030003900,0.6360664
fffe31003700390034003400,0.41559103
fffe31003500310039003900,0.7941287
fffe31003200350036003800,0.5953842
fffe3900310031003200,0.3053077
fffe310035003100,0.92352635
fffe32003900360032003400,0.72687376
fffe33003100330032003600,0.40957233
fffe3200340034003700,0.5044111
fffe32003600340039003200,0.3837428
fffe32003000300032003200,0.30826077
fffe31003100320030003400,0.61487657
fffe32003700320030003100,0.58150387
fffe32003700340031003100,0.19552436
fffe3300390036003700,0.5483659
fffe31003000330030003700,0.82975084
fffe33003000370038003200,0.3879023
fffe31003200320030003000,0.7280577
fffe32003800390036003500,0.17317536
fffe31003600340039003200,0.13126552
fffe33003000370036003500,0.45975515
fffe31003100330039003600,0.25179654
fffe31003600380038003100,0.29420564
fffe31003900330031003300,0.47140625
fffe32003300310036003600,0.5226318
fffe33003200390030003500,0.42047265
fffe3400360030003000,0.45169458
fffe31003200330038003600,0.47207266
fffe31003200390037003500,0.38772523
fffe32003600360032003200,0.37498575
fffe32003100300038003200,0.42766562
fffe3200300031003600,0.4119525
fffe3300350032003800,0.36979583
fffe31003900390032003000,0.5136447
fffe33003200370039003900,0.47665486
fffe32003600380038003100,0.52218455
fffe32003700320038003700,0.4658041
fffe33003300350033003600,0.41876355
fffe31003200300038003300,0.24446015
fffe32003000310033003700,0.5322344
fffe32003900380035003000,0.4061666
fffe31003900380033003600,0.1479881
fffe32003000370034003300,0.57305753
fffe33003300350031003600,0.14020328
fffe31003200330031003200,0.31344965
fffe320038003800,0.91618794
fffe31003100300037003100,0.7743693
fffe31003500330035003600,0.3235241
fffe3500360035003600,0.5569631
fffe31003500320033003100,0.16147621
fffe31003500380033003800,0.62699616
fffe33003000390030003700,0.14291169
fffe32003700340032003400,0.6549983
fffe3800310034003800,0.58575815
fffe31003600360036003000,0.15673284
fffe3200330032003100,0.75890815
fffe3100320030003600,0.17404969
fffe3800340038003000,0.114051364
fffe3400320037003400,0.40608916
fffe3700370038003800,0.5963316
fffe32003900390033003900,0.55922973
fffe3900380031003700,0.6034288
fffe33003100390032003300,0.40982354
fffe31003100340035003100,0.20716381
fffe31003600300034003700,0.38501266
fffe32003400380034003500,0.45619375
fffe31003000360036003700,0.43833634
fffe3600340037003700,0.5792436
fffe3500310030003000,0.27609792
fffe31003600300037003700,0.2648307
fffe31003000350038003300,0.08793065
fffe32003600370031003900,0.8370122
fffe32003600390034003200,0.2011584
fffe32003900320034003100,0.30898944
fffe32003600360030003200,0.32105368
fffe3100380030003800,0.25321272
fffe31003400310033003200,0.58857125
fffe32003700320035003700,0.486502
fffe390030003500,0.7357805
fffe3300300038003300,0.57922876
fffe33003300310037003000,0.43996978
fffe32003000320031003100,0.33028403
fffe33003400390032003700,0.4721794
fffe33003300340039003300,0.64642066
fffe32003300330035003300,0.76682913
fffe32003200300036003600,0.46315637
fffe31003200340032003000,0.37278372
fffe32003000350034003900,0.3901176
fffe31003900330035003600,0.3489428
fffe32003700370032003100,0.46793523
fffe3900390037003800,0.23971318
fffe350033003900,0.92483747
fffe31003700380039003900,0.8089238
fffe3500310037003200,0.5833309
fffe32003100350034003500,0.41959974
fffe3100350030003500,0.2816478
fffe32003500340035003700,0.15819871
fffe32003100390039003300,0.25336292
fffe32003100360032003700,0.597961
fffe31003900370034003500,0.3854365
fffe32003900340031003500,0.14615664
fffe31003400340035003600,0.3868571
fffe33003000350037003200,0.8592095
fffe31003200350034003900,0.012351748
fffe32003400300030003100,0.5928157
fffe33003100330033003700,0.06988922
fffe3800340035003700,0.18299496
fffe32003900330038003800,0.2624928
fffe33003100300037003000,0.4327386
fffe32003600340036003600,0.30062085
fffe32003500320038003700,0.35419828
fffe31003500320038003100,0.56803805
fffe32003700310038003700,0.47600538
fffe31003700330035003600,0.38914338
fffe31003000320031003200,0.49134046
fffe31003100330034003800,0.5664237
fffe31003400350032003700,0.35312358
fffe31003900350038003600,0.40468782
fffe33003000330033003600,0.23447444
fffe32003200310035003900,0.9223496
fffe31003800320036003300,0.69926417
fffe32003700390031003200,0.60351294
fffe3900360031003000,0.23893693
fffe32003900340039003000,0.32578534
fffe33003200350031003100,0.4164375
fffe33003100380031003000,0.5249013
fffe32003900340035003700,0.6283482
fffe32003600340035003100,0.5124658
fffe31003500350031003700,0.89310133
fffe31003100330035003800,0.82997537
fffe32003700370037003700,0.41031143
fffe32003500390036003800,0.37838218
fffe3700380037003600,0.46044207
fffe3500340038003900,0.5539296
fffe3700360038003800,0.75060123
fffe31003000310038003300,0.4428393
fffe31003100370035003200,0.35603562
fffe32003100300039003100,0.55657715
fffe33003200370033003800,0.5397571
fffe3500320038003600,0.288147
fffe3100330034003100,0.41727155
fffe3500370037003400,0.4003543
fffe31003400340033003500,0.42344615
fffe31003300360035003900,0.38867125
fffe31003100340036003600,0.5178269
fffe33003300370035003500,0.6424737
fffe3500310033003900,0.27433917
fffe33003100300032003800,0.5062055
fffe31003700330031003900,0.19494216
fffe31003700360032003300,0.5616244
fffe33003400320039003000,0.63176924
fffe32003000320034003600,0.45335332
fffe3600340038003200,0.35225344
fffe33003100350030003300,0.4699299
fffe32003900370031003100,0.91149074
fffe36003300,0.55155456
fffe32003300360032003000,0.3377734
fffe31003600320032003200,0.3244925
fffe33003100360031003000,0.46240014
fffe32003000310033003100,0.47624722
fffe3300300034003900,0.2798145
fffe32003400300038003700,0.62069315
fffe3400300034003900,0.69333035
fffe350033003400,0.70944744
fffe31003400360032003000,0.6206319
fffe32003700310030003700,0.40579098
fffe32003600310035003800,0.35604423
fffe32003200340038003900,0.31728193
fffe3600300035003400,0.25118807
fffe31003200340035003800,0.38045576
fffe33003100330030003600,0.6167115
fffe3400340031003400,0.3678374
fffe31003500330037003900,0.5700427
fffe31003700370038003700,0.4233628
fffe32003200350030003200,0.6092085
fffe31003000360033003400,0.43999457
fffe33003200380039003600,0.5925443
fffe31003800350035003800,0.30429983
fffe32003000320033003000,0.59637696
fffe320036003300,0.32691517
fffe32003800340034003700,0.76046324
fffe31003400370034003500,0.8876039
fffe3700380039003200,0.37897533
fffe3400300037003100,0.3098305
fffe390039003200,0.7602594
fffe3300340038003400,0.17746481
fffe3100390039003200,0.6066887
fffe32003400350033003400,0.3569814
fffe32003300380033003600,0.28091422
fffe32003900380033003900,0.36647996
fffe32003600350031003400,0.31946227
fffe33003300310039003600,0.61939466
fffe3200310037003800,0.63147587
fffe33003300370032003100,0.5878579
fffe3800370032003100,0.4624859
fffe3200340035003800,0.53015786
fffe31003000340035003800,0.31169647
fffe3900310036003600,0.43702748
fffe31003600350034003600,0.38852146
fffe33003000310033003500,0.7140168
fffe31003500310034003500,0.45106873
fffe3500320036003300,0.3424771
fffe33003200390034003700,0.20037566
fffe3500380039003500,0.1237857
fffe33003000340032003800,0.10609011
fffe32003400340038003300,0.22269355
fffe31003500340035003400,0.6109423
fffe31003900320037003700,0.45982158
fffe33003100320031003400,0.30974555
fffe31003300390031003900,0.50187415
fffe31003800350036003100,0.71932983
fffe3500360037003900,0.75365704
fffe31003000370032003100,0.53968215
fffe3700370032003700,0.27310544
fffe32003300390033003700,0.4514832
fffe33003300330031003900,0.63175666
fffe32003100330037003100,0.23017
fffe32003600310037003200,0.5963203
fffe3900380035003100,0.43069097
fffe32003000390033003800,0.2602868
fffe31003300320034003700,0.01678624
fffe32003500320039003000,0.43166703
fffe31003400380038003900,0.4120635
fffe32003500300031003300,0.41333005
fffe31003900340036003800,0.33896333
fffe3300310035003900,0.25456887
fffe31003200340032003100,0.57272774
fffe3100380030003500,0.665374
fffe31003800310035003000,0.53897667
fffe31003000390031003300,0.41563413
fffe3600380036003500,0.5403915
fffe32003300320033003200,0.3564044
fffe31003700340038003300,0.5565781
fffe3600340032003400,0.36635932
fffe31003600360039003300,0.45019373
fffe3500320035003200,0.4339806
fffe33003400380036003800,0.48089945
fffe33003300390034003600,0.5565184
fffe32003500330032003500,0.56707555
fffe32003800310037003500,0.5417278
fffe32003800390036003300,0.49166042
fffe3700310037003600,0.62213475
fffe31003100380030003300,0.5254816
fffe32003800310038003200,0.16697584
fffe3400330030003600,0.3329506
fffe32003600300033003900,0.4374503
fffe3700300033003800,0.3502989
fffe31003900360035003600,0.5722089
fffe31003000390034003600,0.7244698
fffe32003100320038003800,0.6008825
fffe31003900380031003700,0.7446211
fffe32003200380031003900,0.5485555
fffe3100370035003000,0.30443785
fffe32003200320036003900,0.5831788
fffe3800330038003500,0.58368725
fffe3600330034003400,0.91485137
fffe3400320033003400,0.38850397
fffe33003400340033003700,0.07784043
fffe32003900380030003700,0.38699195
fffe3200370039003100,0.23822413
fffe32003300390032003000,0.4612304
fffe330038003100,0.35576552
fffe3900330033003200,0.37319586
fffe32003100390038003200,0.7220637
fffe340032003800,0.39468274
fffe32003100320034003600,0.5068954
fffe31003400340039003600,0.2578334
fffe31003600360035003100,0.314225
fffe3400330031003000,0.37394017
fffe31003700390035003500,0.4612864
fffe3300360039003300,0.6445413
fffe32003300340039003600,0.45559692
fffe33003100300030003000,0.4924891
fffe32003800330031003900,0.6390074
fffe31003300320032003900,0.531133
fffe3600380034003600,0.38922745
fffe33003100310037003700,0.21016553
fffe3400300032003800,0.5465568
fffe3600320035003300,0.3692128
fffe32003100380032003900,0.42420867
fffe31003500380039003300,0.5613894
fffe33003200370034003600,0.89971185
fffe370037003600,0.6340657
fffe32003700310039003900,0.5122175
fffe33003400310037003600,0.7088342
fffe32003800300033003500,0.092235476
fffe3200320032003400,0.5577667
fffe31003900370038003400,0.6019311
fffe31003600330033003200,0.40048054
fffe3300320033003400,0.5487155
fffe3800320033003900,0.29593962
fffe33003300370033003800,0.3710895
fffe33003100310030003000,0.6448796
fffe32003200330032003600,0.8771814
fffe31003200370038003600,0.49635032
fffe3100370036003000,0.3733498
fffe3100390032003500,0.6153813
fffe31003200360036003400,0.40462714
fffe3800300038003500,0.34083375
fffe32003600330036003700,0.3417618
fffe31003500330032003600,0.06227183
fffe32003000350032003400,0.7445714
fffe33003300310035003700,0.2874993
fffe31003200330036003800,0.4408928
fffe31003800310039003000,0.6365491
fffe31003700380030003800,0.5222243
fffe31003100320036003600,0.47420064
fffe3500310032003600,0.17030145
fffe3200330039003700,0.23991995
fffe3100330034003700,0.5311857
fffe3600310035003000,0.8087305
fffe31003400390039003000,0.7723404
fffe31003900390038003200,0.23427348
fffe31003200320033003100,0.22401778
fffe33003100380038003300,0.2747949
fffe3300390039003600,0.56129205
fffe32003600340030003000,0.40781072
fffe32003900330034003800,0.30327356
fffe31003800370036003900,0.39906842
fffe32003600360032003900,0.38798043
fffe33003400330039003700,0.5591543
fffe32003800360036003400,0.3359897
fffe3800310036003200,0.3781616
fffe3500300035003800,0.5987182
fffe33003300330035003300,0.17618313
fffe3300370031003100,0.17202784
fffe32003600340036003800,0.062915415
fffe32003000350030003100,0.39667812
fffe32003600390039003000,0.45972517
fffe3500320037003700,0.58616287
fffe33003400310035003700,0.4084879
fffe32003200300032003500,0.33432382
fffe32003900340032003400,0.51356316
fffe33003200360036003800,0.5511092
fffe31003000360039003800,0.46578458
fffe31003000340036003600,0.62395275
fffe3400380030003900,0.92180854
fffe380035003200,0.403893
fffe3900340035003600,0.44674844
fffe32003100360038003300,0.66366136
fffe3400330033003300,0.30980456
fffe3100350039003500,0.64175606
fffe3800300030003500,0.4655228
fffe32003600320032003800,0.35937208
fffe3400330035003700,0.44108823
fffe33003000370034003500,0.23532411
fffe31003100340035003300,0.16460615
fffe32003800350038003000,0.36927575
fffe32003000330032003300,0.6758993
fffe32003600370030003200,0.27123913
fffe31003300310032003400,0.43775585
fffe31003700340030003500,0.62428737
fffe31003200390034003200,0.38228184
fffe390037003700,0.3568506
fffe31003400360033003500,0.22054952
fffe31003200310032003300,0.4058807
fffe32003400320032003900,0.56092364
fffe3700310038003700,0.26321995
fffe33003300360037003300,0.011926667
fffe32003600350031003000,0.6493714
fffe31003500380032003200,0.17726389
fffe32003000300036003000,0.43874198
fffe3200340031003900,0.4618642
fffe32003200310032003600,0.6897788
fffe3600340037003000,0.50935066
fffe31003300320038003900,0.29004666
fffe33003300300032003000,0.6123847
fffe390032003100,0.47489646
fffe3400370035003400,0.2389189
fffe3900360036003600,0.81871265
fffe31003900360037003600,0.27203402
fffe3500300036003100,0.54209924
fffe3500360030003300,0.5103781
fffe32003100300038003100,0.42205968
fffe32003300310032003900,0.40886572
fffe33003000320031003000,0.5595703
fffe31003400390032003300,0.5606739
fffe380036003700,0.55426145
fffe31003300370031003300,0.4979749
fffe3100330036003700,0.27340528
fffe3600340033003800,0.322426
fffe32003300340035003100,0.21209872
fffe32003100380038003700,0.5474767
fffe32003000380034003100,0.37564614
fffe3600300034003100,0.73784214
fffe31003500340036003900,0.60202205
fffe32003700390036003300,0.34970248
fffe31003400320030003800,0.62755847
fffe31003000340030003800,0.63680696
fffe3300330032003200,0.5993607
fffe3700380036003800,0.5444332
fffe33003300320039003200,0.3041694
fffe33003300300039003400,0.4587694
fffe33003200340039003000,0.5801215
fffe32003800330033003100,0.6058515
fffe31003300360037003000,0.61928475
fffe31003300360032003700,0.5995242
fffe3600380035003800,0.74560857
fffe33003400360036003000,0.15344822
fffe32003800390030003800,0.39288864
fffe3900330037003300,0.443848
fffe32003600370035003500,0.63312
fffe33003200360034003900,0.32075736
fffe31003200340032003400,0.59890676
fffe3300360038003000,0.39392582
fffe31003100300033003900,0.5513096
fffe3100390039003400,0.35793
fffe32003000350037003700,0.10877161
fffe31003500310031003600,0.2564275
fffe33003300310036003000,0.60470736
fffe31003300330033003900,0.7683881
fffe31003700340038003200,0.7954721
fffe3500350033003500,0.4112886
fffe3200390039003800,0.22343831
fffe3400380033003500,0.4394506
fffe3800370038003500,0.3983755
fffe32003700340039003100,0.41539112
fffe3500310033003400,0.5568234
fffe32003900380031003800,0.7081614
fffe33003300360031003400,0.7666383
fffe3500310031003500,0.23471303
fffe3200330030003400,0.21753794
fffe33003000350038003700,0.7035722
fffe3800350030003100,0.38903138
fffe390034003900,0.4644175
fffe32003500350035003200,0.52172726
fffe33003300370037003700,0.77027863
fffe3200370030003200,0.06660217
fffe33003300300030003100,0.4480008
fffe31003300340034003000,0.3524084
fffe32003800360032003300,0.3369424
fffe33003200330035003900,0.589728
fffe32003400300037003100,0.7873094
fffe32003500310034003500,0.6474859
fffe31003600320039003300,0.44209346
fffe33003000350036003500,0.6211129
fffe32003400320030003400,0.44117314
fffe33003200340039003900,0.025430258
fffe3700310035003800,0.5028394
fffe31003400,0.19488436
fffe31003800340036003600,0.2413393
fffe32003500390035003700,0.16067423
fffe32003200340037003900,0.2355426
fffe32003300310037003100,0.2789409
fffe32003800340030003400,0.5297258
fffe33003300340034003200,0.3846301
fffe3900380035003000,0.21889156
fffe3400380033003200,0.626577
fffe31003000320038003100,0.5532673
fffe33003400370031003800,0.005918231
fffe32003500320034003800,0.53075165
fffe3700360033003200,0.3991366
fffe32003000380031003300,0.6454943
fffe31003900380034003800,0.4164818
fffe32003500320038003500,0.56040514
fffe34003700,0.5804705
fffe32003900350034003200,0.670335
fffe3800310033003500,0.37308046
fffe3400360034003400,0.6610379
fffe32003600370037003500,0.005492656
fffe32003800310033003400,0.25146803
fffe31003800390035003200,0.38828644
fffe32003500370032003100,0.48967957
fffe31003700340032003200,0.15036272
fffe31003600350036003200,0.28515306
fffe31003400310039003000,0.20432974
fffe31003700350031003900,0.15930188
fffe32003400350036003700,0.58059555
fffe32003100330034003200,0.38288662
fffe31003100340031003700,0.122898035
fffe31003400390037003900,0.2027862
fffe32003700390030003300,0.5915444
fffe3800390038003300,0.5376871
fffe31003500320033003600,0.55579835
fffe3600310039003700,0.54804844
fffe31003900310037003400,0.58857965
fffe3400320039003300,0.23586766
fffe31003500360036003300,0.64356685
fffe32003000380039003300,0.54073596
fffe31003800370038003600,0.72589296
fffe33003300320036003400,0.5795331
fffe3800340035003000,0.57539254
fffe3200320033003300,0.49311733
fffe32003800320035003900,0.064487055
fffe3400370036003400,0.23190539
fffe32003700300034003800,0.23985982
fffe3600300034003800,0.40610912
fffe32003600300035003000,0.6575487
fffe31003900370036003300,0.43835312
fffe3700350038003500,0.5738429
fffe32003300330031003800,0.59150827
fffe3400350033003200,0.23986842
fffe3700350035003100,0.53191304
fffe33003400340035003500,0.5258154
fffe31003600370033003900,0.48208272
fffe3200390035003100,0.1931072
fffe31003500340035003000,0.59488475
fffe31003400370038003300,0.5579874
fffe31003800310030003800,0.5787018
fffe3100360032003700,0.54059905
fffe33003200390033003000,0.41321495
fffe31003800300032003300,0.55350727
fffe32003000340030003100,0.52667826
fffe3600310039003300,0.3065098
fffe32003800340039003000,0.6441938
fffe31003600300031003500,0.12167383
fffe310035003800,0.567347
fffe31003300370035003500,0.95039165
fffe33003000350038003200,0.76963955
fffe31003000330035003900,0.4912265
fffe32003500360030003700,0.40635732
fffe32003900350037003000,0.4212959
fffe3500380038003300,0.28122997
fffe32003500370037003400,0.3084492
fffe32003000360030003900,0.21083294
fffe3900360031003900,0.4805604
fffe3700330038003800,0.52593607
fffe32003800300035003100,0.6398679
fffe32003000300037003800,0.45854494
fffe3300350038003900,0.32355702
fffe31003400320034003200,0.58570975
fffe3700320032003800,0.41028675
fffe32003200340039003100,0.74391013
fffe33003300380030003200,0.010720798
fffe31003600340032003900,0.33240214
fffe3700350039003900,0.099705726
fffe3300390039003200,0.46527407
fffe32003700330032003000,0.5353854
fffe31003600330034003100,0.74244183
fffe33003300370031003600,0.33647612
fffe3300360031003300,0.4166036
fffe32003700360034003000,0.95983505
fffe33003400300030003500,0.703381
fffe32003000300038003800,0.26351163
fffe31003800380030003800,0.63706666
fffe31003200350036003000,0.23458497
fffe32003500380030003900,0.6702341
fffe31003100350037003100,0.56641144
fffe33003300330038003700,0.6265514
fffe33003400380037003700,0.69870764
fffe3100370030003000,0.54033303
fffe31003000320032003700,0.2807582
fffe32003200300034003300,0.3449812
fffe33003000310035003700,0.31305358
fffe31003800310033003900,0.44904503
fffe31003900390033003000,0.2347405
fffe3200380034003300,0.60231525
fffe3200330036003000,0.5667424
fffe3400370030003700,0.5966888
fffe33003200310030003300,0.69652814
fffe3300320038003800,0.32458603
fffe31003400310033003300,0.41663945
fffe3200340031003800,0.51735747
fffe31003900310032003300,0.43781567
fffe32003500380038003500,0.5468086
fffe32003500350031003100,0.23958398
fffe33003200360038003700,0.30196968
fffe32003500350038003300,0.59909195
fffe31003300390035003100,0.39689216
fffe32003400330039003200,0.39326414
fffe3600350038003700,0.43203276
fffe31003200350037003300,0.5317485
fffe33003200370037003900,0.24802732
fffe31003200360037003700,0.6973714
fffe32003700390034003500,0.25802326
fffe31003300310038003400,0.1933507
fffe3100340032003100,0.79178506
fffe3200340035003900,0.2771001
fffe33003300310032003800,0.48164552
fffe32003000350031003800,0.48524484
fffe31003200340037003700,0.12116732
fffe33003100330034003100,0.4347858
fffe32003800390031003100,0.08941223
fffe3800320034003600,0.75731385
fffe32003100310031003100,0.64468765
fffe32003500310039003200,0.69794285
fffe3100350039003400,0.1412131
fffe33003000370032003600,0.56992537
fffe32003500370037003100,0.4414636
fffe31003500380031003000,0.39793432
fffe3400390035003600,0.64995295
fffe3600330038003100,0.37547657
fffe3700330032003500,0.0095593035
fffe3500360039003700,0.3870079
fffe33003300340030003800,0.40616146
fffe31003600350035003200,0.2726029
fffe3300390039003900,0.52766913
fffe3400390030003100,0.33252013
fffe3500380037003700,0.9281285
fffe33003400340034003000,0.2489893
fffe33003400320031003500,0.7739169
fffe31003700380033003700,0.4060708
fffe3700360037003700,0.4674318
fffe3800360030003000,0.24802032
fffe31003400390030003700,0.32430664
fffe33003400310034003100,0.38977328
fffe32003600340037003900,0.48036453
fffe31003700360034003300,0.6235775
fffe31003200300037003700,0.32799926
fffe31003400330030003900,0.5769857
fffe32003600340031003400,0.11293474
fffe31003600360038003900,0.56974596
fffe3300320031003400,0.36997026
fffe31003100340039003400,0.29978433
fffe3200300034003700,0.366385
fffe32003400350035003400,0.51888233
fffe31003500310039003400,0.12154176
fffe3600340039003000,0.13292038
fffe31003800300038003600,0.28702027
fffe32003800360038003700,0.4023691
fffe32003300380030003200,0.846829
fffe31003600320038003300,0.28316066
fffe3500350034003800,0.3482866
fffe33003000340033003700,0.5142751
fffe32003700320032003000,0.30795717
fffe32003300340039003000,0.9478169
fffe32003200360036003100,0.542333
fffe31003400310034003900,0.7348812
fffe3700340030003400,0.403681
fffe3900370039003600,0.54103404
fffe32003200380036003700,0.265241
fffe32003200340032003700,0.13903052
fffe33003200330036003700,0.66031885
fffe3500300034003400,0.31269404
fffe380031003600,0.15910152
fffe350038003000,0.4152712
fffe32003700360036003900,0.6267191
fffe32003900360035003800,0.11615505
fffe3900350038003300,0.63727045
fffe33003100350030003100,0.45825723
fffe32003500320033003300,0.72098947
fffe32003100320038003000,0.43174353
fffe33003000350034003900,0.57564217
fffe31003300300032003200,0.568745
fffe31003900300038003700,0.39774102
fffe31003300350037003700,0.38790852
fffe390039003100,0.13876787
fffe33003100340033003500,0.7637658
fffe32003200370031003400,0.5427469
fffe31003300310035003800,0.4041995
fffe31003600360030003200,0.5386787
fffe33003000300033003900,0.522036
fffe32003400370032003700,0.8137425
fffe31003200360036003800,0.46284625
fffe3600330031003900,0.64915407
fffe31003900360033003200,0.40424472
fffe31003300360035003100,0.71342343
fffe32003300390038003800,0.4072294
fffe3600340034003500,0.0069727064
fffe32003900340036003800,0.36226362
fffe32003600330038003500,0.5628123
fffe31003700300031003500,0.8001052
fffe3200390037003800,0.64906764
fffe3500390037003400,0.5661326
fffe31003800350030003700,0.52935666
fffe3700360039003400,0.5131407
fffe33003300310036003200,0.025167964
fffe31003500370033003400,0.5139626
fffe31003200370031003500,0.5388176
fffe31003700310030003400,0.38800648
fffe3400370036003000,0.69135654
fffe31003700320037003900,0.728795
fffe32003100350037003000,0.3348799
fffe32003600310036003100,0.3393789
fffe31003500330035003800,0.37169945
fffe31003000380035003900,0.47655302
fffe33003100310030003200,0.44986144
fffe32003400300032003000,0.7956678
fffe32003200320037003900,0.46369508
fffe3100390030003800,0.27314225
fffe32003000360035003200,0.7741693
fffe32003100320035003300,0.51515156
fffe31003300390037003800,0.585692
fffe32003500310034003400,0.153576
fffe3700390031003900,0.42250457
fffe32003000370032003700,0.32241687
fffe32003800350039003500,0.09974219
fffe3400320032003500,0.2922578
fffe3200320036003200,0.26415277
fffe3500360033003400,0.4291557
fffe32003000310033003400,0.29672775
fffe320035003400,0.577761
fffe3200340032003700,0.6259704
fffe32003500360037003000,0.89735234
fffe32003800390038003100,0.59644556
fffe3900330038003400,0.3939005
fffe3700340034003200,0.1158269
fffe3500310031003600,0.67440486
fffe3700320031003500,0.43655995
fffe33003100330033003500,0.92205775
fffe32003100310031003400,0.47702304
fffe3800360033003700,0.3699119
fffe31003800330035003500,0.34791848
fffe3400330039003500,0.5858906
fffe32003500390039003900,0.4061222
fffe3300360034003500,0.19870293
fffe31003800300034003700,0.60055375
fffe31003300360030003100,0.5836481
fffe33003100380039003500,0.5852949
fffe32003400360037003700,0.3878218
fffe3400380033003400,0.08599748
fffe31003400360036003400,0.3523891
fffe3600320030003000,0.7187319
fffe31003000360039003600,0.4140027
fffe32003600390035003200,0.820188
fffe31003900360038003300,0.06609702
fffe31003700320032003800,0.31728923
fffe3700330037003100,0.37019283
fffe3300330030003000,0.6348751
fffe31003300350039003400,0.25646737
fffe32003900360032003300,0.5211679
fffe31003500370039003500,0.5436341
fffe3100300033003000,0.40872398
fffe32003100350036003600,0.7011862
fffe33003100370032003700,0.40423712
fffe3300310032003600,0.5371994
fffe32003800360030003400,0.32203144
fffe31003000340037003000,0.48687154
fffe32003200360032003900,0.5761672
fffe32003400340032003300,0.2405012
fffe3900310038003200,0.6744201
fffe31003500330032003700,0.60452217
fffe3400350036003900,0.43425697
fffe33003000330038003900,0.43863696
fffe32003000370030003800,0.16185316
fffe31003400340034003300,0.6102072
fffe31003800330036003500,0.55644095
fffe32003600370032003700,0.40449098
fffe31003000310038003900,0.73221123
fffe32003400320039003700,0.50061166
fffe3800310038003000,0.8854841
fffe3800310032003600,0.64643806
fffe32003200380030003600,0.39031607
fffe330033003400,0.5653384
fffe32003300340035003500,0.40893286
fffe3700330032003000,0.641025
fffe3200310033003800,0.009452625
fffe32003300330033003200,0.36962962
fffe32003100330030003700,0.72607225
fffe31003000320034003100,0.562567
fffe32003500330031003600,0.45111147
fffe31003600370038003900,0.56380534
fffe3400330033003400,0.4077435
fffe32003800300034003600,0.7494775
fffe32003700390038003800,0.26592153
fffe33003000330035003300,0.66294664
fffe32003700330032003500,0.3143293
fffe32003700320037003900,0.5785486
fffe3400350039003600,0.64654166
fffe31003400380036003600,0.33979693
fffe3800300036003300,0.006451408
fffe32003200360034003000,0.7770882
fffe3800370035003100,0.5765965
fffe33003400350033003600,0.018611016
fffe33003400390034003200,0.18826874
fffe32003000380036003400,0.4267205
fffe31003800360033003400,0.15092877
fffe33003300370030003100,0.5976454
fffe3200380034003200,0.4383911
fffe33003000370039003200,0.4168783
fffe31003400320032003400,0.72885126
fffe33003300360035003000,0.3540133
fffe3300390039003000,0.7684278
fffe32003200390035003100,0.6323177
fffe380039003900,0.37068447
fffe32003600390033003500,0.2522125
fffe31003100340034003700,0.29213038
fffe33003000390036003100,0.22954983
fffe33003200320031003900,0.21941203
fffe32003000350039003000,0.35041767
fffe33003100350037003500,0.61445534
fffe34003400,0.80619687
fffe31003400330036003200,0.64124715
fffe31003600380036003400,0.9555261
fffe3200310034003000,0.25896153
fffe31003700320035003200,0.36402217
fffe31003800320033003500,0.4292906
fffe32003600300037003200,0.04081629
fffe31003300390038003900,0.6450391
fffe3700390037003500,0.7152887
fffe32003000350031003500,0.42313763
fffe3700330035003000,0.6156196
fffe31003300390030003700,0.27894366
fffe32003700390037003300,0.2058369
fffe3800310038003600,0.017864276
fffe3500320033003300,0.5152099
fffe31003500360033003700,0.069021754
fffe32003200360031003800,0.4186284
fffe32003600350037003100,0.5589071
fffe32003300330031003200,0.32255384
fffe31003500370032003500,0.18933608
fffe3800360031003800,0.49183437
fffe32003200370034003900,0.0081595965
fffe32003200370037003400,0.4655008
fffe31003800360032003900,0.57693046
fffe3700310034003300,0.27139834
fffe33003100360034003700,0.11363827
fffe31003500360032003900,0.26394975
fffe3900380036003400,0.67124635
fffe31003600390036003400,0.34617817
fffe31003900310034003200,0.5864218
fffe3900300035003900,0.5330139
fffe32003300320032003200,0.23779312
fffe32003600350030003400,0.45329002
fffe3800380030003300,0.5885078
fffe32003700380033003000,0.2981576
fffe31003500300039003200,0.5465434
fffe31003400380039003800,0.57036364
fffe32003400310033003300,0.88114
fffe31003000300030003000,0.281594
fffe3800320034003400,0.2999717
fffe33003100340033003700,0.35487813
fffe3600370039003300,0.22764938
fffe33003000390034003400,0.46845517
fffe31003200370035003900,0.7546236
fffe3300300035003500,0.58123446
fffe31003500370039003600,0.6605486
fffe3900380030003600,0.6485834
fffe31003900370033003200,0.5775182
fffe31003000310031003700,0.2504493
fffe31003100380035003600,0.35309377
fffe33003400360033003400,0.42401198
fffe33003200350038003800,0.71919835
fffe32003900390033003500,0.71459544
fffe33003400380033003200,0.49344575
fffe3800370031003100,0.03506905
fffe33003400360038003500,0.58616817
fffe3500370032003800,0.7466494
fffe31003000340031003700,0.17168257
fffe3600350033003700,0.54787576
fffe33003000370030003300,0.83770615
fffe32003600370039003400,0.46849793
fffe32003600330038003200,0.36913309
fffe31003500310036003500,0.0061665555
fffe32003400390031003800,0.55638903
fffe32003700360037003100,0.5796859
fffe32003700300033003300,0.74169976
fffe3200300039003900,0.2533914
fffe32003400350032003500,0.29869726
fffe3500340030003000,0.45730984
fffe32003500310036003800,0.36908346
fffe31003200320035003400,0.7425432
fffe32003800350036003500,0.2945529
fffe3100370037003500,0.44755626
fffe31003200390036003800,0.59307307
fffe3500330032003200,0.37959248
fffe3500390039003300,0.5104859
fffe31003500310035003700,0.7744597
fffe31003200330030003900,0.550388
fffe3200320034003400,0.40029222
fffe31003700380038003000,0.6185044
fffe3500380033003100,0.26675966
fffe33003300390033003800,0.44117618
fffe31003200320030003200,0.6030798
fffe32003700380030003900,0.61700946
fffe33003400300039003000,0.43705013
fffe31003900310036003600,0.47356403
fffe3600380031003200,0.22893222
fffe3600300030003000,0.4521432
fffe33003000330030003700,0.1604195
fffe31003500310031003300,0.76705205
fffe32003200370033003100,0.5533536
fffe31003700320035003100,0.54640776
fffe32003400340037003800,0.35442662
fffe33003100340034003400,0.7071583
fffe390036003100,0.5192059
fffe33003000350038003800,0.87289375
fffe31003000310032003500,0.39868456
fffe31003800390032003800,0.31720027
fffe33003200370036003600,0.42264658
fffe31003100300038003100,0.4178924
fffe32003900330032003000,0.19501849
fffe33003200380038003200,0.8102624
fffe32003300300030003200,0.27604875
fffe33003100380038003800,0.35766646
fffe31003300360035003300,0.57458013
fffe33003200360035003700,0.7772528
fffe32003800360039003000,0.2917057
fffe31003600350035003700,0.56844234
fffe33003100350038003600,0.47828636
fffe33003100350037003100,0.20707019
fffe32003600340032003700,0.4360265
fffe3400300038003400,0.4149913
fffe33003300360033003000,0.80985945
fffe3100320037003500,0.18302685
fffe33003400360034003300,0.31446627
fffe31003300350032003000,0.28570938
fffe31003100340030003300,0.5137599
fffe31003300350039003100,0.56989163
fffe32003300340039003400,0.74774635
fffe3300390030003100,0.32576755
fffe3900330038003900,0.21929815
fffe33003100370030003200,0.41755167
fffe3600310030003600,0.48922938
fffe32003700380033003700,0.7050519
fffe3600390036003800,0.27609393
fffe32003000350039003200,0.42734438
fffe31003100370035003600,0.6184173
fffe31003400380036003800,0.37779534
fffe3600380035003200,0.6648523
fffe31003800310030003400,0.3102384
fffe33003200370035003800,0.64062524
fffe31003000360037003700,0.5707633
fffe31003600300036003000,0.3573753
fffe31003000300036003600,0.35578668
fffe3200330038003200,0.566168
fffe3400360034003000,0.71572524
fffe32003800300038003700,0.69769156
fffe31003000310035003200,0.041708324
fffe32003300340033003500,0.0065978607
fffe3700390038003400,0.43366915
fffe32003800350035003500,0.45016357
fffe32003300390035003700,0.39064586
fffe32003700340032003100,0.77207196
fffe3200380036003700,0.26376942
fffe32003700360030003300,0.4093449
fffe3600310037003800,0.9138204
fffe3700390031003400,0.44287568
fffe32003500300035003600,0.5718365
fffe33003100390034003900,0.5087613
fffe3200370033003400,0.6311282
fffe31003000350037003800,0.48011267
fffe3600330032003700,0.2836094
fffe31003900330037003900,0.34812585
fffe3500390030003000,0.53742105
fffe3300300039003200,0.1080614
fffe32003000330038003900,0.37029198
fffe3200300036003000,0.23898944
fffe3100300036003700,0.38724497
fffe3900350032003400,0.52760565
fffe3900320032003800,0.5049754
fffe3200300036003200,0.5984521
fffe31003500350034003400,0.58172435
fffe3800320031003500,0.452323
fffe32003400390036003700,0.34520656
fffe33003000340031003400,0.5269823
fffe32003400320032003700,0.5452715
fffe31003300330031003200,0.5430678
fffe3700370039003900,0.17082612
fffe31003500310030003700,0.6466183
fffe3400340030003700,0.586383
fffe32003600370037003900,0.82775366
fffe3700320031003300,0.8594988
fffe32003700330033003000,0.1698342
fffe31003600330036003800,0.28401628
fffe32003000360030003400,0.4067778
fffe3600360034003800,0.31454697
fffe32003300360031003800,0.37409407
fffe3300310033003900,0.5328499
fffe3800320035003000,0.17464215
fffe3500320039003600,0.20866436
fffe32003600320032003000,0.558845
fffe33003100390032003400,0.8334165
fffe32003100310034003900,0.30480114
fffe31003300390034003000,0.75531566
fffe3900330039003900,0.8173181
fffe33003200330039003600,0.72705805
fffe31003600370038003500,0.40696374
fffe33003200350037003900,0.7607016
fffe32003100360031003300,0.16641606
fffe370038003600,0.46481934
fffe33003200380038003900,0.58632153
fffe32003700360031003900,0.5902183
fffe31003500310030003400,0.060550436
fffe31003700300031003900,0.90698117
fffe31003200350034003000,0.6609994
fffe32003800300039003800,0.31361932
fffe31003900370037003100,0.3470112
fffe32003500360036003400,0.8068263
fffe31003100330038003400,0.24377455
fffe3600360036003700,0.17855142
fffe31003700330030003700,0.36739236
fffe31003800330033003900,0.7143705
fffe380038003700,0.5414792
fffe32003100300035003500,0.52819717
fffe31003900340036003500,0.52676296
fffe32003100340033003200,0.7800459
fffe31003900300035003800,0.24712665
fffe3100340031003600,0.62787294
fffe3700320033003800,0.24277753
fffe31003600340031003800,0.5383928
fffe31003700390032003100,0.28378832
fffe3100350033003200,0.57107013
fffe3200330031003600,0.51147467
fffe33003100390039003800,0.4427261
fffe31003800340030003300,0.17654973
fffe31003900340033003100,0.80003303
fffe31003100350035003500,0.43142438
fffe33003000320033003400,0.6537758
fffe3500350038003500,0.62788737
fffe33003200390031003700,0.1436221
fffe31003200370033003100,0.51356125
fffe3700350032003400,0.16903386
fffe32003800370035003300,0.32263744
fffe31003800320030003200,0.3957131
fffe31003300370030003600,0.65998054
fffe32003200360033003100,0.6398465
fffe31003600360033003600,0.58207
fffe3100300038003900,0.6182205
fffe390034003500,0.57844186
fffe3400310033003700,0.57426584
fffe32003000310039003200,0.32282
fffe31003300350035003100,0.4113314
fffe33003400390033003700,0.30783358
fffe31003800380033003300,0.4368288
fffe31003500330031003000,0.23829497
fffe32003800300033003300,0.22815193
fffe32003900350036003200,0.5821623
fffe32003100300032003700,0.3708568
fffe32003600370034003900,0.939801
fffe3300380030003500,0.5790364
fffe32003400330039003500,0.06324189
fffe32003500380036003100,0.74161893
fffe32003600390031003500,0.43349952
fffe33003200390037003800,0.52016646
fffe31003400320031003500,0.3046869
fffe3400320037003500,0.43443534
fffe32003900340035003800,0.51620007
fffe32003500340032003800,0.25874087
fffe32003900310035003500,0.7351208
fffe31003800350030003900,0.19166867
fffe3400390031003600,0.5128818
fffe31003200360038003000,0.6138367
fffe31003900360036003000,0.548778
fffe3100310039003900,0.41617557
fffe31003800380035003300,0.3777216
fffe31003100350032003000,0.24184759
fffe33003300380032003600,0.658055
fffe32003600370038003100,0.42039457
fffe32003800310032003800,0.70998645
fffe32003400310038003000,0.40600467
fffe31003100370030003300,0.3575955
fffe31003000360038003800,0.36746135
fffe3600330032003200,0.3312949
fffe3100300036003300,0.8885749
fffe32003400340032003400,0.010286298
fffe31003600340038003600,0.41726357
fffe31003000310036003900,0.32560548
fffe3100390031003200,0.73502094
fffe3700380031003000,0.48018935
fffe31003500390039003300,0.5642081
fffe32003500310032003600,0.5891563
fffe32003600310033003200,0.38565558
fffe3200370030003900,0.60300905
fffe32003000320033003100,0.27317634
fffe32003900350036003000,0.40650293
fffe32003100340035003700,0.67702097
fffe31003100390039003200,0.23750448
fffe3600310037003700,0.42543688
fffe3300340037003900,0.727642
fffe31003800390034003200,0.21141528
fffe3400300037003700,0.6026953
fffe31003500310033003500,0.14750132
fffe32003500370039003100,0.33051428
fffe38003700,0.4285057
fffe31003700370039003100,0.20772307
fffe31003600360039003100,0.6967999
fffe3400300038003600,0.43314323
fffe3500350038003800,0.59316075
fffe3700360034003300,0.4647144
fffe33003100370033003300,0.43339354
fffe32003200350033003700,0.4815226
fffe3900340033003500,0.57269335
fffe31003700330035003300,0.35992727
fffe32003600380036003100,0.078800045
fffe31003000380031003600,0.3088672
fffe31003700380036003600,0.54416275
fffe32003900340030003000,0.30150625
fffe3400390036003600,0.71450895
fffe3900310033003100,0.60608774
fffe320036003000,0.4810883
fffe31003400380039003400,0.43901193
fffe340036003000,0.5771151
fffe32003600390036003000,0.35514486
fffe31003600320036003200,0.89273065
fffe32003100370035003100,0.72900593
fffe32003000320031003700,0.63797784
fffe31003500330030003900,0.5271765
fffe3400300036003900,0.62133723
fffe31003500340032003500,0.38341513
fffe32003000360033003700,0.59714943
fffe33003400340038003000,0.38532776
fffe31003200360031003900,0.5872082
fffe3100370033003300,0.62550616
fffe32003900380030003500,0.64991033
fffe3600330034003200,0.043875866
fffe3400330039003300,0.8594694
fffe31003000350038003600,0.23096831
fffe3700370032003800,0.30586305
fffe32003800320038003100,0.6193682
fffe33003100370039003500,0.54498667
fffe33003400380035003000,0.52221835
fffe32003400310037003700,0.42561746
fffe32003100310038003800,0.23519471
fffe33003000330039003100,0.7104359
fffe31003300330035003500,0.50656134
fffe3300350032003100,0.40273094
fffe32003300370033003500,0.46438608
fffe32003700330030003500,0.32502067
fffe32003100370035003900,0.25363854
fffe32003500350039003900,0.5821154
fffe31003700370032003900,0.6755486
fffe31003300390032003800,0.5770014
fffe33003100350030003500,0.19528697
fffe3300300032003200,0.40928638
fffe3300300034003500,0.09028169
fffe31003000390033003500,0.4282282
fffe31003600380032003400,0.19713575
fffe3600360038003600,0.28136495
fffe3500350031003800,0.9548957
fffe3600370038003100,0.11233853
fffe3200350032003600,0.45815662
fffe32003400320037003300,0.21156026
fffe33003000360036003500,0.3818547
fffe3300330038003700,0.41536602
fffe32003500340030003000,0.37618256
fffe32003900310032003200,0.4790487
fffe32003300370039003900,0.6230262
fffe3500310033003300,0.43841255
fffe33003400320032003600,0.24722598
fffe31003800360033003200,0.4030924
fffe33003200340037003800,0.37853318
fffe33003200390036003700,0.56836265
fffe31003100360032003500,0.18865958
fffe32003500330033003800,0.23519579
fffe32003600330030003600,0.49366477
fffe370031003500,0.23973212
fffe31003600350033003100,0.29735416
fffe31003900340035003400,0.28680387
fffe32003300340033003800,0.6602153
fffe3800380039003800,0.5475873
fffe3700320038003600,0.37788972
fffe32003100390030003500,0.2596861
fffe31003400360038003600,0.1576315
fffe32003300370038003500,0.6185477
fffe33003100330037003100,0.7364419
fffe32003600380038003900,0.75962806
fffe3700320034003300,0.577242
fffe32003800330031003800,0.3423793
fffe31003900340037003000,0.33283764
fffe3600340030003100,0.66202307
fffe31003400300037003900,0.23468365
fffe32003700380031003200,0.23821387
fffe31003800360030003700,0.7606872
fffe31003700360030003300,0.7028223
fffe31003000340039003400,0.60006243
fffe3700370038003200,0.3791005
fffe3300380031003300,0.8945978
fffe32003700340031003200,0.4210375
fffe340034003500,0.6032784
fffe32003900360034003300,0.41214404
fffe31003500330030003100,0.3557066
fffe3700370039003100,0.8323596
fffe31003700320035003800,0.5109388
fffe31003400320039003600,0.38558006
fffe31003900350034003500,0.298728
fffe3500300031003300,0.15685578
fffe3900310030003400,0.20308101
fffe31003300360030003400,0.5973473
fffe3600360039003700,0.28017837
fffe3400340031003200,0.48204356
fffe32003000310035003600,0.259296
fffe32003200300039003600,0.4751948
fffe32003100370035003600,0.5941886
fffe32003900310031003100,0.5764029
fffe33003300300039003100,0.42893115
fffe33003100330039003800,0.557853
fffe31003900350033003900,0.27412558
fffe3600340036003100,0.24670617
fffe32003800360036003700,0.6261122
fffe32003500330036003200,0.5695262
fffe3100380036003700,0.2064477
fffe31003700310037003200,0.61366105
fffe32003300320030003800,0.46439666
fffe33003300350032003000,0.27979103
fffe31003400310038003400,0.016812328
fffe3500390037003600,0.48323163
fffe3300300031003600,0.6543028
fffe3100310031003200,0.6772811
fffe31003600390039003800,0.3856694
fffe33003300380030003900,0.4266244
fffe3600310037003200,0.3991745
fffe31003100350033003300,0.57639784
fffe31003200310030003800,0.3578289
fffe3400390039003400,0.5204043
fffe32003900340039003300,0.5187595
fffe31003900390037003700,0.603803
fffe32003000330037003900,0.3654758
fffe3900310031003600,0.6261556
fffe31003800340039003200,0.29690707
fffe3400360039003200,0.37378272
fffe3900310034003900,0.38157976
fffe32003200330039003000,0.83825296
fffe32003000320032003500,0.22322483
fffe31003700300035003500,0.7305106
fffe33003200390034003600,0.1975066
fffe33003300320031003400,0.46788934
fffe3900300036003600,0.61694044
fffe31003800330039003200,0.3477901
fffe33003200300030003700,0.32223243
fffe32003200360036003600,0.33054757
fffe33003100370039003700,0.3716219
fffe3600360033003600,0.30698258
fffe32003400390039003900,0.45981196
fffe32003900340033003400,0.37660494
fffe3800360035003500,0.6736022
fffe3500390038003200,0.39355078
fffe3400330033003500,0.38704503
fffe33003200370036003500,0.3616918
fffe31003300340037003500,0.8878864
fffe31003700390032003800,0.67102015
fffe32003100330033003700,0.63075477
fffe3500360037003500,0.4022496
fffe32003300330035003700,0.6668557
fffe31003000310035003000,0.40511128
fffe31003100300035003800,0.52154785
fffe32003900320033003100,0.65947944
fffe32003200350035003400,0.35739055
fffe31003800350031003800,0.38611737
fffe3300360030003900,0.49778733
fffe31003200350034003100,0.25173938
fffe31003700350033003500,0.6245497
fffe32003100370030003700,0.059897844
fffe31003100390037003800,0.5708749
fffe33003200310039003300,0.38043207
fffe31003700320036003300,0.39358494
fffe31003000380032003300,0.15508045
fffe3600330030003200,0.56091785
fffe31003000330032003800,0.58253396
fffe31003500300033003100,0.420321
fffe31003900370031003200,0.23957168
fffe3800350031003700,0.4519191
fffe33003300310031003200,0.3921377
fffe33003100350039003100,0.6493155
fffe3400390035003000,0.57462484
fffe33003300340035003000,0.8047103
fffe31003000310039003400,0.7326406
fffe32003500350037003300,0.56794184
fffe32003900340030003400,0.60633594
fffe31003200310031003900,0.3738037
fffe32003900340032003800,0.45223874
fffe3800390039003900,0.34695387
fffe31003700360038003500,0.64483017
fffe31003800330033003300,0.51949894
fffe32003300350038003000,0.32611898
fffe33003200340035003500,0.24788246
fffe33003200350035003900,0.6552289
fffe31003800320032003200,0.45542172
fffe32003000370037003100,0.123240516
fffe3700390039003000,0.3119829
fffe32003900390035003400,0.6180744
fffe32003800310039003600,0.14478451
fffe32003000340039003000,0.36415616
fffe3500300039003600,0.2774199
fffe3600380035003600,0.13489912
fffe31003000310038003200,0.07001056
fffe31003500350031003100,0.46487513
fffe3800380038003200,0.5893265
fffe31003100330034003600,0.3903796
fffe3400380031003800,0.62027925
fffe32003000330036003500,0.7524287
fffe32003100360037003200,0.34079438
fffe32003900390035003600,0.5501176
fffe31003300310032003900,0.37810165
fffe37003100,0.32240292
fffe31003100330037003100,0.23917226
fffe3400390036003000,0.5956396
fffe31003200370038003100,0.6738533
fffe3600330039003000,0.21562149
fffe31003300330036003400,0.66049653
fffe33003200340031003500,0.49357188
fffe3200350038003300,0.6400084
fffe32003200330033003200,0.41556823
fffe31003700310034003100,0.3556539
fffe31003500350033003500,0.7738501
fffe32003600370036003300,0.11500032
fffe33003000370038003400,0.5062257
fffe31003300360030003700,0.58720225
fffe3700340038003800,0.7422288
fffe31003600310037003000,0.30614454
fffe31003000330039003400,0.4349976
fffe31003500380036003200,0.56690437
fffe31003800390038003900,0.46668762
fffe31003200300037003600,0.5988336
fffe32003000380038003800,0.6564167
fffe31003600340035003000,0.3738324
fffe31003800320035003300,0.6303749
fffe31003600350034003000,0.034121897
fffe390037003900,0.58764416
fffe3700350036003300,0.37386006
fffe32003500320037003600,0.27691576
fffe3300390035003400,0.39992803
fffe32003000370038003700,0.23276441
fffe3500380035003000,0.38407078
fffe31003400320036003100,0.6699137
fffe32003800370038003200,0.80361944
fffe31003300340036003300,0.58536893
fffe33003100340038003400,0.42180994
fffe33003100370034003100,0.55948406
fffe3700320037003500,0.32436532
fffe33003100390030003300,0.5465866
fffe31003400390030003600,0.4216548
fffe31003400390035003300,0.77487624
fffe3300300039003700,0.6063622
fffe32003000350035003900,0.34906712
fffe32003000390039003300,0.3859919
fffe32003400370032003600,0.36042413
fffe32003200380030003500,0.088322185
fffe33003200390031003800,0.43237805
fffe31003000350036003500,0.780633
fffe32003100370036003700,0.31341586
fffe33003200300034003600,0.6507244
fffe3500340032003600,0.5983071
fffe3800330031003100,0.2562489
fffe33003200310032003400,0.58325464
fffe32003200380038003900,0.17443238
fffe31003500340033003200,0.5680565
fffe3300320035003500,0.37853456
fffe32003900350033003300,0.30988765
fffe32003000340032003700,0.40182552
fffe32003000360037003400,0.26795164
fffe32003000310037003200,0.4096199
fffe33003100380035003400,0.67467785
fffe32003200310037003400,0.38280278
fffe33003000330036003600,0.10572065
fffe3400310038003500,0.7407672
fffe33003300380030003800,0.20082872
fffe33003200330039003500,0.3533544
fffe32003600350037003300,0.5595199
fffe32003700300035003600,0.38483915
fffe3600360034003500,0.4901791
fffe33003000320031003800,0.6945227
fffe33003000370033003800,0.44199255
fffe3200340038003000,0.31260163
fffe32003100380035003000,0.2644818
fffe33003200370035003500,0.27856427
fffe3800380035003200,0.3837674
fffe31003400310035003100,0.27338308
fffe32003500310030003100,0.53300786
fffe3800320034003100,0.29765174
fffe3700300031003400,0.7622223
fffe31003700310033003200,0.41458535
fffe3700300030003800,0.28153455
fffe31003200360038003300,0.5362475
fffe3500330035003500,0.85466135
fffe31003300380035003600,0.37787846
fffe32003100310030003100,0.59997594
fffe3400370032003000,0.5815703
fffe33003400350030003700,0.4121412
fffe33003200300037003200,0.67576313
fffe33003300340036003400,0.3855617
fffe31003100360031003200,0.49790016
fffe31003900320034003300,0.5608715
fffe31003300390037003700,0.42450508
fffe32003200370030003100,0.57803774
fffe31003000360038003500,0.5318478
fffe31003700350039003100,0.5257148
fffe340031003800,0.56835395
fffe31003600360032003100,0.2597281
fffe32003000350032003800,0.7138355
fffe33003000360031003600,0.37665665
fffe31003600380037003300,0.40654218
fffe32003000300033003200,0.40216982
fffe31003100350033003100,0.53480536
fffe33003300360034003000,0.55049455
fffe31003300390037003600,0.93666345
fffe32003700330033003400,0.54305816
fffe31003200380038003100,0.16442607
fffe31003200330038003400,0.7054244
fffe3700360039003600,0.26160115
fffe31003400340037003300,0.34656447
fffe3800320039003400,0.36285564
fffe31003100380034003700,0.61822087
fffe32003000360034003800,0.55961114
fffe33003200370030003900,0.5333982
fffe3800350034003800,0.41519195
fffe33003200320033003600,0.36391923
fffe31003400310032003200,0.55672216
fffe31003500330039003700,0.4388731
fffe32003100350037003600,0.57973415
fffe3900360035003400,0.577287
fffe3800340032003900,0.5530807
fffe32003200360036003400,0.5680062
fffe3300350033003600,0.5549994
fffe32003300350033003500,0.5735756
fffe32003000340033003100,0.17160773
fffe32003100370034003100,0.56325686
fffe33003400350036003200,0.23924553
fffe31003800310035003800,0.55597764
fffe31003300390035003600,0.7855215
fffe3900340034003800,0.3769013
fffe32003600390036003900,0.652189
fffe32003600370039003500,0.61885345
fffe380039003600,0.58573526
fffe3500310034003400,0.4272625
fffe32003600380034003900,0.35717145
fffe31003000340035003900,0.87752384
fffe31003600380032003600,0.25443795
fffe3400310034003400,0.70314157
fffe33003300330030003700,0.2765861
fffe32003500340038003700,0.35514346
fffe32003100340033003400,0.56631744
fffe31003900350030003300,0.41175753
fffe32003800390034003300,0.44160667
fffe32003500350033003400,0.39420447
fffe32003400370033003900,0.36730817
fffe32003500300030003700,0.7165933
fffe32003600330032003500,0.77483934
fffe32003100340032003500,0.65008605
fffe33003200320036003300,0.40302572
fffe33003400390039003200,0.017976189
fffe32003700360034003900,0.5764548
fffe31003600340031003400,0.5026739
fffe32003200310031003600,0.23732339
fffe32003700370037003800,0.0078001735
fffe31003200370038003200,0.50635636
fffe3300390033003700,0.4801444
fffe33003200330033003700,0.24095732
fffe31003800360038003600,0.26492023
fffe3800300037003200,0.28327164
fffe32003200310031003700,0.752309
fffe32003100370031003600,0.38996655
fffe31003900310036003100,0.39003944
fffe33003400330032003300,0.25222477
fffe3400310034003800,0.1307756
fffe3900340033003700,0.7501029
fffe33003000390038003100,0.51220685
fffe32003500370038003400,0.51783353
fffe31003600300031003700,0.19103654
fffe32003000360033003000,0.59861135
fffe33003100390030003200,0.60644835
fffe32003600340033003700,0.4757657
fffe3300330033003900,0.4008598
fffe31003500310039003600,0.571685
fffe3500390034003200,0.36931568
fffe31003200360039003900,0.25327295
fffe31003400360036003000,0.57556355
fffe31003900310030003000,0.42086098
fffe3500390031003400,0.25260597
fffe33003200330032003200,0.5255621
fffe33003400380030003400,0.48265705
fffe3500310039003400,0.19420028
fffe33003300390039003400,0.2894978
fffe32003700300038003300,0.5057838
fffe32003700320033003800,0.3983908
fffe31003800340037003900,0.25246397
fffe33003100390037003600,0.6674151
fffe32003500340035003400,0.52674764
fffe32003900360038003800,0.7260969
fffe32003900340032003700,0.27790874
fffe31003700360032003700,0.35680988
fffe3600320032003600,0.3719114
fffe31003300300036003300,0.40585452
fffe31003300310034003700,0.06414799
fffe31003500300030003100,0.5396949
fffe33003100390032003800,0.46533698
fffe33003000320031003600,0.50115794
fffe32003700380034003200,0.27041462
fffe3500350030003800,0.51053077
fffe33003400360032003200,0.581144
fffe33003100330037003500,0.54894155
fffe31003400340030003900,0.3856636
fffe31003000380036003100,0.4906061
fffe32003900310033003200,0.6161025
fffe3200340036003900,0.22996932
fffe31003500360036003400,0.7140056
fffe3300300039003500,0.55136234
fffe33003300390034003300,0.41076246
fffe33003400310035003500,0.2077442
fffe32003700390034003600,0.5574274
fffe3800300033003200,0.720872
fffe31003100380033003100,0.25035876
fffe31003100360036003600,0.38958323
fffe32003300340030003600,0.59294254
fffe33003000390030003400,0.4195579
fffe31003400370031003200,0.4846058
fffe320036003100,0.4929712
fffe32003300300032003900,0.8037783
fffe33003200360037003400,0.45053
fffe3600350039003200,0.23193194
fffe32003700360033003500,0.5195636
fffe3100370032003100,0.8213682
fffe33003000370030003700,0.53246516
fffe31003500390039003700,0.57413465
fffe33003100390033003500,0.3727064
fffe31003100310030003200,0.52990615
fffe31003000350037003000,0.08729276
fffe390038003900,0.35598734
fffe32003800380039003000,0.8499893
fffe31003200390032003600,0.8947131
fffe33003000350031003500,0.48043656
fffe31003000300032003200,0.71311826
fffe3900310035003500,0.41944864
fffe310033003800,0.57094663
fffe31003500350030003500,0.27684024
fffe31003900360031003600,0.39189035
fffe31003900340033003600,0.24514563
fffe3600380037003700,0.3906524
fffe3200380030003200,0.6714391
fffe32003600320035003000,0.38303846
fffe32003700350034003200,0.45161265
fffe32003700320038003200,0.3434162
fffe33003000350032003400,0.36979347
fffe31003700350038003900,0.21236746
fffe33003100320035003100,0.20725562
fffe3300300038003000,0.4269709
fffe31003200380038003900,0.85265267
fffe33003000380033003400,0.60954154
fffe31003500310034003000,0.4180998
fffe31003500340037003600,0.64694977
fffe33003300320038003400,0.6249962
fffe3700350030003400,0.22467065
fffe3900340034003100,0.59738034
fffe3500310031003100,0.3907123
fffe31003100380031003100,0.4220425
fffe31003300340031003600,0.44655272
fffe32003800320033003100,0.46283206
fffe390030003100,0.4190392
fffe3600300030003700,0.5638968
fffe31003200350032003000,0.38330337
fffe3700340031003800,0.4348257
fffe310031003400,0.3874802
fffe3700360035003400,0.91715086
fffe31003400370037003800,0.51282215
fffe32003400360033003600,0.5141574
fffe3500370036003300,0.4634443
fffe32003700330034003100,0.50113815
fffe370035003500,0.11955002
fffe31003400380035003700,0.3804059
fffe3100340031003400,0.4597441
fffe33003300300035003600,0.5258283
fffe370032003200,0.301642
fffe32003900310031003700,0.4782581
fffe3900390035003500,0.48776406
fffe31003300360032003000,0.3568393
fffe31003400340039003800,0.9147277
fffe32003800380033003700,0.3324024
fffe31003100300030003100,0.30740812
fffe33003200310034003100,0.38466832
fffe3200320031003800,0.34991282
fffe3900390032003400,0.34058982
fffe3900330033003400,0.319962
fffe31003600330032003400,0.62877685
fffe3100350039003000,0.5832119
fffe3800300038003800,0.50625694
fffe32003400380035003800,0.23465976
fffe31003900300034003600,0.23638898
fffe3500310030003400,0.644744
fffe33003400330037003700,0.6473334
fffe32003200380030003100,0.38716832
fffe31003200330037003700,0.2620678
fffe31003800330031003100,0.5034677
fffe3500360038003400,0.5461052
fffe32003000300030003100,0.12298456
fffe3100350039003200,0.6530187
fffe33003200310036003500,0.40290445
fffe33003100300035003500,0.3189157
fffe31003300310031003700,0.40786335
fffe3300370034003500,0.1701735
fffe33003300340036003900,0.7018521
fffe31003400390033003800,0.18147995
fffe3500380039003800,0.400407
fffe33003400360031003500,0.6744246
fffe32003400380038003100,0.9286175
fffe32003000380037003700,0.55674773
fffe3600380034003300,0.25164583
fffe31003700300036003700,0.6599492
fffe33003100350036003800,0.5066464
fffe32003800320034003200,0.603824
fffe34003800,0.63980985
fffe3200300031003000,0.24583577
fffe33003100300034003000,0.62918484
fffe33003100380033003000,0.48850068
fffe31003000360036003400,0.5537458
fffe32003200350034003400,0.19611025
fffe3100380033003700,0.47864607
fffe33003400300037003600,0.24596427
fffe31003400340038003600,0.41681483
fffe32003800350033003200,0.25423095
fffe32003100390035003500,0.3884334
fffe32003100350031003600,0.36506072
fffe33003000380030003000,0.29623154
fffe31003600340039003600,0.4168398
fffe3300350038003100,0.043797523
fffe3600370031003900,0.27255222
fffe31003000350031003600,0.16749655
fffe3300380035003100,0.5110229
fffe33003100390034003600,0.4398215
fffe32003100390030003200,0.41022465
fffe3900350030003400,0.43425745
fffe3600350035003500,0.94901454
fffe3300370030003000,0.60586476
fffe32003300340035003000,0.71314526
fffe3900320031003500,0.4082779
fffe32003400300031003500,0.44909272
fffe31003000330030003800,0.4819662
fffe31003200360035003600,0.40811098
fffe33003000360035003600,0.41142374
fffe31003200350036003200,0.23656823
fffe3700350032003800,0.77112573
fffe3100300034003600,0.75527394
fffe32003400320039003300,0.28934914
fffe3800310034003000,0.10856216
fffe33003400370037003400,0.700632
fffe31003400330034003300,0.43689647
fffe31003500310033003400,0.39260608
fffe32003400310039003900,0.2767333
fffe31003700300034003000,0.37630016
fffe31003200390032003700,0.65693617
fffe3600370033003900,0.43052968
fffe32003100340039003300,0.48719707
fffe31003900330039003000,0.19406576
fffe3700320037003100,0.59010285
fffe31003300310033003100,0.5699573
fffe32003400320035003000,0.34661797
fffe31003400390037003200,0.43135738
fffe31003300350033003500,0.22157799
fffe31003400340034003800,0.8008018
fffe32003800380034003400,0.07215767
fffe31003100370037003600,0.42004555
fffe32003200330031003400,0.40938056
fffe32003000310035003000,0.6967301
fffe32003100350035003400,0.25339675
fffe33003400390030003900,0.6402788
fffe32003100380038003200,0.53540415
fffe31003600380031003700,0.7076391
fffe33003400330033003400,0.32912257
fffe31003800300030003600,0.1771706
fffe3200360039003800,0.34798524
fffe33003300330032003400,0.41503978
fffe31003700380031003900,0.62487555
fffe32003100380039003900,0.4612563
fffe3200350032003700,0.15599234
fffe32003700310032003400,0.63979256
fffe31003100310034003800,0.20766386
fffe31003900380039003800,0.23923376
fffe32003400380034003400,0.5465175
fffe3500330034003200,0.23745537
fffe32003100320030003800,0.37130916
fffe32003200350036003000,0.20503849
fffe31003900300030003800,0.44523114
fffe31003400380031003000,0.15744783
fffe33003200320033003900,0.66976655
fffe3400330031003200,0.46810943
fffe33003000300030003200,0.51229876
fffe32003200390037003600,0.4231303
fffe3500320038003800,0.36918584
fffe32003300370030003400,0.4010663
fffe31003500390038003600,0.337694
fffe31003800380039003400,0.8663412
fffe3200380036003200,0.03807178
fffe320038003100,0.58204436
fffe32003300350031003300,0.4928478
fffe31003700320030003000,0.5598675
fffe31003600390032003700,0.36503187
fffe33003200300035003200,0.43023252
fffe31003200300037003100,0.5744253
fffe31003900390034003700,0.27300295
fffe32003700310033003000,0.41701162
fffe31003400370036003400,0.42743534
fffe3700360031003200,0.3844651
fffe33003100340030003000,0.42774263
fffe33003200340032003100,0.64843386
fffe32003500370034003900,0.5596247
fffe31003800390033003400,0.006415571
fffe3500330036003200,0.4046453
fffe32003200320030003500,0.5465124
fffe32003100300031003400,0.36912477
fffe3600310032003500,0.54339117
fffe31003200380031003400,0.66643745
fffe32003700390035003200,0.25499254
fffe31003800360033003900,0.6947991
fffe31003000310033003100,0.52664536
fffe3900360036003000,0.36481866
fffe3200360030003100,0.17190908
fffe31003000390039003100,0.411483
fffe3500370034003400,0.5685082
fffe33003300330033003700,0.29019383
fffe32003400360030003700,0.40997565
fffe32003500300033003100,0.51168835
fffe32003700370031003000,0.728997
fffe31003800390034003000,0.50221884
fffe32003500320031003300,0.2728954
fffe32003400310031003600,0.4036425
fffe3300330035003600,0.088374026
fffe31003100330038003300,0.42252168
fffe3600360034003600,0.13984996
fffe31003100340035003800,0.23913418
fffe31003500390036003800,0.2903722
fffe31003900300033003900,0.29472008
fffe31003000320035003800,0.31605732
fffe31003700390033003100,0.5696908
fffe31003500390032003700,0.1660383
fffe33003100320036003300,0.40416482
fffe3600340033003200,0.56634635
fffe3800350037003900,0.6531455
fffe32003100320031003500,0.47773355
fffe31003400360039003300,0.44614074
fffe33003200370033003100,0.160131
fffe32003600360031003800,0.35730192
fffe31003900350030003200,0.46885356
fffe33003400310038003900,0.91423947
fffe32003200300032003100,0.291859
fffe31003900380035003100,0.5330708
fffe3200320038003600,0.46970707
fffe33003300360033003700,0.14101136
fffe31003900310032003700,0.5024314
fffe32003800390030003400,0.9148983
fffe31003900390036003100,0.33807096
fffe31003800300034003600,0.6055032
fffe31003800300034003900,0.5434718
fffe31003600370030003200,0.67368007
fffe3900350035003700,0.46558183
fffe33003200390035003000,0.4420127
fffe33003100300030003400,0.25737083
fffe31003500380035003100,0.57420415
fffe31003200300037003500,0.56509507
fffe31003100350035003600,0.94465655
fffe3200350030003500,0.5813497
fffe32003400300039003300,0.35257512
fffe330036003400,0.2753488
fffe33003100370034003400,0.23934823
fffe31003800330030003600,0.53059447
fffe31003700380030003200,0.28387523
fffe31003800350038003500,0.1921971
fffe31003600380031003800,0.417411
fffe3400350032003600,0.35747135
fffe32003800380038003200,0.73261386
fffe3200310036003700,0.38082808
fffe31003400380030003900,0.48794565
fffe3800320036003600,0.59250605
fffe33003400370036003600,0.5677055
fffe32003200300034003400,0.52544445
fffe32003200340034003800,0.41726902
fffe32003500350037003100,0.45070994
fffe31003600350035003400,0.34196952
fffe32003900320036003100,0.4261947
fffe31003400380038003600,0.6321094
fffe31003800370034003900,0.55865765
fffe31003400310034003200,0.22704412
fffe31003700360034003800,0.48177743
fffe32003900340035003500,0.51473695
fffe32003200330036003400,0.6228223
fffe3300320039003300,0.37731233
fffe32003500300037003700,0.28329417
fffe32003500360033003200,0.58607763
fffe32003200360030003000,0.13860139
fffe33003300370030003700,0.680664
fffe31003400370039003500,0.64930516
fffe3200300039003800,0.6291109
fffe33003300340037003000,0.76927763
fffe32003500320037003100,0.018245969
fffe32003100310032003300,0.49676353
fffe31003000330034003400,0.78428346
fffe33003300380033003500,0.63758755
fffe32003700380035003900,0.37849548
fffe31003100300039003700,0.40991566
fffe32003100370039003600,0.39761657
fffe31003500320039003100,0.5571081
fffe31003600310034003700,0.60345405
fffe32003800390039003800,0.6014357
fffe32003900390030003600,0.8561413
fffe31003600310035003400,0.4797932
fffe32003200340033003100,0.4410369
fffe32003500370036003300,0.35420704
fffe33003400370035003000,0.6250768
fffe33003400330039003600,0.756542
fffe33003100360039003900,0.1504604
fffe3100390033003100,0.36609173
fffe31003300350034003100,0.5665446
fffe3900300038003600,0.4374071
fffe32003500300037003200,0.36455017
fffe31003000350038003100,0.4339419
fffe31003900380034003700,0.03465215
fffe32003800340031003900,0.47709873
fffe33003100320039003600,0.17236844
fffe33003200390031003500,0.29670903
fffe31003500320034003700,0.5428519
fffe32003800340032003200,0.5608335
fffe3200370032003600,0.44487435
fffe3400370030003000,0.719734
fffe32003900390037003000,0.70012057
fffe3300360037003500,0.42784092
fffe3300390031003500,0.59084797
fffe31003400380030003100,0.4138756
fffe32003000300033003400,0.69166887
fffe32003700300037003000,0.4621683
fffe31003200390032003900,0.48579407
fffe3500360035003100,0.5572293
fffe31003700360036003200,0.5190298
fffe31003100340035003400,0.35409433
fffe3200350032003400,0.59711224
fffe32003000370032003600,0.37864712
fffe31003300380033003200,0.44872153
fffe3900370034003300,0.5556313
fffe320034003700,0.2509301
fffe32003400350034003400,0.6381121
fffe33003000320039003200,0.6884491
fffe31003100350039003200,0.55625373
fffe3300350039003000,0.931941
fffe31003200370039003500,0.30649212
fffe31003800370039003400,0.5358756
fffe31003600360030003300,0.53523934
fffe3700300030003400,0.70965284
fffe31003500320030003300,0.43081304
fffe31003200310034003500,0.42759573
fffe3500350034003700,0.3556059
fffe3400310037003100,0.7019803
fffe3700340038003500,0.45624065
fffe31003100320035003500,0.19622624
fffe33003300310036003600,0.62802213
fffe32003800380036003700,0.3417925
fffe32003000380030003500,0.82499415
fffe3900320038003300,0.4543763
fffe3800390037003600,0.22816114
fffe33003100380036003900,0.5255223
fffe32003800340039003200,0.42390603
fffe31003900340030003600,0.39053667
fffe31003100360039003000,0.585761
fffe33003100390036003400,0.564132
fffe31003800330030003300,0.30778858
fffe3600300032003500,0.52809435
fffe3900340034003200,0.85073817
fffe3100360032003000,0.088150635
fffe33003200350036003400,0.43793818
fffe31003200380039003900,0.72866166
fffe31003800390039003600,0.34625542
fffe32003500390033003600,0.37786803
fffe33003000320033003000,0.56999534
fffe3800380034003200,0.601502
fffe33003200320039003400,0.35608685
fffe33003100330030003800,0.37382784
fffe31003200360037003800,0.116164215
fffe3100310034003900,0.5961925
fffe31003900300034003300,0.30821842
fffe3700370035003400,0.5529089
fffe31003400340037003400,0.34956172
fffe3700380032003200,0.61576587
fffe31003300390032003300,0.5614204
fffe31003200370037003400,0.50227565
fffe3400310030003100,0.23793632
fffe3100320031003300,0.5810062
fffe32003000390035003000,0.6700675
fffe3300330037003300,0.2870503
fffe31003500330036003000,0.56442636
fffe32003000340039003900,0.26117218
fffe33003300330034003600,0.36283585
fffe33003300300037003100,0.56339896
fffe3500330033003000,0.9613287
fffe33003400390032003300,0.62297124
fffe31003600380032003100,0.65769684
fffe32003600320038003600,0.21910718
fffe31003700390034003100,0.39265493
fffe31003400390031003000,0.59685344
fffe31003600370034003400,0.73021084
fffe32003100350032003800,0.22016609
fffe33003400380030003900,0.7430277
fffe3800360038003800,0.034934632
fffe3700370035003000,0.161883
fffe31003000300037003600,0.33028042
fffe33003300360030003700,0.1927183
fffe31003600300038003300,0.6518957
fffe340039003200,0.40330008
fffe33003200360031003200,0.3916607
fffe31003600350037003400,0.8640139
fffe31003900340031003900,0.25809032
fffe31003400350032003600,0.2863601
fffe32003900360037003500,0.3793814
fffe33003400390031003700,0.47085464
fffe3400370031003300,0.34610015
fffe31003100370032003100,0.18481636
fffe33003300340035003700,0.35029566
fffe31003700340038003900,0.38648784
fffe31003000300031003700,0.3266511
fffe32003000350035003800,0.41555223
fffe32003100350034003100,0.24942334
fffe3800370038003700,0.6613502
fffe31003500390032003300,0.6138328
fffe31003200340036003500,0.65989316
fffe3100360036003300,0.3815418
fffe31003500350036003700,0.2254705
fffe3300380033003000,0.046797957
fffe31003300370039003500,0.21847562
fffe3400360037003200,0.3646449
fffe3100380031003400,0.35973477
fffe33003200360033003000,0.34324017
fffe3100340032003000,0.3113215
fffe31003600390030003500,0.76924986
fffe33003000390035003000,0.56882113
fffe31003500300032003600,0.57175887
fffe32003200310034003700,0.9315968
fffe32003500310032003800,0.6131844
fffe31003000390035003900,0.44077006
fffe3900330031003700,0.115088485
fffe32003000330039003300,0.39606234
fffe3900390037003200,0.14638366
fffe32003700330039003400,0.5839595
fffe32003400340037003600,0.85755515
fffe3300310034003000,0.47479948
fffe32003800330037003000,0.5326203
fffe32003200310039003300,0.4400121
fffe3100340036003500,0.16387874
fffe32003800320034003400,0.4288599
fffe31003100370031003600,0.41853723
fffe33003300330031003000,0.3638156
fffe3600390033003300,0.4785804
fffe31003200310038003800,0.33237132
fffe3600390035003200,0.27484167
fffe3500300036003000,0.4415281
fffe31003600330033003700,0.21605162
fffe32003800380030003100,0.64337444
fffe32003900390038003500,0.45998585
fffe33003200360039003700,0.23418783
fffe33003300350035003000,0.45362622
fffe3800370036003300,0.2987534
fffe31003900360034003800,0.4069998
fffe3900360032003900,0.5726951
fffe33003200380038003100,0.68946975
fffe3600390039003800,0.27691516
fffe32003400310038003900,0.46984157
fffe3100370033003700,0.23881693
fffe3100380030003900,0.2629682
fffe3200310030003200,0.73104304
fffe32003100360032003100,0.3668545
fffe32003200390033003800,0.43195593
fffe3800360037003500,0.50251126
fffe32003400330035003800,0.06105782
fffe320039003700,0.46523693
fffe33003400390032003100,0.36666098
fffe32003600310037003900,0.66123927
fffe32003700380038003500,0.41131395
fffe3900310032003700,0.5442746
fffe31003900300033003300,0.5303827
fffe33003100370031003600,0.6080074
fffe31003000330037003400,0.6182282
fffe31003400310035003900,0.1274631
fffe31003700380030003100,0.57515144
fffe32003700300036003600,0.34969097
fffe31003400360039003000,0.47025478
fffe320032003700,0.5158644
fffe31003400390035003600,0.27296773
fffe31003900370038003800,0.6025209
fffe3600370037003300,0.23481412
fffe32003500300037003600,0.4552412
fffe32003400380038003800,0.40727085
fffe32003600300030003700,0.932527
fffe31003700300034003300,0.3103316
fffe3300320032003800,0.23942809
fffe32003300370038003000,0.5196508
fffe3300360031003800,0.6086986
fffe3900390035003200,0.7389614
fffe32003000340032003400,0.23498234
fffe3600330033003600,0.42816743
fffe3900380030003000,0.54662395
fffe32003600340037003300,0.5788225
fffe33003000390034003600,0.76707816
fffe32003400360038003500,0.16579686
fffe31003100350039003600,0.26835808
fffe31003600380033003500,0.16378208
fffe3200350036003800,0.18095611
fffe32003400350032003000,0.20312668
fffe32003100370032003000,0.34684485
fffe31003200380039003600,0.2442115
fffe3300310032003100,0.39482537
fffe3500390033003900,0.74379104
fffe32003400350033003300,0.49099445
fffe32003400390033003200,0.25165093
fffe3800320034003200,0.43609804
fffe3800310033003800,0.30666927
fffe3300310033003800,0.70118815
fffe33003300370037003600,0.3312504
fffe3500360036003100,0.34519058
fffe33003200390038003000,0.24456799
fffe33003400370036003500,0.5824421
fffe3200390036003200,0.4598633
fffe3800360032003400,0.6302656
fffe32003800330034003400,0.14450221
fffe32003500350036003300,0.56948465
fffe32003700300034003300,0.5539651
fffe3900360036003100,0.405938
fffe32003000380035003700,0.75082463
fffe3500390032003200,0.81099904
fffe32003700380039003700,0.40748158
fffe32003500330031003100,0.46398422
fffe3200310039003000,0.5274358
fffe32003400370039003400,0.40351388
fffe31003600320037003400,0.45048723
fffe32003200360033003700,0.43291712
fffe33003200390038003900,0.6522199
fffe32003100310036003700,0.3859808
fffe33003100340039003900,0.437589
fffe33003000390034003800,0.39448735
fffe32003300330033003300,0.28498656
fffe32003400370039003700,0.427946
fffe31003800350036003800,0.59927475
fffe31003800310033003300,0.36291024
fffe32003900380031003200,0.5172422
fffe33003000360035003000,0.3712867
fffe33003300340032003900,0.73387724
fffe31003100310039003300,0.54456836
fffe31003700340036003600,0.29402447
fffe32003200300033003300,0.55875087
fffe3100350033003900,0.28670347
fffe31003900320033003100,0.44734052
fffe32003200300037003900,0.5846126
fffe32003900360030003800,0.19256955
fffe3200300031003500,0.2178058
fffe32003800320031003200,0.5702399
fffe3800380030003400,0.45236537
fffe3200360032003900,0.017720258
fffe32003500350039003400,0.5587513
fffe31003000330034003100,0.54215264
fffe32003000330031003400,0.39875725
fffe32003200360037003300,0.46967077
fffe33003400320031003400,0.5548328
fffe32003800320036003200,0.19395553
fffe31003500320036003500,0.38899496
fffe31003100340037003900,0.24265881
fffe3300330036003800,0.35107026
fffe3200350033003600,0.4234628
fffe32003100370033003500,0.5099848
fffe32003000330033003500,0.4441266
fffe31003000390039003800,0.87079537
fffe3800310031003000,0.33195937
fffe31003700310034003800,0.33434656
fffe31003200390031003800,0.5392563
fffe3400340030003100,0.25872433
fffe3800320036003700,0.32334042
fffe3500300032003900,0.5138215
fffe33003300330031003300,0.8103633
fffe32003400330030003700,0.8274138
fffe33003000300034003300,0.45162186
fffe3100310035003300,0.3225171
fffe3900330031003800,0.34962067
fffe3400350034003900,0.7442397
fffe33003400340039003600,0.676103
fffe31003600300030003600,0.5001696
fffe33003100320031003700,0.40915793
fffe32003900330030003900,0.09379574
fffe31003500320031003600,0.35167125
fffe33003000360033003000,0.60458857
fffe32003600370033003800,0.6596524
fffe31003800380032003900,0.6498328
fffe3800320035003400,0.7554572
fffe32003700390034003000,0.4654858
fffe3100370034003100,0.17446916
fffe3900320031003900,0.6985493
fffe3100310037003500,0.39562255
fffe3600340037003400,0.29243517
fffe32003600300034003100,0.5856584
fffe33003400360035003300,0.53790116
fffe3300350036003700,0.6428822
fffe31003800340031003200,0.6796867
fffe3300340038003600,0.5797856
fffe31003800390031003200,0.4514704
fffe31003100310038003400,0.49998394
fffe31003000380031003000,0.33494172
fffe33003000380037003200,0.07183212
fffe31003700320039003500,0.5139074
fffe31003200390032003500,0.33981988
fffe3300320034003700,0.60240144
fffe33003300340039003800,0.5161842
fffe3500320032003500,0.3593394
fffe3500310037003600,0.34534115
fffe3500380030003900,0.25184372
fffe3400320036003400,0.16319053
fffe3400370035003300,0.13581751
fffe33003300320030003400,0.5573431
fffe3600330035003300,0.3157782
fffe31003000310031003000,0.4094141
fffe31003000360033003300,0.5039065
fffe32003800300032003300,0.49348158
fffe32003200300038003100,0.18835874
fffe3300330039003000,0.25689867
fffe32003400330035003100,0.4798993
fffe33003400390033003200,0.6834531
fffe32003500300033003400,0.52024376
fffe31003900370034003700,0.4665164
fffe32003200340037003000,0.6113642
fffe31003700370031003900,0.6250116
fffe33003400350036003000,0.19596153
fffe32003800390032003000,0.53480947
fffe31003100380030003200,0.60473967
fffe3500,0.34556577
fffe31003300300036003400,0.4165703
fffe31003700310039003600,0.41830626
fffe380038003100,0.22100553
fffe32003900310034003200,0.3724133
fffe32003800350032003100,0.23058242
fffe3900360038003000,0.4899315
fffe3900370037003600,0.39398858
fffe33003300320031003500,0.37654123
fffe32003600340033003600,0.7200728
fffe32003200320034003800,0.32178262
fffe33003300310038003800,0.40871447
fffe31003700360033003300,0.7120445
fffe33003400390038003900,0.39403042
fffe32003600340032003300,0.2709513
fffe32003500300034003700,0.32213458
fffe31003100350032003600,0.33506188
fffe390033003700,0.55409473
fffe33003400330030003000,0.5626221
fffe31003200370037003200,0.56717753
fffe32003300320032003100,0.35645732
fffe330033003100,0.2817552
fffe31003500310032003700,0.4038227
fffe32003800340030003200,0.51492935
fffe32003300340038003700,0.77987576
fffe32003800340038003300,0.5135151
fffe3700340031003900,0.6644963
fffe31003100340032003100,0.42611116
fffe3300340036003800,0.1246843
fffe33003200320038003400,0.41559872
fffe31003800310037003000,0.6415358
fffe32003900370032003800,0.43628576
fffe32003400370031003300,0.2631712
fffe32003800320030003800,0.3753639
fffe32003600380030003600,0.035322152
fffe32003500380035003200,0.6279143
fffe32003300310039003100,0.54160947
fffe33003300390036003800,0.19083433
fffe3300360035003700,0.6337908
fffe33003400370034003800,0.059684407
fffe3300310035003400,0.23668423
fffe31003000310039003000,0.704246
fffe31003900380037003900,0.06843523
fffe31003700300033003000,0.33432359
fffe31003600310034003500,0.084770605
fffe33003100330036003200,0.30784842
fffe3300360035003000,0.30748597
fffe32003800320033003000,0.20403214
fffe32003200320037003800,0.615687
fffe32003200370038003500,0.63307273
fffe31003800300031003600,0.52840513
fffe3700360037003200,0.728145
fffe3700310032003200,0.30567724
fffe32003900370031003400,0.40389138
fffe3200360031003400,0.7652988
fffe35003000,0.6176573
fffe32003900360034003400,0.39117286
fffe3300330032003500,0.48799488
fffe3100340030003200,0.57965857
fffe31003100360032003100,0.5232079
fffe3400360032003600,0.3024484
fffe31003400310036003000,0.5618111
fffe3500380031003800,0.5567865
fffe33003300310037003900,0.23615676
fffe32003800330038003600,0.46436635
fffe3300360039003900,0.30801082
fffe32003300320032003000,0.14337955
fffe32003500320036003200,0.76929593
fffe32003700340035003100,0.4682246
fffe31003300330031003900,0.6786779
fffe3500320037003800,0.46131083
fffe3600310039003200,0.4184017
fffe31003900340037003100,0.6668457
fffe33003300310033003500,0.022908613
fffe32003000330039003500,0.14806366
fffe31003300330036003000,0.51192343
fffe32003300350030003900,0.3435189
fffe31003400330035003100,0.29808927
fffe3100340034003300,0.40832004
fffe350031003100,0.67115736
fffe31003600360038003700,0.59784883
fffe31003900380030003200,0.6015729
fffe33003300300030003400,0.17302902
fffe31003700350030003500,0.4727772
fffe32003200340038003300,0.74502254
fffe31003900340032003800,0.6299776
fffe32003700350032003300,0.46553802
fffe31003000330036003300,0.34465617
fffe3900340035003400,0.56851566
fffe32003500360039003300,0.41489246
fffe3300370031003600,0.5157192
fffe3200380031003500,0.3540867
fffe3400390035003100,0.20193434
fffe31003800330037003500,0.43468305
fffe31003900390034003100,0.56958896
fffe3600360039003500,0.59782964
fffe31003000380035003600,0.28780162
fffe31003100370034003700,0.4727803
fffe3100330032003300,0.40382552
fffe31003900330031003400,0.8025245
fffe31003200360030003300,0.43891153
fffe33003000350036003600,0.58054775
fffe31003800370034003600,0.54304034
fffe32003900310037003100,0.3866814
fffe32003800380035003600,0.87426364
fffe3500310031003400,0.40005764
fffe32003700300037003500,0.5451172
fffe31003200310030003900,0.34704268
fffe33003000320037003300,0.2388578
fffe31003700330037003100,0.15805559
fffe3600330037003700,0.55997694
fffe32003000360036003800,0.6217439
fffe3400310036003000,0.52719855
fffe31003600330034003900,0.5802014
fffe32003500300035003000,0.38154733
fffe31003300320033003400,0.7196912
fffe3700330037003300,0.43951413
fffe33003300320037003200,0.60157955
fffe32003900320036003300,0.7488747
fffe3300350035003900,0.44475856
fffe31003500330038003600,0.43469566
fffe32003300330030003600,0.5883005
fffe33003400340033003800,0.19395646
fffe3200360038003900,0.5341552
fffe33003000390031003200,0.4412342
fffe3100390039003900,0.4581731
fffe32003100350034003000,0.07973441
fffe3800350032003300,0.83332473
fffe31003200390038003600,0.5890824
fffe31003900310032003200,0.38781437
fffe33003000300033003100,0.36632848
fffe3500380033003300,0.17414118
fffe31003200390035003600,0.49349806
fffe3400340035003200,0.9193084
fffe31003800370039003500,0.29382008
fffe32003700380037003900,0.18796605
fffe33003100380034003100,0.5408853
fffe32003600380030003900,0.7253308
fffe32003100350039003300,0.8686018
fffe32003500370032003900,0.60307115
fffe31003200300035003800,0.76452196
fffe32003200370038003400,0.24538632
fffe31003000330036003100,0.30074173
fffe32003700350034003100,0.7987513
fffe33003000380030003300,0.39846903
fffe3100340035003500,0.53052676
fffe33003400340039003700,0.40188348
fffe33003300310031003900,0.28723273
fffe32003100320032003400,0.43309084
fffe3700340031003700,0.17047326
fffe33003200340034003400,0.61567
fffe32003000390038003300,0.12012169
fffe3100310035003700,0.0063500837
fffe31003300330036003900,0.7832116
fffe31003400300032003400,0.59386224
fffe31003800350030003200,0.19607642
fffe33003300340037003600,0.765958
fffe3100360036003800,0.590847
fffe3400370038003700,0.69011116
fffe33003300300039003500,0.56186724
fffe32003400390033003900,0.56211364
fffe33003200320030003600,0.6024331
fffe3300340033003200,0.37227526
fffe3400310032003100,0.49623322
fffe31003700360037003200,0.18238232
fffe32003200360031003300,0.089942254
fffe3100330038003300,0.46518126
fffe31003800360035003500,0.59469354
fffe31003900350032003400,0.5554475
fffe32003300320032003400,0.75720394
fffe31003800340033003500,0.2449784
fffe310036003400,0.6607337
fffe32003700380030003500,0.23924784
fffe32003400370038003700,0.37805185
fffe32003200390035003800,0.5449111
fffe32003000370035003400,0.40756413
fffe32003800350035003200,0.54659784
fffe32003200350030003400,0.30990282
fffe31003700390033003900,0.8216888
fffe320038003700,0.43245173
fffe32003900370037003900,0.57631177
fffe3500300035003900,0.36407977
fffe360035003900,0.40790373
fffe33003300360034003600,0.44111386
fffe3900330036003500,0.58823836
fffe3800390039003800,0.6336235
fffe32003100350030003800,0.8670167
fffe31003300390036003100,0.3764907
fffe3200390038003400,0.6285973
fffe3200390034003700,0.25501174
fffe32003100360037003700,0.7731359
fffe32003300380030003700,0.40869078
fffe3900300037003600,0.42261612
fffe32003500340037003900,0.23394741
fffe32003600360033003900,0.6232378
fffe31003100310033003100,0.5324975
fffe33003000390033003600,0.1857432
fffe32003000330036003100,0.43752044
fffe31003400330031003500,0.7486139
fffe32003900350030003300,0.37232003
fffe32003100320033003900,0.5646369
fffe33003200370035003600,0.43796217
fffe32003200390034003300,0.23862873
fffe32003300330035003400,0.45154473
fffe31003900370032003500,0.36334002
fffe33003300380038003500,0.58576274
fffe3200380035003100,0.4534555
fffe32003200380037003100,0.32439843
fffe32003700390039003900,0.57761157
fffe3200370038003700,0.87286353
fffe33003100390032003200,0.42179573
fffe32003300320034003100,0.6069094
fffe31003400350038003200,0.53298706
fffe340038003400,0.5475041
fffe3900370033003000,0.2676459
fffe32003300310036003300,0.6434655
fffe33003200340038003700,0.30356583
fffe32003700310038003000,0.37086582
fffe31003300390035003300,0.009737978
fffe31003600370036003700,0.32860503
fffe31003900360035003300,0.54984903
fffe32003900330038003700,0.18143187
fffe370035003000,0.49463558
fffe31003600310037003500,0.41910598
fffe31003000330039003600,0.2439835
fffe33003200330033003100,0.22063032
fffe33003000380032003400,0.55656916
fffe3300370038003100,0.3560637
fffe340038003900,0.37854558
fffe330038003300,0.6503888
fffe33003000330039003300,0.38324285
fffe32003500330035003700,0.34737718
fffe32003800,0.58609074
fffe3600360032003000,0.44373387
fffe33003400320037003800,0.4905524
fffe3400370030003500,0.2767502
fffe31003600340035003700,0.390515
fffe32003900310030003500,0.78628594
fffe33003000300038003800,0.2870785
fffe33003300390032003800,0.6528507
fffe31003600320039003000,0.20896482
fffe31003500320039003000,0.43193197
fffe3300350039003400,0.511823
fffe31003600310035003200,0.4578171
fffe33003400380033003600,0.38330922
fffe32003000300031003900,0.5727435
fffe32003200380031003100,0.44991758
fffe3400350033003500,0.27370626
fffe32003300370038003700,0.36354193
fffe32003400340036003400,0.42391106
fffe31003700380033003500,0.39594406
fffe31003700330035003100,0.260218
fffe33003100310030003300,0.5799738
fffe31003600350032003900,0.374663
fffe31003400320032003000,0.62430423
fffe32003400370037003000,0.53505206
fffe31003700350032003700,0.27165702
fffe31003000380035003500,0.40423805
fffe3700360031003300,0.124666944
fffe31003300320034003300,0.36282438
fffe33003100330030003400,0.17776065
fffe3600300033003100,0.52705276
fffe31003100340037003200,0.24821547
fffe390033003400,0.38340306
fffe3700320038003300,0.57217085
fffe3500380031003300,0.42789853
fffe33003300300038003400,0.667437
fffe31003400330032003500,0.57808703
fffe33003300340038003400,0.5836131
fffe32003300350035003800,0.6840202
fffe3700300035003100,0.38783255
fffe31003900310038003800,0.5029022
fffe33003400320037003900,0.5889731
fffe32003300340031003300,0.58954704
fffe3400340031003600,0.58683
fffe31003000320037003100,0.3542108
fffe31003500360033003400,0.63507235
fffe3800390039003100,0.6153833
fffe31003700380037003600,0.22769253
fffe31003800380038003400,0.5308692
fffe33003300350033003400,0.034276795
fffe33003200370036003300,0.50297076
fffe3100300033003500,0.08485738
fffe32003500320033003600,0.6258814
fffe32003000370033003000,0.54711735
fffe31003900370034003600,0.7659066
fffe3800370035003700,0.2647469
fffe33003300300031003300,0.65753967
fffe33003200390032003800,0.5862628
fffe3800340030003400,0.1445864
fffe31003500310032003500,0.5845233
fffe3300320036003200,0.4904298
fffe3500340030003500,0.39199594
fffe31003000340033003500,0.7018938
fffe3400300030003900,0.32223463
fffe31003100390032003100,0.33404714
fffe31003800390031003600,0.123009406
fffe31003600350038003000,0.46093702
fffe31003100370035003500,0.30866134
fffe32003100340036003400,0.4377449
fffe33003200370033003500,0.5518117
fffe33003100370031003300,0.5313307
fffe32003500330039003800,0.5264836
fffe33003000350034003300,0.81886715
fffe32003600360032003300,0.748054
fffe3300330031003500,0.49717632
fffe3900390039003300,0.55873746
fffe32003700340032003700,0.44409665
fffe32003500300031003200,0.3148992
fffe3300310030003900,0.0338532
fffe3800310034003400,0.06610757
fffe31003700380033003400,0.3284605
fffe3500360034003500,0.9338834
fffe3200360030003300,0.2439923
fffe31003600350034003700,0.73059523
fffe380033003300,0.5010705
fffe32003800310036003800,0.33706394
fffe33003400350034003000,0.14627285
fffe32003400360034003700,0.3879979
fffe33003400350038003500,0.3091273
fffe3900360032003300,0.58945215
fffe32003400380033003000,0.25181708
fffe31003100380032003100,0.28847554
fffe3500380038003700,0.5909638
fffe32003200360030003700,0.5613919
fffe31003500360038003800,0.38074276
fffe33003400330037003400,0.57354754
fffe3900310037003800,0.5960985
fffe32003400300030003300,0.38577357
fffe32003800320039003800,0.30118236
fffe33003300300035003400,0.537035
fffe3700330036003600,0.57075
fffe31003200360030003100,0.78553104
fffe3500390030003100,0.010214286
fffe3600350036003800,0.40766382
fffe3500360034003100,0.50117
fffe33003300320032003400,0.46157292
fffe32003000350034003400,0.3988838
fffe31003500340036003500,0.27835637
fffe33003200340038003600,0.1333866
fffe3500350036003200,0.5596247
fffe31003300320032003600,0.3749213
fffe33003000300039003400,0.18110918
fffe33003400330034003400,0.40353385
fffe3800330031003600,0.7212328
fffe3800370030003600,0.2689366
fffe32003700360034003500,0.54555434
fffe3600380034003100,0.5666287
fffe3200360036003600,0.34507424
fffe31003700340037003900,0.6762246
fffe3400320032003700,0.41891283
fffe31003900330034003900,0.19019505
fffe31003100330037003200,0.10211499
fffe3300390031003100,0.13037471
fffe32003600380037003300,0.2999732
fffe3200380034003400,0.6312974
fffe31003600340030003300,0.042391878
fffe3400300032003000,0.70381016
fffe31003700390031003800,0.38640285
fffe33003300380036003100,0.7241528
fffe31003200390033003200,0.17017426
fffe33003300310034003300,0.58613324
fffe3100320037003100,0.45215517
fffe33003400300039003200,0.26078224
fffe33003300300032003600,0.42076558
fffe32003700310033003300,0.76505536
fffe31003000340030003700,0.41511142
fffe31003300340031003100,0.57315856
fffe31003900330034003800,0.20062885
fffe32003300350037003700,0.45641798
fffe3900300036003100,0.2174598
fffe3400340033003900,0.5182417
fffe31003400380030003800,0.2406104
fffe3400390030003000,0.12241283
fffe31003200330030003000,0.5303234
fffe32003700300038003600,0.7993693
fffe31003600310035003000,0.35807335
fffe32003300350030003700,0.5146964
fffe3900300033003600,0.6068025
fffe33003300300034003400,0.03406746
fffe31003200300033003500,0.2996091
fffe32003100320031003100,0.75129884
fffe31003400380031003500,0.41715917
fffe31003200380033003800,0.5433378
fffe33003400360032003700,0.23369955
fffe32003400360031003300,0.92965126
fffe31003400310036003100,0.3955731
fffe33003200380030003700,0.28712535
fffe32003900330033003800,0.8081077
fffe32003400360037003600,0.58441687
fffe33003200310030003000,0.55601496
fffe31003600380033003600,0.38330895
fffe3700300030003700,0.43622628
fffe31003900370030003500,0.7246659
fffe31003000350032003200,0.56694025
fffe31003500370038003700,0.5291167
fffe32003500330037003000,0.06317851
fffe31003200310031003300,0.41083303
fffe31003800330036003100,0.60628027
fffe31003200390034003300,0.29695335
fffe33003400370032003200,0.51751983
fffe33003200310033003700,0.6425135
fffe3300310031003900,0.21244662
fffe32003000300039003600,0.008528725
fffe32003800300037003000,0.21087794
fffe32003100300039003000,0.40988165
fffe310035003700,0.4338366
fffe340035003500,0.0400792
fffe33003000320039003800,0.65669113
fffe31003800330032003700,0.26223713
fffe3600300038003100,0.5137484
fffe32003700310036003200,0.68349713
fffe31003000380030003200,0.19626005
fffe32003200370038003700,0.122799486
fffe33003000350032003100,0.5827151
fffe3100300031003900,0.4243873
fffe31003000330034003800,0.21139292
fffe32003700340030003200,0.7454362
fffe32003900380036003600,0.15241241
fffe32003200390031003800,0.32208192
fffe33003200300038003700,0.7851914
fffe3700330031003300,0.61856574
fffe31003500390038003800,0.62653476
fffe31003800340035003100,0.48845756
fffe3800330030003900,0.55835843
fffe3200330035003600,0.24892606
fffe3700330037003700,0.25184444
fffe33003200370036003900,0.46339074
fffe31003800360035003900,0.7061867
fffe32003900380039003900,0.33104062
fffe32003200360034003800,0.24996378
fffe31003800320038003700,0.5435479
fffe33003000300036003000,0.6218412
fffe33003300330036003600,0.7679031
fffe3800330030003000,0.5358504
fffe32003600390037003400,0.7016858
fffe3300380033003700,0.3521649
fffe31003900340035003500,0.35382295
fffe31003300380039003800,0.57025343
fffe31003400330030003300,0.43239135
fffe3800340037003600,0.79510885
fffe31003000320030003300,0.52949965
fffe3900330035003100,0.9262278
fffe33003100350032003100,0.8106379
fffe31003900320035003700,0.42599925
fffe3500320038003000,0.2766842
fffe32003100310036003400,0.20726432
fffe32003100390031003400,0.64436764
fffe33003000350037003800,0.39284924
fffe31003200340031003900,0.39652854
fffe3100300032003200,0.32307434
fffe33003100340038003900,0.24085611
fffe32003600380036003700,0.58935916
fffe31003500360038003300,0.4095969
fffe32003900360035003600,0.41606992
fffe32003000380035003100,0.512005
fffe32003500370033003100,0.6242826
fffe33003400330034003800,0.61233807
fffe31003100380033003500,0.3934385
fffe33003300350034003700,0.4087286
fffe31003000300031003100,0.10861273
fffe33003400330034003000,0.77300394
fffe32003000310031003100,0.41029772
fffe3500300033003500,0.47248277
fffe32003500350031003200,0.4081855
fffe31003000380033003600,0.7239829
fffe31003200310034003600,0.14896505
fffe31003000370036003700,0.4521831
fffe31003200390037003100,0.4918921
fffe32003200390030003300,0.52710533
fffe31003300370039003600,0.7059461
fffe32003800360037003900,0.77135
fffe32003100390030003700,0.6036921
fffe32003000320033003900,0.4542561
fffe32003100320036003000,0.6847067
fffe33003200340036003600,0.037949774
fffe31003300330030003100,0.8432948
fffe33003100380036003500,0.56699544
fffe3300310032003200,0.11839063
fffe32003200340032003000,0.591916
fffe31003000330035003500,0.60726094
fffe3200310032003500,0.5686311
fffe31003900330031003200,0.44329086
fffe3800320033003300,0.5713173
fffe32003600390039003200,0.7737501
fffe32003600370034003700,0.46439266
fffe33003200360035003100,0.6038013
fffe32003300380031003200,0.55871457
fffe32003300390030003000,0.4908551
fffe31003000320038003700,0.3462455
fffe31003600390032003800,0.4224732
fffe31003300390032003900,0.20040639
fffe31003500380037003700,0.5537975
fffe3600380039003300,0.48106962
fffe33003100310039003500,0.61024487
fffe3800390030003600,0.21702786
fffe32003800380036003400,0.47198108
fffe31003300320039003400,0.34389874
fffe32003600340034003200,0.5514004
fffe33003400350039003200,0.4537502
fffe3600340030003900,0.6194606
fffe31003800310039003300,0.64240617
fffe31003800330033003600,0.36934713
fffe33003400360035003500,0.7570526
fffe31003100310031003700,0.36593089
fffe31003000390032003700,0.53166574
fffe3100360034003900,0.3874792
fffe3100380038003400,0.25184214
fffe33003400370031003100,0.5634759
fffe32003400330035003600,0.25780076
fffe32003300360035003900,0.69130975
fffe3400390034003400,0.7268426
fffe31003600360033003700,0.4568647
fffe31003500310038003600,0.37635243
fffe31003300360036003400,0.5350684
fffe3500380037003900,0.7729155
fffe31003000340037003800,0.45604706
fffe3400330036003600,0.8488932
fffe3600360038003800,0.1849903
fffe31003600390030003800,0.3462967
fffe32003900310038003400,0.48555112
fffe31003600380032003900,0.39452976
fffe32003700350034003700,0.5729237
fffe31003000390037003600,0.13263443
fffe33003100320031003200,0.5293324
fffe32003900350038003600,0.57440495
fffe3200370033003100,0.009114776
fffe33003200340037003400,0.262347
fffe32003000360032003500,0.47672778
fffe33003200340037003000,0.5024321
fffe32003800350037003800,0.033083748
fffe3400330032003400,0.75833344
fffe3100330037003700,0.08386599
fffe3700320036003500,0.33762023
fffe32003800320034003500,0.62147206
fffe32003400370033003200,0.83175
fffe31003000380038003400,0.3961585
fffe3800360036003600,0.67447853
fffe3500360033003000,0.4911407
fffe31003800310034003000,0.32271773
fffe3100310031003900,0.0074594156
fffe31003600310037003200,0.41421297
fffe32003400310035003900,0.35695565
fffe32003600340032003600,0.55940485
fffe3500370035003700,0.19298553
fffe32003600300037003600,0.2137011
fffe32003200310034003300,0.83258337
fffe32003700380030003100,0.5233891
fffe3800320034003700,0.011104764
fffe32003000380036003600,0.41151065
fffe33003200340031003400,0.7070945
fffe32003000310030003800,0.23461153
fffe340036003800,0.750315
fffe32003000320033003500,0.40763932
fffe3700380039003400,0.47232744
fffe3800310036003800,0.4047392
fffe3600360036003400,0.6016869
fffe32003600300035003800,0.41957596
fffe32003700310037003900,0.7225869
fffe31003700360033003700,0.518935
fffe32003600360039003500,0.5262091
fffe3600380037003900,0.42813456
fffe32003900380039003700,0.5943802
fffe32003000370031003100,0.29809815
fffe32003700330038003200,0.34883237
fffe31003600330034003700,0.35264593
fffe31003900300036003700,0.20500205
fffe33003100350034003300,0.34534597
fffe32003000380031003900,0.5981173
fffe31003700340034003000,0.4802659
fffe31003300330039003800,0.9337428
fffe31003200350030003200,0.5534093
fffe31003800300035003800,0.5344524
fffe31003500380033003600,0.7780472
fffe3400380036003500,0.5254278
fffe31003500390032003800,0.2989706
fffe3500320039003400,0.14056541
fffe33003400360030003200,0.5660968
fffe31003600360035003700,0.5358715
fffe31003000330037003900,0.5694386
fffe3300380034003900,0.22489183
fffe3600370033003300,0.7991523
fffe33003200300030003100,0.20197743
fffe31003700380030003600,0.45835346
fffe33003000350038003900,0.35522684
fffe350032003000,0.6238711
fffe3600310033003700,0.4142288
fffe31003300320036003800,0.5484974
fffe32003400340039003300,0.48835427
fffe3100350032003200,0.43643466
fffe32003800340037003500,0.5260757
fffe3900370039003100,0.39949813
fffe31003700390033003300,0.4670623
fffe32003600350033003000,0.54264796
fffe32003400380030003000,0.28491145
fffe33003300350032003500,0.4604692
fffe31003900370039003600,0.009745582
fffe3900360034003200,0.5691691
fffe3600380035003100,0.24675664
fffe31003600380030003200,0.4921777
fffe31003300300039003100,0.025171919
fffe33003200340039003700,0.53975815
fffe31003700360037003000,0.18463206
fffe3800320032003400,0.34574136
fffe33003400380032003500,0.11064075
fffe31003700310037003100,0.10995933
fffe31003200360031003600,0.4263152
fffe32003800380035003100,0.21934804
fffe370032003000,0.2964175
fffe31003600320035003100,0.72569585
fffe31003800350031003100,0.47788733
fffe3100330030003800,0.47845036
fffe32003800310038003600,0.30907688
fffe31003600340038003000,0.5623491
fffe33003400360030003400,0.65035427
fffe3700300039003900,0.60419005
fffe33003100350038003300,0.11763176
fffe32003900320035003200,0.5637534
fffe33003400310038003100,0.37209553
fffe31003800310030003300,0.12112301
fffe33003200390032003900,0.2387749
fffe32003300350039003900,0.39105627
fffe31003800350039003600,0.49261606
fffe32003200360030003300,0.44063607
fffe33003200350037003700,0.7735776
fffe32003100350035003800,0.664651
fffe31003700300037003000,0.6006772
fffe32003200380039003900,0.5670654
fffe32003300300033003700,0.4417098
fffe31003100370031003500,0.44617838
fffe31003100350032003400,0.6267435
fffe31003400350038003500,0.41776738
fffe33003000300038003600,0.32396665
fffe31003400380036003400,0.20682587
fffe3200350035003900,0.7032798
fffe33003000320033003100,0.47628096
fffe33003200330038003200,0.42494163
fffe3200380033003300,0.7298474
fffe3900380032003900,0.7455746
fffe3600360038003300,0.27046606
fffe33003300350034003200,0.716904
fffe3200330039003300,0.23665392
fffe3400340036003900,0.48056346
fffe31003800360030003400,0.68174493
fffe31003700320038003500,0.67021924
fffe32003100320030003400,0.47373456
fffe32003800320037003500,0.43114093
fffe3100390034003500,0.3449377
fffe3900350030003100,0.6140662
fffe32003300380039003100,0.017570907
fffe32003400330039003800,0.6061448
fffe31003800370031003500,0.6009529
fffe33003300370035003400,0.40410653
fffe31003600330035003600,0.6221704
fffe31003100380035003100,0.5588478
fffe3900360033003000,0.31356686
fffe32003100300031003900,0.67658466
fffe31003200370034003700,0.7469647
fffe32003100330030003900,0.7770793
fffe31003000330039003200,0.23339987
fffe3300350033003800,0.5890844
fffe31003600350037003200,0.4469109
fffe32003800310039003300,0.19694787
fffe31003500380038003700,0.4107171
fffe33003100330037003800,0.17560588
fffe32003100350030003900,0.38990685
fffe3700350035003300,0.35765395
fffe3800350030003000,0.5116883
fffe3400350035003900,0.45542997
fffe3800390035003900,0.25315246
fffe33003400390037003500,0.1935118
fffe3300340035003500,0.5551868
fffe3500330031003400,0.42115757
fffe31003000330037003800,0.27457923
fffe33003300330037003300,0.74456894
fffe31003200340031003500,0.45096394
fffe3600360036003300,0.71711755
fffe33003200380033003700,0.6776434
fffe32003100330033003000,0.50705785
fffe33003100380033003300,0.2744873
fffe33003100350032003600,0.56168
fffe32003500340032003900,0.5309797
fffe32003700390038003400,0.5553051
fffe31003600330037003900,0.40101892
fffe3700340031003300,0.2429281
fffe32003700360038003300,0.12018278
fffe3400320033003800,0.4400662
fffe3600320034003500,0.59823155
fffe31003300310038003600,0.62146825
fffe31003500330037003000,0.20982239
fffe3800380037003300,0.53137743
fffe33003200300034003400,0.36897928
fffe3800310034003100,0.36673775
fffe32003800340032003800,0.60058075
fffe360038003600,0.6599979
fffe33003000350036003000,0.39647317
fffe31003500300032003900,0.65645295
fffe31003300360033003100,0.85476595
fffe32003900310038003500,0.7009602
fffe31003400320030003600,0.26947945
fffe3700360036003300,0.53134966
fffe3300330033003200,0.6738522
fffe3300380036003700,0.33048588
fffe31003200390031003600,0.22354177
fffe3200390032003800,0.51934034
fffe33003100380033003100,0.33163458
fffe33003300300033003200,0.49503347
fffe32003400390031003100,0.51488155
fffe32003000330031003300,0.5765454
fffe31003700370036003500,0.01010576
fffe32003800350031003600,0.13489306
fffe33003400330030003300,0.2279913
fffe33003400330032003700,0.4648523
fffe31003800330038003700,0.25043613
fffe31003500350039003500,0.70105547
fffe31003600390037003200,0.64824504
fffe3200380037003000,0.29521862
fffe32003200380030003900,0.5384515
fffe3700360030003200,0.22904421
fffe32003900340038003400,0.41644418
fffe32003800390039003500,0.3258134
fffe31003300320031003100,0.27452308
fffe32003500300036003200,0.68186235
fffe3900360038003800,0.46258074
fffe32003600330033003500,0.36938593
fffe32003200310032003300,0.11172932
fffe3700320031003100,0.65776646
fffe32003500340039003400,0.0880877
fffe33003400350037003800,0.3490924
fffe3400370037003900,0.44997987
fffe31003400390039003400,0.2567135
fffe32003300340031003200,0.3396935
fffe380038003200,0.5761795
fffe31003100330035003400,0.00717569
fffe3400320035003900,0.5865525
fffe3500360037003400,0.74719584
fffe32003400350036003600,0.4457791
fffe32003900310034003900,0.8652034
fffe31003000300038003400,0.5188332
fffe3900350037003700,0.20740724
fffe31003500300036003000,0.64816326
fffe390035003900,0.58213395
fffe32003400390032003100,0.594786
fffe3200350037003900,0.22955121
fffe31003000380034003700,0.35731885
fffe31003100360037003500,0.35170656
fffe3600310034003600,0.49757168
fffe32003000330039003100,0.61632323
fffe31003100320037003100,0.3720661
fffe31003000380033003300,0.562849
fffe3700340039003300,0.111020476
fffe32003100340030003700,0.51029074
fffe32003800340032003000,0.7291269
fffe32003300320031003300,0.45111907
fffe32003500350034003300,0.5875567
fffe3600300037003600,0.32872543
fffe31003100330037003400,0.61687005
fffe3600390033003600,0.6045099
fffe32003900320031003700,0.2260327
fffe3900320038003100,0.41061413
fffe32003400330031003300,0.3905825
fffe3100300039003000,0.6322474
fffe32003800320034003700,0.6928753
fffe32003500300032003900,0.2236073
fffe32003400370033003300,0.37645164
fffe3500330035003300,0.70960146
fffe32003700370035003200,0.5135491
fffe3300330038003800,0.5990264
fffe32003900370030003400,0.07225975
fffe370037003400,0.12398544
fffe33003300340037003100,0.5164581
fffe3600320035003500,0.4486494
fffe33003200330031003300,0.95450366
fffe31003900350030003100,0.22692594
fffe31003000350037003500,0.33102694
fffe32003300310038003300,0.24569228
fffe32003800360038003500,0.3308658
fffe3200370031003300,0.2571459
fffe32003300310039003800,0.21223408
fffe3200320030003400,0.6547515
fffe32003200380033003200,0.30322564
fffe31003500370033003200,0.7581676
fffe31003900360032003200,0.63822734
fffe3900380039003500,0.25329882
fffe32003100390032003600,0.6924801
fffe32003800390037003700,0.53853106
fffe3800340031003100,0.2427781
fffe33003300370031003200,0.50483835
fffe3900390032003300,0.58259934
fffe33003200390033003800,0.56200165
fffe350035003300,0.57845366
fffe32003500300030003600,0.7296787
fffe31003100350039003100,0.40163785
fffe3500370039003000,0.38627538
fffe33003000300035003200,0.4975988
fffe3200350031003700,0.6587697
fffe3800360032003700,0.3893487
fffe31003900370033003400,0.83470124
fffe33003000330038003600,0.46105015
fffe3100320034003000,0.330392
fffe32003800370038003500,0.50435597
fffe31003400360035003400,0.60171556
fffe33003200380033003500,0.16101591
fffe32003600300034003300,0.41832036
fffe31003000300038003100,0.22126924
fffe3200300037003200,0.7644351
fffe33003100350036003700,0.4700586
fffe33003000360038003200,0.38210112
fffe3200330035003000,0.54962
fffe31003100320035003800,0.13481987
fffe31003700310035003300,0.8879221
fffe3600330038003500,0.40563393
fffe3100300035003100,0.5449552
fffe3800300033003800,0.3505138
fffe3200300032003200,0.9575874
fffe32003200330031003100,0.66713285
fffe32003700310031003500,0.29539713
fffe3200340039003400,0.34859043
fffe3400350034003800,0.1931762
fffe33003200390038003100,0.64112717
fffe33003300300034003900,0.3338955
fffe32003900390030003800,0.4077988
fffe32003400330030003000,0.2502716
fffe32003200370037003300,0.74886495
fffe31003300380031003400,0.7195925
fffe3400380037003400,0.5619021
fffe31003700370031003100,0.8586927
fffe31003400370037003000,0.17275625
fffe390036003600,0.30788207
fffe32003200340034003200,0.4132486
fffe32003800350032003400,0.4782642
fffe32003700340037003200,0.6014287
fffe32003100320037003000,0.3352524
fffe3400360033003300,0.38317326
fffe3400370035003800,0.40532994
fffe32003400380036003400,0.34500912
fffe32003700350033003400,0.6241269
fffe3700390039003400,0.5478539
fffe32003700360038003500,0.48527318
fffe32003400340034003600,0.34701842
fffe32003400360030003800,0.39796662
fffe3400300030003200,0.2842037
fffe32003900330037003300,0.2966072
fffe31003200300031003400,0.477771
fffe3600340036003500,0.50371855
fffe3500380037003800,0.3334404
fffe33003100360034003800,0.47852117
fffe31003100300032003500,0.569599
fffe32003200340038003200,0.63404495
fffe32003600380036003300,0.22704595
fffe31003600370033003800,0.6104069
fffe31003200370035003500,0.23481819
fffe33003400300033003400,0.60863274
fffe32003500330038003200,0.5498534
fffe31003700360037003600,0.20761988
fffe3100380038003000,0.2026485
fffe32003200350031003600,0.35805064
fffe32003100360034003900,0.3335231
fffe31003700330031003700,0.2746971
fffe32003200360034003100,0.5540263
fffe32003200310039003700,0.38840073
fffe32003000350036003800,0.47014278
fffe3100340038003200,0.59072775
fffe32003800350039003900,0.56707996
fffe31003400390034003300,0.34021747
fffe31003200350033003900,0.42893717
fffe33003400390036003500,0.5998325
fffe3200340036003000,0.6098684
fffe340030003100,0.4568955
fffe33003000380034003700,0.43574047
fffe33003000390039003800,0.39531472
fffe32003200310038003100,0.13265304
fffe31003400320039003000,0.5026339
fffe32003100370036003200,0.25212422
fffe31003900320037003900,0.46181855
fffe32003800330039003600,0.5554475
fffe31003300390035003500,0.27773213
fffe3200310037003300,0.7902166
fffe3300300033003000,0.33227557
fffe3700340036003800,0.4200576
fffe32003300310035003600,0.38648665
fffe33003300340033003900,0.28760692
fffe3700330033003300,0.61239696
fffe3900350031003500,0.4063916
fffe31003600320030003500,0.53839576
fffe31003500370036003400,0.062159933
fffe32003600350039003400,0.39296404
fffe32003100350039003500,0.43271065
fffe3600310034003100,0.10902597
fffe32003500370031003100,0.2734467
fffe32003200330037003200,0.5712355
fffe33003400310039003900,0.37796068
fffe31003300380037003100,0.51515067
fffe330030003200,0.5861662
fffe32003600370032003400,0.1484349
fffe31003100380034003800,0.105792224
fffe31003700340037003000,0.72623575
fffe3500330033003400,0.61456
fffe3100370030003700,0.41794202
fffe32003500330032003600,0.2524112
fffe31003500330032003100,0.42265815
fffe33003400300033003600,0.33056355
fffe3700320035003000,0.7134545
fffe31003900360030003400,0.81439555
fffe320035003300,0.19287401
fffe32003200360038003700,0.14862444
fffe32003500380030003800,0.023686623
fffe31003600380036003100,0.5476988
fffe3600310039003500,0.6456509
fffe32003700310033003200,0.27414814
fffe33003400380034003500,0.76078516
fffe3700370032003500,0.4511177
fffe31003200340038003200,0.41916567
fffe3600380037003300,0.45130268
fffe31003100320033003400,0.53337455
fffe33003200310037003600,0.30606052
fffe3500370036003900,0.3882743
fffe3400310039003100,0.59370285
fffe32003100360035003200,0.56052715
fffe32003900310033003500,0.15871565
fffe32003300320031003900,0.55004114
fffe32003500360031003900,0.43541273
fffe32003600310036003200,0.4465997
fffe31003800340038003600,0.470823
fffe3500330035003400,0.42042556
fffe3900360034003500,0.40882364
fffe32003800360039003100,0.24756625
fffe340039003300,0.58142555
fffe3600380033003500,0.11656324
fffe31003000380036003300,0.11865998
fffe32003100370037003200,0.25323728
fffe3600370033003700,0.1265204
fffe3400350032003400,0.19468488
fffe32003900350032003800,0.5803134
fffe3900300033003000,0.53058445
fffe3600340037003800,0.4115174
fffe3300380032003300,0.5843854
fffe33003400340035003700,0.45248362
fffe32003500370037003500,0.31522924
fffe3400370033003300,0.41380706
fffe33003000390030003500,0.13292548
fffe32003900350039003400,0.081426226
fffe32003700300031003600,0.54760706
fffe32003400390038003200,0.51118875
fffe31003600330036003600,0.39260396
fffe31003600330035003300,0.28434548
fffe33003400300031003600,0.61719126
fffe3900380030003900,0.4339234
fffe33003400300037003800,0.37985912
fffe32003500320032003800,0.48821136
fffe3600390031003200,0.5907041
fffe32003600350032003100,0.007045225
fffe3800360034003000,0.37935334
fffe33003000320034003200,0.5344391
fffe31003400350038003000,0.4591255
fffe32003100300031003700,0.46793553
fffe3800350033003900,0.41711333
fffe33003200330033003300,0.54643995
fffe3600360033003200,0.3703737
fffe31003400330033003500,0.44397175
fffe31003800300037003400,0.46900666
fffe33003100340030003100,0.5889644
fffe31003500320030003100,0.53031784
fffe31003800310033003000,0.5228631
fffe32003000350031003900,0.010143483
fffe33003100340032003500,0.6801788
fffe33003200330036003900,0.5523203
fffe33003200380039003200,0.5551863
fffe3200360039003500,0.5001183
fffe31003000330032003300,0.38185772
fffe3500310035003400,0.35084787
fffe32003600310038003800,0.3867164
fffe31003200300035003500,0.40605894
fffe33003000380034003900,0.56712306
fffe33003200320033003100,0.50548613
fffe31003800350037003800,0.7290431
fffe32003100380036003900,0.39350656
fffe32003300320035003300,0.72799575
fffe33003100300030003100,0.41541177
fffe31003700350031003000,0.455776
fffe3400310035003300,0.56822884
fffe3900360039003900,0.60145205
fffe32003900370038003600,0.3157384
fffe32003600320034003100,0.45337963
fffe33003400360033003000,0.64104563
fffe31003000380039003100,0.40026808
fffe32003800390038003400,0.36792
fffe3800350038003100,0.33939248
fffe3900330035003800,0.49601504
fffe32003000370030003900,0.5991373
fffe31003100320039003200,0.57774466
fffe31003200350034003400,0.074526235
fffe3400330038003400,0.69549346
fffe32003900370035003200,0.46719316
fffe33003100310034003000,0.44564098
fffe3400380031003500,0.77791953
fffe31003500320031003900,0.48372412
fffe32003400380031003400,0.56813586
fffe31003500380038003600,0.56461924
fffe31003200320034003000,0.5968267
fffe33003400310036003400,0.3078298
fffe31003500310036003700,0.30964205
fffe31003300360033003200,0.27763206
fffe32003800310034003800,0.2750112
fffe31003800380031003200,0.4206525
fffe3100320033003300,0.35605413
fffe33003400340030003600,0.58502966
fffe31003400360032003400,0.6688273
fffe32003300330030003000,0.40194604
fffe3400350034003000,0.8001866
fffe33003200390034003300,0.5349932
fffe3500320036003000,0.15408278
fffe3100390030003600,0.4741167
fffe31003100350037003500,0.5234327
fffe31003700380035003100,0.6316268
fffe3500350034003600,0.39955017
fffe33003200330030003300,0.2447724
fffe3300350036003800,0.6958632
fffe31003500300032003700,0.65066224
fffe32003200330037003000,0.7335344
fffe32003400350037003300,0.3765336
fffe33003300330039003300,0.66723293
fffe3900390030003200,0.38570565
fffe33003400360038003800,0.61374116
fffe33003400300038003800,0.39406246
fffe33003400310034003500,0.4552031
fffe3400310030003500,0.006863791
fffe31003900340031003800,0.33999932
fffe3400370039003800,0.69038343
fffe3900380038003800,0.40529835
fffe33003400370030003800,0.3713746
fffe31003000330038003100,0.3558492
fffe32003100380033003200,0.5792556
fffe31003700360030003200,0.7778679
fffe31003900320039003100,0.65778095
fffe33003200340030003400,0.00655317
fffe32003000340034003400,0.44966453
fffe340035003900,0.550611
fffe3900340032003400,0.0669386
fffe3300340037003600,0.6112161
fffe33003100380036003300,0.65946376
fffe31003300330030003800,0.4035099
fffe3900320035003900,0.59617037
fffe3900360030003600,0.38421282
fffe31003900370035003400,0.6699899
fffe33003100390039003000,0.43581367
fffe3800380037003600,0.33619192
fffe32003000310032003400,0.23792963
fffe31003200350039003300,0.2788195
fffe32003100320038003100,0.4950327
fffe32003600310034003800,0.4067559
fffe31003400370030003600,0.404156
fffe33003300340032003300,0.9306015
fffe33003100320032003300,0.37674442
fffe31003900330030003600,0.2304284
fffe32003700300031003000,0.21740055
fffe31003000350035003800,0.70221835
fffe32003300360034003600,0.16132939
fffe31003800390031003800,0.7260523
fffe32003200310036003900,0.034996387
fffe32003000320030003400,0.40737912
fffe32003900370038003000,0.23229466
fffe33003000370035003600,0.16816431
fffe32003300320030003500,0.4796926
fffe3700300035003900,0.5428411
fffe3100390030003700,0.7659224
fffe33003100330030003700,0.62043715
fffe3900360034003700,0.5056088
fffe3900350030003500,0.5749216
fffe32003800370034003200,0.4672517
fffe330030003400,0.2715732
fffe32003800320033003200,0.3237356
fffe31003900370037003800,0.3741566
fffe3600320033003900,0.54783183
fffe33003300320036003700,0.40143427
fffe3200360037003900,0.54752326
fffe31003400360030003700,0.2822103
fffe380031003100,0.7984707
fffe31003400320039003700,0.3361441
fffe31003000360035003100,0.16696988
fffe32003000310036003800,0.644466
fffe33003200340037003200,0.33078003
fffe33003400300039003400,0.70477545
fffe33003200370034003700,0.30670923
fffe31003400360039003500,0.41208735
fffe31003100330038003800,0.3357608
fffe31003300340032003500,0.5706691
fffe310036003200,0.41654274
fffe32003000300030003300,0.4081237
fffe370036003600,0.64946795
fffe32003200300033003900,0.284197
fffe31003000360035003000,0.5804893
fffe31003700310033003000,0.4858919
fffe32003500390034003200,0.60832363
fffe31003600380038003200,0.69676286
fffe32003200390035003300,0.6307398
fffe33003200370039003200,0.24243982
fffe3200330035003900,0.49082372
fffe31003800370035003500,0.26028383
fffe31003400390032003900,0.47490162
fffe3400370039003100,0.32291847
fffe31003000350033003700,0.41193146
fffe31003100300036003400,0.3547297
fffe31003000360038003300,0.22960109
fffe32003100300030003400,0.6603122
fffe32003300340037003000,0.2583361
fffe31003500340039003600,0.6465093
fffe33003100340039003000,0.5057838
fffe31003700340030003700,0.32115927
fffe31003600310039003400,0.9302132
fffe31003700300038003500,0.57539624
fffe33003300350037003800,0.039889593
fffe32003800330037003600,0.1402501
fffe3400370035003600,0.503698
fffe31003900330031003700,0.24533533
fffe32003500380032003700,0.56126624
fffe32003600360037003500,0.76669633
fffe31003800370031003000,0.4005849
fffe3700310035003000,0.4111445
fffe3200320039003300,0.5584037
fffe31003300330030003900,0.5920802
fffe32003500350038003900,0.22295888
fffe31003800360035003700,0.34431326
fffe3400370033003600,0.73437274
fffe32003000300033003000,0.34066346
fffe33003300380035003500,0.40734312
fffe3700320035003600,0.6556344
fffe33003100320034003700,0.12075548
fffe32003300350032003100,0.35257506
fffe3200360034003300,0.60559833
fffe3100360035003500,0.5569999
fffe31003500380038003300,0.4500099
fffe31003300330037003800,0.14212939
fffe3500390033003000,0.35913277
fffe33003300330032003200,0.2768832
fffe32003000300036003100,0.44455683
fffe32003400370031003800,0.5647712
fffe32003100300030003300,0.6492787
fffe31003800350032003600,0.5036155
fffe32003200370033003800,0.59888303
fffe33003100320036003100,0.49341637
fffe32003900300039003700,0.3882439
fffe31003600380030003700,0.43077654
fffe310034003000,0.011320771
fffe360039003500,0.077503726
fffe33003300370038003300,0.5143406
fffe32003100360038003000,0.20065756
fffe31003800350039003000,0.5747891
fffe31003300300038003900,0.22256592
fffe31003600320032003300,0.25245446
fffe32003100330035003500,0.39148173
fffe31003500310035003800,0.11886471
fffe31003200330033003700,0.3636957
fffe32003200390034003400,0.72904503
fffe31003000390034003900,0.31118026
fffe32003500390037003900,0.4011724
fffe3400380039003600,0.1142401
fffe32003200360038003600,0.7605975
fffe33003000370034003600,0.5098597
fffe32003000320032003900,0.46952054
fffe31003500370037003000,0.42664883
fffe32003800390030003900,0.40338832
fffe330030003800,0.65412575
fffe31003800360031003700,0.53021985
fffe33003300380031003900,0.2752023
fffe32003600320031003000,0.37489885
fffe3400300037003500,0.13442597
fffe31003900350031003600,0.28756976
fffe33003200340033003700,0.86655974
fffe3200380039003400,0.03796905
fffe32003900300031003500,0.69566923
fffe32003100320039003000,0.12381217
fffe3400350036003400,0.41940713
fffe3200310035003800,0.24303909
fffe31003700300033003900,0.4012411
fffe3900360030003100,0.43785372
fffe3800310036003300,0.24515653
fffe3700390039003900,0.674118
fffe3300300030003300,0.17334913
fffe3700300031003000,0.46143273
fffe3400380032003200,0.29811367
fffe3100310037003100,0.3305012
fffe3200380038003100,0.53121334
fffe31003400390031003800,0.45652464
fffe32003900380036003700,0.27852514
fffe32003400360039003800,0.36319542
fffe31003300340033003600,0.82061386
fffe32003900320039003500,0.6511722
fffe3300330030003600,0.838694
fffe33003200350032003100,0.42776445
fffe3700370032003900,0.41591442
fffe31003500390036003200,0.45256975
fffe32003300340032003200,0.22216958
fffe32003100390039003200,0.41017997
fffe31003100360036003200,0.39261216
fffe33003100380030003800,0.2422546
fffe31003100320031003500,0.85110545
fffe32003400370035003500,0.54517716
fffe33003000320036003100,0.5830028
fffe31003000370035003100,0.41820642
fffe32003800330031003200,0.40854234
fffe33003100380039003300,0.59525573
fffe31003200310037003500,0.012973348
fffe33003300380030003500,0.4781643
fffe3300350034003100,0.39172694
fffe32003800370038003300,0.41037896
fffe3400330037003000,0.16641198
fffe31003600300033003800,0.1931989
fffe31003500340033003500,0.62799877
fffe32003300330039003300,0.3781378
fffe32003100330039003000,0.42260957
fffe32003400380036003100,0.21388687
fffe31003100310037003100,0.43771902
fffe31003200370036003700,0.32849
fffe31003300370036003400,0.14867117
fffe33003200360036003600,0.5953939
fffe3700340039003100,0.66316617
fffe32003300300033003200,0.6856109
fffe32003300350030003500,0.37922478
fffe33003300390031003500,0.24906431
fffe33003300350038003800,0.44331947
fffe3700390033003800,0.49800596
fffe31003200380038003400,0.26780033
fffe3300300039003000,0.4290472
fffe3500350032003400,0.38021466
fffe33003000350034003000,0.61770946
fffe31003000390036003300,0.3710817
fffe3800300035003100,0.30068144
fffe31003900300032003900,0.85944086
fffe32003800390039003300,0.6926505
fffe3700360032003800,0.37789628
fffe31003700320031003500,0.7786359
fffe31003400390032003800,0.603324
fffe3100300037003700,0.58438396
fffe31003500370032003600,0.23615567
fffe32003300340037003200,0.38722512
fffe31003000360039003100,0.56534994
fffe31003800370032003400,0.3862364
fffe33003000360034003000,0.18063939
fffe32003300300036003100,0.38157374
fffe33003200310038003800,0.6423136
fffe32003900380030003800,0.103209294
fffe3100330033003900,0.43024084
fffe31003400370035003600,0.62136286
fffe33003100380034003300,0.22285125
fffe31003200330038003100,0.3988407
fffe32003500360037003300,0.40516192
fffe31003400390039003900,0.3874361
fffe32003100330035003400,0.6591747
fffe32003300340035003300,0.60009414
fffe32003000350036003600,0.37387064
fffe3600310032003700,0.4560543
fffe3300320039003000,0.39199755
fffe32003300330037003400,0.27466673
fffe31003900330036003100,0.45004386
fffe32003900330039003600,0.34919775
fffe3900310038003800,0.35521144
fffe3700310037003300,0.32327086
fffe3200300035003400,0.5671054
fffe33003200320039003500,0.47950724
fffe3900370038003700,0.63984257
fffe32003600380031003600,0.57635146
fffe3700360038003100,0.3641689
fffe31003500370034003200,0.49868447
fffe32003300340030003800,0.47180945
fffe31003000340037003900,0.4745803
fffe31003200390033003600,0.6154081
fffe31003300370034003000,0.6026498
fffe31003000380033003900,0.21704069
fffe32003300370037003700,0.41524878
fffe33003200330039003400,0.37085918
fffe32003100370034003800,0.7976265
fffe32003100370034003600,0.43108192
fffe32003600350036003000,0.0047197067
fffe31003000380039003000,0.7767357
fffe31003900330037003200,0.35738686
fffe31003100310034003900,0.3996603
fffe31003200330035003600,0.44173458
fffe32003800330037003500,0.4356731
fffe3100310036003100,0.59103906
fffe3700320031003400,0.73147386
fffe31003700320039003900,0.36702356
fffe33003000360038003800,0.38772696
fffe32003100310033003200,0.31313783
fffe33003000370030003000,0.36126572
fffe330034003100,0.6196141
fffe31003700380032003500,0.22814144
fffe3600330030003500,0.2599526
fffe3400390031003200,0.4091416
fffe3200300034003000,0.45141512
fffe32003100340030003300,0.06972215
fffe3900300036003300,0.41158658
fffe31003700300030003000,0.663706
fffe32003800350035003300,0.7427964
fffe31003300340036003200,0.5421125
fffe3600350036003300,0.8926867
fffe31003200340030003000,0.50735855
fffe3400320032003300,0.26004642
fffe32003600330033003800,0.20807028
fffe31003800310036003700,0.3992077
fffe32003200320035003500,0.17276105
fffe31003900320031003700,0.7596605
fffe31003000320038003600,0.038284104
fffe31003100310037003900,0.2662651
fffe33003100360038003900,0.58072656
fffe3600390036003300,0.40067336
fffe32003600320036003700,0.2870584
fffe33003100320037003100,0.49034843
fffe3600390037003100,0.32623166
fffe330039003400,0.16395323
fffe3800300038003400,0.4208982
fffe33003100300039003200,0.34845176
fffe31003400370039003200,0.08866832
fffe3400350036003800,0.31461972
fffe3200330036003600,0.33823442
fffe32003600350034003700,0.5362915
fffe32003800300038003500,0.055914044
fffe33003400330034003500,0.036507893
fffe31003800310036003900,0.5308788
fffe32003800310033003000,0.55625427
fffe33003000320035003900,0.50255626
fffe3800360031003300,0.50237596
fffe31003300370036003600,0.62489027
fffe32003500340037003000,0.57545406
fffe32003300310035003700,0.5546035
fffe32003700340033003700,0.6401064
fffe31003800330031003800,0.31465203
fffe3400300031003800,0.56251967
fffe31003700350036003500,0.8191499
fffe31003700320038003900,0.4686212
fffe3700300038003000,0.2811788
fffe31003500300038003600,0.6181683
fffe32003200340039003300,0.3233397
fffe32003900360033003800,0.47893587
fffe31003100350038003100,0.6580436
fffe32003300310031003800,0.67945987
fffe33003300350036003700,0.10434581
fffe32003000310031003200,0.43315226
fffe31003900300039003100,0.4655781
fffe32003600310034003600,0.11188473
fffe32003900320035003400,0.33933413
fffe3600390037003600,0.10774161
fffe31003100360032003700,0.41993535
fffe3500320031003800,0.5853282
fffe31003700380033003100,0.55936575
fffe31003700390038003100,0.3699798
fffe32003400340034003500,0.3194478
fffe32003000320039003300,0.61635387
fffe31003200320039003900,0.49305704
fffe31003200320038003500,0.4805985
fffe31003200350038003500,0.5535607
fffe31003100370034003300,0.03706683
fffe3600380035003000,0.4459472
fffe32003700360033003000,0.6209775
fffe3200330034003800,0.49610955
fffe33003300310033003700,0.7297959
fffe33003200300034003100,0.16560616
fffe31003300390033003600,0.48633158
fffe31003400350030003300,0.5409086
fffe32003600350035003600,0.7136935
fffe33003300370033003400,0.49033737
fffe3100360030003300,0.6139637
fffe3900360031003200,0.60733896
fffe31003000330033003200,0.489303
fffe3100310038003000,0.35220808
fffe33003400350033003300,0.382322
fffe31003800360036003000,0.65458137
fffe31003000340031003900,0.56810474
fffe31003300300032003300,0.7740293
fffe33003400340037003800,0.8150986
fffe32003300370034003200,0.92062306
fffe3900380030003200,0.37717667
fffe31003600390035003500,0.4055783
fffe32003400320030003600,0.42126513
fffe33003200380036003800,0.38465634
fffe3700330034003700,0.3830138
fffe3900330036003600,0.586851
fffe32003200380035003800,0.4018415
fffe32003800360036003300,0.47949314
fffe31003800390036003300,0.9263066
fffe3500350032003000,0.40827322
fffe31003700330032003000,0.5567672
fffe32003800300039003100,0.62654674
fffe3900380038003500,0.19986911
fffe32003400310034003600,0.79697365
fffe31003900350031003800,0.735544
fffe33003300340033003200,0.56975883
fffe32003900390036003500,0.53147036
fffe32003100330037003800,0.5288601
fffe33003300380035003600,0.76457053
fffe32003700320031003400,0.60726786
fffe32003700340032003000,0.65354264
fffe3100360031003400,0.5388611
fffe31003100330033003700,0.4981729
fffe32003100390039003700,0.33535025
fffe31003800390037003900,0.78582007
fffe31003800330038003900,0.32155243
fffe32003500340031003300,0.69647044
fffe3400380036003200,0.2914204
fffe3600320038003800,0.28512925
fffe3400330035003300,0.43961677
fffe3900350039003600,0.41257948
fffe32003500360032003900,0.3628901
fffe32003400370034003000,0.24136132
fffe3300320038003600,0.70530784
fffe32003800310037003600,0.54920805
fffe32003700360031003100,0.40271142
fffe33003100300034003200,0.33915618
fffe33003100320038003400,0.4519689
fffe31003600310035003300,0.7288436
fffe32003800370032003500,0.70676094
fffe32003400340034003700,0.3562572
fffe31003700360038003100,0.60563064
fffe32003700350034003500,0.39049152
fffe31003700310038003200,0.66062486
fffe3100330033003400,0.6434358
fffe32003000380031003500,0.46685585
fffe31003600300030003500,0.27340525
fffe33003100,0.016725233
fffe31003000380036003200,0.31787467
fffe31003000330032003100,0.33087334
fffe32003200350033003600,0.32258266
fffe32003400300035003100,0.16542608
fffe33003000300037003600,0.53946877
fffe33003400390033003000,0.5626876
fffe32003100320033003300,0.37351975
fffe33003000370036003700,0.25989407
fffe33003000320034003400,0.6024756
fffe33003200330030003400,0.008093543
fffe3800300033003100,0.53504634
fffe33003300340032003200,0.43042198
fffe31003300320030003000,0.56006265
fffe32003800340039003300,0.14571907
fffe3200390033003300,0.62892884
fffe3600350034003100,0.4683512
fffe32003400390035003800,0.27335116
fffe32003700330039003300,0.7388366
fffe3600330030003100,0.4995768
fffe33003200350038003300,0.28722745
fffe340037003100,0.41278678
fffe3500390033003400,0.27106753
fffe32003600330037003400,0.34958336
fffe32003300320030003100,0.3498508
fffe31003100300034003200,0.2589613
fffe31003200320030003400,0.76843053
fffe3500350036003800,0.09676253
fffe31003200340031003700,0.38862294
fffe33003300380034003100,0.25160715
fffe33003100310037003500,0.9506207
fffe31003300310034003900,0.47312194
fffe31003700350030003200,0.36746368
fffe3500370032003900,0.55367506
fffe32003900390036003400,0.31840318
fffe31003600310032003000,0.24881777
fffe31003400360034003700,0.4963625
fffe3900300032003900,0.38987637
fffe32003900370034003100,0.4161538
fffe3800310030003900,0.9157121
fffe3500300034003600,0.3801445
fffe31003300310039003600,0.5216569
fffe33003400350037003400,0.9040575
fffe3400360032003200,0.006406325
fffe31003500370038003300,0.6481771
fffe31003400310031003600,0.75991154
fffe3300300030003800,0.59622115
fffe3300330031003900,0.80833024
fffe32003800390034003700,0.5480801
fffe31003900320038003200,0.52661103
fffe31003200350030003900,0.4365117
fffe31003600370034003100,0.35475388
fffe31003400360037003200,0.7238853
fffe350037003900,0.29573768
fffe3600350038003600,0.6886506
fffe31003200310032003000,0.44171238
fffe3300370036003300,0.7527241
fffe33003100350035003200,0.22823355
fffe3300300038003200,0.10669918
fffe32003400350039003000,0.56622785
fffe32003900320032003500,0.19964035
fffe32003900350033003600,0.70491076
fffe32003200390030003100,0.70559955
fffe31003300380035003000,0.4237079
fffe31003000310039003700,0.42321944
fffe32003600310037003500,0.21882263
fffe32003600380035003300,0.70089525
fffe33003300320033003400,0.3965869
fffe31003000340035003100,0.503109
fffe31003400310038003100,0.7349655
fffe370037003500,0.48137856
fffe3200370033003800,0.038785167
fffe31003900310036003900,0.774651
fffe32003400300038003200,0.19743013
fffe31003800330037003600,0.3894082
fffe32003400330034003900,0.33026934
fffe31003500380031003500,0.12048137
fffe32003500350039003700,0.3950745
fffe32003000350032003600,0.40696374
fffe31003900350037003900,0.22616288
fffe32003800390035003300,0.21212655
fffe32003600340031003700,0.39513803
fffe32003300320030003700,0.35702592
fffe3200380031003300,0.56389654
fffe32003700370039003800,0.34824705
fffe31003400360030003400,0.27616856
fffe3500340036003700,0.31831682
fffe3200350030003800,0.45038855
fffe33003300350035003300,0.2755347
fffe31003100340037003300,0.57533914
fffe33003200350036003200,0.0056694644
fffe32003400340031003900,0.61811477
fffe31003500360036003600,0.42209673
fffe3900380034003100,0.43161848
fffe32003800320035003500,0.2758987
fffe3500310038003600,0.5028914
fffe32003700340038003000,0.40518686
fffe31003700340032003500,0.33960116
fffe32003300380039003500,0.35693544
fffe32003000340037003800,0.24913009
fffe31003100390032003500,0.37307063
fffe31003400390039003800,0.24247809
fffe33003000300031003400,0.36407566
fffe33003400360038003000,0.51775116
fffe32003300310035003800,0.27653262
fffe3100330039003000,0.134046
fffe32003200390031003200,0.538719
fffe31003200340039003100,0.39415696
fffe3400380038003000,0.31075716
fffe33003100390034003100,0.4585814
fffe31003400300037003800,0.6163126
fffe31003300360031003700,0.54322314
fffe31003200390037003200,0.41893014
fffe3100390032003700,0.06475232
fffe3900310034003200,0.5153411
fffe31003900390036003500,0.25405207
fffe3100330036003200,0.2239693
fffe33003000380032003000,0.21748921
fffe31003700320031003000,0.35646412
fffe350035003000,0.77880746
fffe3400360030003200,0.8126359
fffe32003700300034003700,0.742748
fffe3200310030003100,0.63259774
fffe3600320032003000,0.27285436
fffe32003300370034003000,0.531117
fffe33003300360034003200,0.23383221
fffe31003500380031003200,0.49386147
fffe31003300330033003500,0.46849945
fffe32003200380037003800,0.57890934
fffe31003000360036003600,0.11612786
fffe32003300390037003100,0.3910761
fffe32003000330039003600,0.44711354
fffe32003100360032003400,0.60660106
fffe33003200320032003200,0.4163218
fffe32003500350031003900,0.57104653
fffe33003000360037003400,0.6108909
fffe3800340039003800,0.5689664
fffe32003100360034003700,0.092344604
fffe3500300032003600,0.38419464
fffe3500310030003100,0.22576968
fffe3700390030003600,0.0344667
fffe32003900330030003600,0.44630328
fffe31003000370036003900,0.7496238
fffe31003600360034003600,0.86392546
fffe31003800300035003400,0.57409036
fffe32003200300031003700,0.38786152
fffe31003700360036003800,0.33153832
fffe32003600380035003800,0.3916092
fffe31003900370035003200,0.50536764
fffe32003700340031003800,0.23384243
fffe3800340037003300,0.40446067
fffe31003700340035003400,0.4686607
fffe31003200390030003000,0.6495089
fffe32003500370030003800,0.81223035
fffe31003900340038003100,0.33194798
fffe31003100340033003200,0.40722162
fffe3500370031003300,0.18994145
fffe3400330035003000,0.2962332
fffe32003000380037003500,0.020960249
fffe33003100380038003400,0.43025985
fffe32003700340034003900,0.47238576
fffe3400300033003700,0.5368318
fffe31003100350037003400,0.5822635
fffe31003200370038003400,0.2807291
fffe31003800300030003700,0.4293189
fffe33003200330034003700,0.43975225
fffe3900350036003100,0.36794677
fffe32003700320031003900,0.5678113
fffe33003100360034003000,0.2259533
fffe3300350033003100,0.28700632
fffe32003900360031003700,0.3898777
fffe32003200,0.45535707
fffe32003500320031003800,0.17605656
fffe380037003000,0.4670727
fffe31003900320030003700,0.44957918
fffe340032003400,0.4704481
fffe3900390035003400,0.815281
fffe3700340036003900,0.45931244
fffe32003300340030003300,0.43260053
fffe31003200370030003300,0.7260307
fffe31003100390039003500,0.44951916
fffe3600310034003500,0.08934298
fffe31003200350035003000,0.71293575
fffe32003000330030003100,0.29231682
fffe31003600350030003900,0.5738823
fffe3200390032003000,0.33572158
fffe33003100390031003600,0.31948218
fffe33003200330036003100,0.5141213
fffe31003000350036003800,0.2518872
fffe3300310036003700,0.6018195
fffe33003400350036003600,0.43746036
fffe31003600370033003000,0.5159686
fffe33003300340031003700,0.3482717
fffe33003100370036003700,0.59015805
fffe3900350032003300,0.6994954
fffe32003900350037003200,0.33151692
fffe3200350033003100,0.24834016
fffe3800380034003700,0.4353498
fffe32003600390036003100,0.3544891
fffe32003600320032003100,0.31294322
fffe31003700370033003900,0.1204816
fffe3900350030003800,0.5447868
fffe33003000320032003600,0.69859654
fffe33003000370033003100,0.5927445
fffe3900330037003100,0.44928265
fffe3600390034003800,0.531182
fffe31003400330037003100,0.42744467
fffe32003800360034003500,0.48603034
fffe32003400330036003100,0.46952054
fffe33003400340037003100,0.56892544
fffe33003400390032003800,0.44705558
fffe3200310034003600,0.6901426
fffe32003300320036003900,0.6133774
fffe33003300370035003900,0.46547586
fffe32003500330039003400,0.4330864
fffe32003200390031003900,0.37968454
fffe32003100320036003300,0.40794018
fffe32003400310034003900,0.60938036
fffe32003900360034003600,0.7410717
fffe31003700360031003100,0.57032233
fffe3400320031003500,0.769644
fffe31003000300036003100,0.3675804
fffe31003600380036003600,0.3997055
fffe32003900370031003200,0.5589118
fffe31003600360031003900,0.23416136
fffe31003300380032003500,0.3750154
fffe32003100320037003500,0.24798506
fffe3100320031003700,0.28763655
fffe32003200370030003200,0.6059077
fffe33003300300035003700,0.5414963
fffe3100370036003400,0.64520156
fffe32003500320035003400,0.30380774
fffe32003000310033003500,0.26994503
fffe31003700310030003800,0.11407149
fffe32003900390038003600,0.62369573
fffe33003100340032003600,0.20680857
fffe3300350031003600,0.39256907
fffe320035003200,0.39788276
fffe32003600380037003600,0.57665384
fffe3800390038003900,0.50018424
fffe32003800390038003900,0.3910234
fffe31003500360031003800,0.56000096
fffe33003600,0.4141682
fffe3600340038003000,0.4053395
fffe31003900370039003000,0.35509625
fffe33003400340032003300,0.15933229
fffe31003700350035003500,0.48883072
fffe3600360038003200,0.3415891
fffe31003000350030003300,0.67897016
fffe31003800300032003000,0.15635677
fffe31003100330034003400,0.81145334
fffe32003200330035003900,0.2894448
fffe33003200340035003900,0.70284873
fffe31003300330035003000,0.26465756
fffe3200360037003800,0.62679225
fffe3800340030003100,0.62512845
fffe3300330038003100,0.2615875
fffe31003700370032003100,0.3908104
fffe3500320036003800,0.46450928
fffe31003200310036003800,0.37108916
fffe3500340033003600,0.55011654
fffe3400300037003000,0.38261172
fffe3600320033003200,0.4506969
fffe3100350037003800,0.21796767
fffe33003300340030003100,0.5864586
fffe32003700350030003200,0.27432552
fffe33003100320030003100,0.35672814
fffe32003100360032003200,0.760722
fffe3500310039003500,0.45338467
fffe32003500310037003000,0.4313974
fffe32003300390032003200,0.41288117
fffe3900310036003400,0.37678176
fffe3700310039003900,0.23073104
fffe32003300310031003000,0.5878772
fffe31003400370036003700,0.51940966
fffe39003900,0.5681629
fffe32003300300035003000,0.28401628
fffe31003500380031003700,0.5132199
fffe3400370034003000,0.38922998
fffe31003900340039003900,0.54466313
fffe33003900,0.40395617
fffe31003900370037003700,0.4142738
fffe31003600380031003100,0.5168781
fffe3200370031003100,0.6598709
fffe3700320030003700,0.08328393
fffe3700370031003100,0.230976
fffe31003600350035003300,0.12154566
fffe33003400390030003100,0.20359296
fffe3500340037003300,0.3764497
fffe32003600340036003100,0.2505858
fffe32003700370035003900,0.3878135
fffe31003400370037003100,0.460816
fffe32003700370038003700,0.5185046
fffe32003300390038003400,0.656411
fffe32003000370034003800,0.41597342
fffe31003800360034003000,0.7179891
fffe31003900390034003400,0.24940911
fffe33003000350035003600,0.6527348
fffe3100340034003600,0.48830214
fffe3800390030003400,0.2282833
fffe33003000330034003300,0.46832103
fffe32003700300035003300,0.41651967
fffe31003700320034003000,0.27017286
fffe31003700380036003200,0.25381657
fffe33003400310030003700,0.6302087
fffe32003100390039003000,0.46224514
fffe32003500330036003800,0.3481318
fffe32003900300031003600,0.4229287
fffe32003100360031003200,0.47335246
fffe32003500310033003900,0.49765652
fffe31003400370036003600,0.37723634
fffe31003500380031003400,0.9362574
fffe32003600320036003600,0.5519561
fffe3400340036003300,0.4413266
fffe32003800340034003400,0.7318238
fffe31003300350034003900,0.38792768
fffe32003800370032003400,0.5116531
fffe350038003700,0.22275825
fffe32003900300034003600,0.33095273
fffe31003700360036003400,0.7286676
fffe31003300300037003000,0.4078917
fffe3200370038003300,0.85608023
fffe32003200380031003200,0.8431571
fffe33003100360037003400,0.4501493
fffe32003400340033003800,0.75017
fffe31003500360037003900,0.5410161
fffe33003200380037003700,0.3894938
fffe32003400370033003400,0.6070633
fffe3500300035003200,0.5288237
fffe31003400330031003300,0.2629715
fffe32003400390030003400,0.27567124
fffe32003600350038003400,0.28061876
fffe33003100370030003700,0.5031679
fffe31003300390038003800,0.43016866
fffe31003800350036003500,0.58709824
fffe32003400380038003400,0.12846309
fffe31003300390030003200,0.6278662
fffe32003400330035003700,0.43912792
fffe31003300380033003000,0.45014656
fffe3800340033003900,0.1611293
fffe32003600380035003000,0.15690012
fffe3500380034003500,0.5774264
fffe3100390037003500,0.28454673
fffe31003400370035003100,0.5899834
fffe3500320030003700,0.58140707
fffe31003200380033003600,0.37086993
fffe360039003600,0.4414065
fffe31003700370038003800,0.6277013
fffe32003100360034003100,0.6262904
fffe33003400310031003600,0.34477925
fffe33003000390032003800,0.23180413
fffe3900340031003900,0.35799116
fffe3400330031003700,0.6156253
fffe3600360037003600,0.60088223
fffe31003000310037003100,0.4058675
fffe3400350033003700,0.27539778
fffe31003300350038003400,0.5065829
fffe31003300310035003000,0.32583758
fffe3200380038003500,0.094164394
fffe32003100320038003200,0.6826362
fffe32003900370038003400,0.59591544
fffe31003800330034003400,0.57699865
fffe31003300390035003800,0.37069675
fffe32003800330031003100,0.7456709
fffe31003500360032003600,0.13853446
fffe32003300380032003000,0.6209711
fffe32003400350030003300,0.28165227
fffe31003000330033003600,0.00655559
fffe370036003000,0.4674521
fffe33003400390038003000,0.5564772
fffe31003000310034003000,0.5676963
fffe31003800300038003100,0.5304899
fffe32003600330037003200,0.40807316
fffe32003100380037003600,0.6437836
fffe31003100320033003200,0.36883235
fffe32003700300031003200,0.6061689
fffe33003100310037003900,0.4345004
fffe33003400350032003000,0.314207
fffe3900390034003700,0.20200431
fffe31003900380037003200,0.38950524
fffe3800320038003400,0.67602855
fffe33003000310032003600,0.73063177
fffe3400340038003900,0.1157956
fffe350039003700,0.40237412
fffe33003300350034003100,0.5864526
fffe3200390037003000,0.74232143
fffe33003300340035003800,0.15307218
fffe31003900370032003800,0.33668074
fffe33003400330036003100,0.5814514
fffe33003200350036003300,0.5380681
fffe3300350034003800,0.57122165
fffe3800320035003200,0.16716087
fffe310032003000,0.083035156
fffe32003700360031003200,0.39188796
fffe3900360035003600,0.53170145
fffe31003400360034003600,0.76382977
fffe360034003700,0.48657444
fffe31003000390035003400,0.45006475
fffe33003300330034003700,0.6531855
fffe31003700340038003700,0.41120127
fffe32003200330031003300,0.43554154
fffe32003500360032003300,0.5875152
fffe31003100350039003400,0.2544092
fffe33003300340032003100,0.5245038
fffe3700340030003500,0.29612643
fffe31003100330037003600,0.60189974
fffe31003600300030003100,0.88470197
fffe32003400300037003200,0.4020281
fffe31003500390030003100,0.2707955
fffe32003900340034003100,0.07802815
fffe33003400370039003000,0.616031
fffe33003000320037003400,0.34939852
fffe31003500310032003600,0.38737878
fffe32003400350034003600,0.5450132
fffe31003700380033003900,0.24376707
fffe31003400300033003200,0.3325087
fffe3500330032003000,0.6590515
fffe32003000330038003100,0.56724375
fffe31003500310037003900,0.83583665
fffe32003000340037003200,0.67255986
fffe33003200350035003200,0.51415783
fffe3500370030003600,0.5543436
fffe32003700380033003500,0.6328977
fffe32003000370039003100,0.60822695
fffe31003300330039003500,0.50552773
fffe3100360036003400,0.6167037
fffe3300310036003600,0.2221599
fffe32003900380032003800,0.5298731
fffe31003800310030003100,0.23995602
fffe3900340039003200,0.23418589
fffe32003400390034003200,0.08216506
fffe31003700330036003200,0.20802075
fffe33003400300035003100,0.65550447
fffe3600370031003200,0.6003187
fffe310037003500,0.48026076
fffe31003900380036003500,0.19928472
fffe32003800300032003800,0.7524677
fffe31003000380037003800,0.36410767
fffe3800310031003500,0.6808689
fffe3100360035003100,0.28870136
fffe3300360033003600,0.30305943
fffe3900390038003900,0.60802746
fffe3800360035003600,0.2547315
fffe31003200380036003700,0.64618796
fffe3300350032003900,0.9506072
fffe32003000320037003400,0.20588425
fffe32003700320035003300,0.70423096
fffe33003200320035003800,0.30289114
fffe3700370033003500,0.80009604
fffe3200350037003800,0.30360773
fffe320032003100,0.5126096
fffe32003000360039003900,0.29089105
fffe31003300360031003600,0.72580963
fffe33003400380036003400,0.82458967
fffe3700330030003100,0.38783655
fffe31003300390031003200,0.6512067
fffe3500370039003500,0.6207883
fffe32003100370031003700,0.50970966
fffe31003000370032003000,0.32493782
fffe31003100390035003200,0.44109556
fffe32003800340036003500,0.6151433
fffe31003000320031003000,0.5491185
fffe31003100350034003300,0.874711
fffe3800350031003900,0.217566
fffe33003400380038003700,0.4499883
fffe33003200350037003100,0.29412124
fffe32003000340030003600,0.3518389
fffe32003200320032003400,0.23172803
fffe32003300300034003700,0.77130127
fffe31003600370031003100,0.28683594
fffe33003200320032003900,0.28043267
fffe3600380039003000,0.56980735
fffe3800310030003300,0.5137855
fffe33003200330034003800,0.43842068
fffe31003800360034003500,0.22959684
fffe3400390038003000,0.62489104
fffe32003100320037003900,0.33291
fffe33003400350033003900,0.28589574
fffe32003500320033003500,0.25340447
fffe31003100340030003200,0.41315815
fffe33003000330031003800,0.6490505
fffe32003400360035003500,0.42404106
fffe31003400340033003200,0.5574287
fffe32003500340035003500,0.61102927
fffe32003200300038003300,0.093339056
fffe32003100350031003800,0.6012834
fffe31003100370035003700,0.10936709
fffe3400370032003500,0.4400987
fffe33003200380038003000,0.5688399
fffe3500360030003700,0.3123346
fffe3500370034003800,0.44518876
fffe31003700340039003000,0.4608124
fffe31003100320035003400,0.70633626
fffe31003200370032003000,0.42342922
fffe3500370034003700,0.44006944
fffe3600390033003000,0.66130584
fffe32003500380035003900,0.17515571
fffe31003300360030003800,0.5837475
fffe32003500330030003900,0.3090159
fffe32003700380030003400,0.41358614
fffe33003200310030003500,0.01494603
fffe31003100310033003900,0.49690664
fffe32003100320030003600,0.5387439
fffe32003000350034003000,0.6503322
fffe31003800380031003100,0.7369669
fffe32003800320039003300,0.019259736
fffe3200370031003000,0.626505
fffe32003200340033003400,0.38517553
fffe32003200310036003700,0.6221143
fffe32003000360038003300,0.59113497
fffe3300340036003000,0.38052624
fffe33003000300030003800,0.33068943
fffe32003000380034003600,0.27874395
fffe3400330030003300,0.57677114
fffe31003500340032003300,0.3574114
fffe31003900310038003400,0.12483225
fffe33003000370032003400,0.5178127
fffe31003400360037003500,0.5020524
fffe3600340039003200,0.3093694
fffe33003000310034003400,0.70939416
fffe3100350035003000,0.3009325
fffe3600330038003400,0.36072943
fffe31003800380034003000,0.55056435
fffe31003200310037003100,0.03623732
fffe33003100350035003400,0.6639539
fffe32003100370038003500,0.40963
fffe31003300300037003300,0.3828012
fffe33003400380034003200,0.53075665
fffe32003900360032003000,0.21258399
fffe32003500300032003200,0.22226016
fffe3100330032003600,0.40441793
fffe31003600300037003300,0.24033575
fffe31003700380037003800,0.1936585
fffe3300350037003400,0.7161365
fffe3100340036003000,0.037949774
fffe31003200340038003700,0.78810143
fffe31003800300036003700,0.19398235
fffe32003300380037003300,0.47627753
fffe31003000390034003100,0.31493825
fffe31003600390031003800,0.56026417
fffe32003700310035003200,0.6913965
fffe32003900320038003800,0.541183
fffe38003400,0.5161621
fffe31003400350035003400,0.26267207
fffe33003100300036003500,0.057520952
fffe3900350034003800,0.34231097
fffe31003500350038003100,0.6266894
fffe3200350033003300,0.6853447
fffe32003000390032003000,0.62634134
fffe3400350037003900,0.37380585
fffe3600380031003300,0.43973765
fffe32003800390033003800,0.4616481
fffe32003000390037003600,0.11162654
fffe33003300320039003100,0.56754905
fffe31003800330035003400,0.3928166
fffe31003700330030003300,0.28721613
fffe31003500380036003800,0.20323
fffe33003000330038003000,0.49289042
fffe310039003600,0.35752857
fffe31003100360035003600,0.23404728
fffe31003700300035003600,0.5677425
fffe33003300390037003100,0.656064
fffe3600330033003800,0.3680001
fffe33003000390039003600,0.40248272
fffe32003900360039003000,0.40750533
fffe330034003700,0.3881518
fffe31003900390035003800,0.5723681
fffe33003300380030003000,0.51389897
fffe3400380032003800,0.5518146
fffe33003000310038003100,0.13942637
fffe31003000380039003400,0.41306567
fffe31003100390037003000,0.6215929
fffe32003400320033003300,0.07462136
fffe3600300030003200,0.2612865
fffe3700390038003000,0.30338037
fffe32003600320034003200,0.38150015
fffe3100360034003400,0.2909961
fffe3900370035003400,0.42554587
fffe31003200310039003800,0.49352783
fffe32003500330031003700,0.60485566
fffe3900320034003100,0.14670904
fffe32003400330037003600,0.22718194
fffe3500330030003400,0.3229406
fffe32003900380039003300,0.37038404
fffe32003300330038003600,0.56178576
fffe33003000380035003800,0.56408304
fffe33003200360036003700,0.66368437
fffe32003900390032003200,0.60187674
fffe320034003900,0.2225489
fffe31003100360034003400,0.9304114
fffe33003400340034003900,0.64272904
fffe33003200300030003400,0.6339335
fffe3700330037003600,0.8400342
fffe31003300390033003100,0.31364393
fffe3900340030003600,0.20858392
fffe31003000340035003500,0.34132653
fffe32003900320030003900,0.37160113
fffe36003800,0.42585808
fffe32003900360039003900,0.4686037
fffe31003500360035003900,0.12410188
fffe3200320031003600,0.31235394
fffe33003000310034003100,0.22609413
fffe32003800370036003700,0.4742835
fffe3600330030003900,0.6696789
fffe330034003400,0.56972426
fffe31003900310034003100,0.6685939
fffe3900370039003200,0.51033175
fffe32003300320036003800,0.56667715
fffe31003700320035003000,0.7515444
fffe31003500350035003600,0.5961815
fffe3300360034003900,0.51931775
fffe32003700330037003500,0.63177943
fffe32003200370032003200,0.009004761
fffe32003700310036003900,0.37760657
fffe32003200370035003200,0.5282649
fffe32003200350039003700,0.17229232
fffe32003000370039003700,0.17993589
fffe330032003100,0.29026657
fffe31003500370035003400,0.3840958
fffe33003100380039003900,0.44716048
fffe3100310030003800,0.47110257
fffe32003000350031003600,0.28446287
fffe3100310033003400,0.6464857
fffe3700340033003300,0.4728465
fffe3200320033003900,0.40319267
fffe32003900350032003400,0.07588576
fffe33003200350034003600,0.51075983
fffe31003800360039003900,0.15705861
fffe3600320036003000,0.22134858
fffe31003200390033003400,0.44066206
fffe32003000330038003000,0.4037428
fffe32003300330036003200,0.42345774
fffe3900380031003000,0.84201986
fffe36003400,0.41684967
fffe31003000300033003500,0.7291858
fffe31003500310034003600,0.60667974
fffe32003000330033003300,0.43646377
fffe3800320037003600,0.46375513
fffe33003200390035003300,0.6991598
fffe3300390036003000,0.22587639
fffe31003800330030003200,0.56670284
fffe31003500380033003000,0.65619665
fffe33003000330039003600,0.5005829
fffe31003400360038003200,0.4138414
fffe33003100390036003300,0.3486479
fffe32003300300032003700,0.7729121
fffe31003500320033003300,0.49910957
fffe3300380034003300,0.0065031853
fffe32003100300033003300,0.4561937
fffe33003300300033003700,0.37261957
fffe3900360030003400,0.4575935
fffe33003100330037003200,0.58632153
fffe3100300037003100,0.23942524
fffe31003000390035003200,0.55669814
fffe3500390032003300,0.039593276
fffe33003100350036003900,0.37788036
fffe31003900380035003400,0.27085546
fffe32003700370037003600,0.44430518
fffe3500360035003400,0.25458744
fffe3100380038003500,0.22208582
fffe32003300360037003000,0.4394551
fffe3800370032003400,0.6881256
fffe32003500380033003800,0.6213228
fffe3500380032003600,0.39837697
fffe32003500340033003200,0.56760263
fffe31003900350038003300,0.14744925
fffe320031003000,0.5521612
fffe3600320031003900,0.59424835
fffe3300350033003200,0.55891174
fffe33003000330033003000,0.7039527
fffe32003000390032003400,0.071507595
fffe32003800370038003400,0.69056815
fffe32003300380030003000,0.6494449
fffe32003000340035003500,0.22493283
fffe31003000370031003100,0.5714699
fffe32003800350039003200,0.5646863
fffe31003800390030003600,0.26595005
fffe32003600370034003100,0.511591
fffe32003700370032003500,0.2721641
fffe33003400320039003500,0.41301
fffe31003000330032003600,0.7115497
fffe31003600370032003500,0.57663697
fffe32003900320037003900,0.23766497
fffe31003100320034003700,0.35837767
fffe31003800370034003800,0.67425674
fffe310037003900,0.53057986
fffe33003400380036003100,0.28542334
fffe31003000370036003300,0.40279612
fffe32003200350037003100,0.6175637
fffe33003400380035003800,0.55370647
fffe33003000320034003700,0.10563831
fffe31003000360037003600,0.5113705
fffe31003700390032003400,0.4162345
fffe33003200320034003000,0.006836338
fffe33003100390035003400,0.2839708
fffe3100350031003600,0.36934465
fffe32003800390033003600,0.7504342
fffe3600310038003900,0.40682516
fffe31003500330038003900,0.66804516
fffe31003800340034003700,0.61342704
fffe32003300310036003500,0.41032544
fffe32003300380031003600,0.38917574
fffe32003200350036003500,0.6598539
fffe32003000360033003400,0.7535902
fffe33003200380034003000,0.26496708
fffe31003200360031003300,0.30869305
fffe3200370030003300,0.91089076
fffe31003600320034003500,0.6207169
fffe31003400340034003200,0.5858946
fffe32003400360032003400,0.20645158
fffe32003700350030003900,0.22355859
fffe33003100380039003800,0.6533209
fffe32003400390031003700,0.6122129
fffe3400350037003700,0.37560642
fffe33003000330037003200,0.65994203
fffe32003400300035003000,0.4269407
fffe33003300340031003100,0.585466
fffe31003800320030003300,0.95615596
fffe3100390039003700,0.35318398
fffe31003200340036003100,0.39342853
fffe32003400320033003600,0.60761595
fffe31003000350033003900,0.58883846
fffe3900350033003200,0.5898908
fffe33003100310032003800,0.55909926
fffe3400390031003000,0.45741168
fffe31003400370039003900,0.38892213
fffe31003500390031003200,0.62203336
fffe330033003000,0.5691898
fffe31003000320034003300,0.5654597
fffe32003400300031003100,0.25692245
fffe33003200300037003400,0.5043495
fffe33003200370039003300,0.41012898
fffe33003000360033003100,0.28958654
fffe3100380032003500,0.47208232
fffe31003400370034003900,0.23743333
fffe31003000350037003400,0.5842887
fffe31003300380033003300,0.58477056
fffe31003600310034003300,0.34198922
fffe3300370038003300,0.7028154
fffe31003700370033003100,0.40350705
fffe31003000380035003700,0.19908246
fffe31003000310039003900,0.23410189
fffe31003300390039003400,0.5169533
fffe3300300030003500,0.69955456
fffe3800370036003600,0.14884883
fffe31003000300037003700,0.59994996
fffe31003200340037003000,0.56647766
fffe32003500380032003500,0.43877697
fffe32003800310036003500,0.20981815
fffe31003900330032003400,0.46993992
fffe3400360036003700,0.57170737
fffe3700390032003700,0.5524193
fffe3900300034003000,0.23884708
fffe32003300310036003700,0.47585618
fffe31003600380034003500,0.37901846
fffe3700370038003600,0.24731903
fffe32003600370039003600,0.9070764
fffe3500370039003200,0.44466436
fffe32003200350037003900,0.4722196
fffe31003100330039003400,0.5166363
fffe3400340032003000,0.40916258
fffe3800390034003800,0.11912385
fffe32003600370036003500,0.36821833
fffe33003000380039003800,0.50911385
fffe32003800360036003600,0.53404725
fffe31003900300037003200,0.14675477
fffe3800390035003000,0.14911239
fffe31003400360035003000,0.41298974
fffe32003100370032003200,0.6344785
fffe3600310031003800,0.61068773
fffe31003700350035003000,0.37202638
fffe31003400350034003300,0.61059207
fffe33003200380033003300,0.4702717
fffe3600380034003800,0.5634078
fffe31003800310035003500,0.6535971
fffe32003900310039003500,0.08958258
fffe32003800360035003400,0.17382689
fffe350039003800,0.24222799
fffe33003200300039003700,0.7609754
fffe33003000340039003600,0.69519395
fffe3500350038003600,0.3666925
fffe3300370030003500,0.34970236
fffe31003200300038003100,0.6086957
fffe31003800310032003000,0.8497214
fffe31003300360039003200,0.40435782
fffe31003800320030003100,0.70197725
fffe31003400330031003600,0.37378308
fffe3800330034003600,0.2812487
fffe33003000330037003400,0.63208795
fffe32003400360034003200,0.7725999
fffe3300390034003100,0.5835541
fffe3400360037003100,0.5796187
fffe32003400300031003600,0.70330626
fffe32003100320034003300,0.708564
fffe32003900360030003400,0.4260234
fffe32003200300034003600,0.39904907
fffe31003500380039003900,0.29635608
fffe3400340034003500,0.6554452
fffe31003600380030003500,0.6065652
fffe350039003300,0.5750025
fffe330032003700,0.4733746
fffe3300340031003700,0.5874977
fffe3200350037003400,0.6341453
fffe32003900390031003300,0.5046866
fffe33003400310031003800,0.5172007
fffe33003100380039003400,0.43570325
fffe33003300360037003400,0.47145084
fffe3500330037003300,0.34489363
fffe31003100390033003000,0.3068445
fffe32003700310030003500,0.52200216
fffe3700390030003700,0.38026616
fffe31003400350034003600,0.36942273
fffe33003000370037003600,0.60656923
fffe31003300360039003400,0.15408741
fffe3600330036003300,0.6217239
fffe31003700390033003400,0.94588953
fffe3400310038003700,0.0070735943
fffe3800310033003000,0.17940663
fffe3600380032003900,0.4396161
fffe3400300033003200,0.5675043
fffe33003400370034003600,0.27818885
fffe3600360039003200,0.4561526
fffe33003000310039003000,0.2703462
fffe3600380030003600,0.7061051
fffe32003700310038003900,0.36474928
fffe31003000380038003100,0.58964616
fffe32003900380031003400,0.19750324
fffe32003600340037003600,0.25062302
fffe32003000320031003900,0.74004793
fffe31003300340036003100,0.35074556
fffe33003400380039003200,0.4404676
fffe32003900330039003000,0.42634246
fffe32003300390036003000,0.8305933
fffe31003000380031003100,0.22627407
fffe33003000340038003500,0.5856219
fffe3700360038003300,0.58649856
fffe3600310033003200,0.7742045
fffe3700300038003600,0.70447254
fffe31003300330031003300,0.91572416
fffe32003900390035003800,0.2918012
fffe32003900300030003200,0.3879075
fffe33003100350034003900,0.5431329
fffe33003300370031003100,0.48882464
fffe31003800370039003600,0.5684173
fffe3400330033003800,0.5891357
fffe32003200310030003300,0.33521762
fffe3800360034003300,0.44321287
fffe3800390036003100,0.6567418
fffe32003000380031003100,0.4113715
fffe33003200370037003300,0.76353884
fffe33003100380033003600,0.46644005
fffe33003000320038003500,0.69845986
fffe3900340031003100,0.37577593
fffe32003200300036003900,0.13018522
fffe31003800330036003000,0.42061585
fffe31003600320035003400,0.46224266
fffe3600380038003700,0.57727486
fffe32003000300035003500,0.7103294
fffe3800310038003800,0.6309199
fffe32003700390032003700,0.60141873
fffe33003400330037003100,0.5996502
fffe3400300039003600,0.006220947
fffe3500340032003900,0.41030568
fffe31003600390039003300,0.14925773
fffe3100360039003200,0.3867902
fffe3600330034003700,0.61257267
fffe31003400320036003800,0.52191204
fffe33003000380034003100,0.53170514
fffe32003600330037003600,0.5102834
fffe33003300300037003700,0.64453775
fffe31003500360039003400,0.43460453
fffe31003700310032003700,0.58625585
fffe32003000330032003000,0.006806832
fffe31003000370031003400,0.4118771
fffe31003800360032003500,0.48404625
fffe33003100340037003200,0.23888192
fffe3500390037003000,0.5439054
fffe31003300310038003100,0.038664825
fffe32003800370030003600,0.2870317
fffe33003100370032003500,0.5448751
fffe32003100340031003600,0.40458032
fffe31003600320039003800,0.17803389
fffe31003700370030003000,0.43491307
fffe3900360035003500,0.60863864
fffe31003300390033003900,0.7491836
fffe32003300340037003500,0.52674764
fffe32003200360039003400,0.37717527
fffe3900310035003000,0.7762922
fffe33003200350034003400,0.35393652
fffe32003000350039003300,0.69590837
fffe31003700350036003300,0.29494888
fffe33003200350034003800,0.2705902
fffe3900330034003300,0.61030316
fffe32003400300032003500,0.31411958
fffe3500350037003400,0.5631854
fffe3500360039003900,0.32378176
fffe31003200300033003600,0.562047
fffe33003300310030003000,0.26248658
fffe31003500300031003100,0.0070181037
fffe31003900330034003200,0.5476248
fffe32003400360030003100,0.59106165
fffe32003500360038003600,0.45886195
fffe3700310036003900,0.5786818
fffe3200340031003700,0.33501652
fffe3700310035003900,0.46405485
fffe32003300300038003200,0.51951855
fffe32003900340032003600,0.5613245
fffe31003100350037003200,0.35553
fffe31003000390031003600,0.40051058
fffe32003300360035003200,0.70690805
fffe3900320033003500,0.40639517
fffe31003200310034003700,0.37573048
fffe32003000390035003500,0.34185117
fffe31003400340036003400,0.54473585
fffe3300300036003700,0.33708563
fffe3200310039003700,0.7193037
fffe33003100350033003100,0.55308306
fffe32003500390037003300,0.6219836
fffe31003700350033003700,0.35420603
fffe31003500350038003300,0.6162054
fffe3500390036003900,0.9375202
fffe33003100380032003600,0.034310058
fffe33003300350038003500,0.574659
fffe33003100360036003900,0.15061471
fffe32003600370037003000,0.5670277
fffe32003500310031003700,0.5294475
fffe3900370033003900,0.5666739
fffe33003400390034003300,0.6316749
fffe31003800390039003400,0.5009801
fffe33003400320038003500,0.31736508
fffe33003100370033003600,0.4824559
fffe31003100350039003900,0.51878357
fffe32003100300035003900,0.4759056
fffe3800390032003300,0.49316627
fffe3100300039003100,0.16944474
fffe32003400350033003200,0.3557782
fffe3100390033003500,0.31350118
fffe3900370032003500,0.6037996
fffe32003000360030003200,0.20503338
fffe31003200300038003400,0.110527046
fffe32003900330036003700,0.48058096
fffe32003500320030003800,0.24794486
fffe32003800330032003200,0.32106897
fffe31003400330035003400,0.77890295
fffe31003600320033003100,0.67114127
fffe31003000300032003500,0.32877535
fffe32003900300036003200,0.065312184
fffe31003100330030003600,0.36648825
fffe3100340039003200,0.52229685
fffe32003100380034003400,0.78022504
fffe32003400340038003800,0.28595725
fffe31003800380031003000,0.31214517
fffe32003700350037003500,0.7315315
fffe33003200300038003400,0.51428515
fffe33003100340033003300,0.5816761
fffe32003200360038003000,0.0074239857
fffe3800340034003800,0.3141796
fffe32003400300036003600,0.57615656
fffe32003600300030003600,0.3857392
fffe3700310033003500,0.6474096
fffe31003400300035003800,0.4498909
fffe3400390030003800,0.20245318
fffe31003200310033003100,0.16669425
fffe32003400390037003800,0.7264601
fffe31003600350030003500,0.3976557
fffe33003400380038003200,0.46491495
fffe33003200370038003800,0.6138438
fffe32003400330033003800,0.54839814
fffe31003000360038003200,0.09697085
fffe3100380034003000,0.51304203
fffe32003300370030003300,0.23549843
fffe32003300360033003600,0.42644468
fffe3300350038003800,0.8851583
fffe31003800360036003300,0.43379778
fffe31003500330036003300,0.34407225
fffe350036003700,0.16718432
fffe3300380037003100,0.42674574
fffe33003200370035003000,0.06942393
fffe310039003500,0.672213
fffe33003400370038003400,0.45327875
fffe31003900340030003900,0.66050684
fffe33003200340030003900,0.41189542
fffe32003500320034003000,0.24887595
fffe32003100300034003700,0.70509243
fffe3500340030003400,0.5132696
fffe3700360037003500,0.6504542
fffe31003500310037003700,0.5027454
fffe31003000350039003000,0.32591483
fffe3700300030003900,0.40516454
fffe3900300035003200,0.44221407
fffe32003900310032003900,0.5252931
fffe32003400360038003700,0.34894028
fffe3900380035003700,0.38189176
fffe32003900350031003500,0.8182617
fffe3100370037003300,0.58270144
fffe31003200390038003500,0.3851789
fffe31003700330039003200,0.23731093
fffe32003700340039003200,0.16259868
fffe3800380033003500,0.46653825
fffe31003100370033003000,0.19282578
fffe36003600,0.088138685
fffe31003800390038003500,0.16004156
fffe33003300310032003700,0.41828862
fffe33003000320037003700,0.18972707
fffe3900370036003500,0.7281547
fffe33003400350035003700,0.30908763
fffe32003400330039003700,0.6649644
fffe31003800370036003200,0.4844655
fffe33003000300035003100,0.61764026
fffe31003800310031003900,0.39316776
fffe31003600340038003700,0.5150756
fffe340030003800,0.2039637
fffe32003600370030003100,0.37099585
fffe31003900320038003600,0.61125356
fffe3600360036003000,0.38597286
fffe33003300380039003000,0.3883712
fffe32003000360036003000,0.40247387
fffe33003400380037003100,0.6452422
fffe3900300036003500,0.6086836
fffe32003000340037003400,0.69913894
fffe31003000300031003200,0.58273816
fffe32003100310038003600,0.27678967
fffe390038003100,0.7048584
fffe31003700360031003200,0.015270078
fffe32003700340039003500,0.6856384
fffe32003000360038003900,0.34711516
fffe3400340035003400,0.30244994
fffe32003200390038003400,0.75682783
fffe33003200300031003500,0.34207982
fffe3300330039003200,0.5177945
fffe360030003600,0.5622794
fffe3100320038003800,0.51888806
fffe33003400360037003300,0.67573947
fffe32003300380034003900,0.45413926
fffe31003200350031003000,0.24133696
fffe32003100310031003800,0.23656961
fffe3900320032003900,0.38191888
fffe3300380039003900,0.57744426
fffe31003900340039003200,0.4535707
fffe31003800310034003200,0.13491744
fffe32003600370038003700,0.11553703
fffe31003400350033003400,0.5475354
fffe32003100390030003300,0.5339154
fffe33003200350033003200,0.17646053
fffe31003500320039003600,0.7291474
fffe33003100390039003900,0.58104205
fffe32003200340039003900,0.69093066
fffe3700390037003900,0.4064772
fffe31003500330032003500,0.5636895
fffe31003300370039003400,0.576171
fffe33003000330036003300,0.43068007
fffe33003300340036003000,0.1568399
fffe3200350038003000,0.43060195
fffe3500330037003900,0.55518776
fffe33003000360035003800,0.6241187
fffe31003600330035003400,0.114239484
fffe31003800320035003400,0.60079503
fffe33003200380039003400,0.49412474
fffe32003700310033003900,0.52550435
fffe32003300370034003600,0.3857966
fffe33003200300036003400,0.6103797
fffe31003000300034003500,0.14520074
fffe31003900310037003700,0.21406817
fffe33003400350030003800,0.5447225
fffe350030003900,0.40462527
fffe31003500390035003100,0.6294708
fffe31003200370033003700,0.18397006
fffe31003300370036003500,0.4696161
fffe33003400360030003300,0.64917016
fffe31003200370031003400,0.5863166
fffe3400380036003600,0.27556342
fffe3300310038003900,0.44826323
fffe32003300300037003300,0.70947146
fffe31003400340036003100,0.8748383
fffe3600300034003400,0.33075893
fffe32003300350030003800,0.5387047
fffe31003700310036003300,0.39317355
fffe32003600370039003100,0.35604125
fffe32003300370033003700,0.52381784
fffe3500320032003900,0.006689695
fffe33003300360034003800,0.38679245
fffe3700380033003800,0.802002
fffe31003600330037003300,0.62388897
fffe33003000310031003600,0.5476932
fffe32003000370034003000,0.5087837
fffe3800360030003200,0.595272
fffe33003100360039003800,0.42167148
fffe32003300360030003000,0.2881288
fffe31003700360030003800,0.20659167
fffe33003100340031003600,0.59369594
fffe33003400360035003800,0.5703084
fffe31003300330038003800,0.43034452
fffe32003400380037003100,0.45354584
fffe32003200330037003700,0.5903161
fffe3900320035003700,0.4874728
fffe33003300330032003000,0.49687594
fffe33003400300032003500,0.24804048
fffe3600360034003000,0.6524066
fffe3800380039003700,0.4958642
fffe31003200360037003100,0.31316033
fffe32003100390032003700,0.4110802
fffe360035003100,0.41714445
fffe32003600360037003700,0.5436809
fffe32003900300033003400,0.41249433
fffe31003200310035003500,0.34247777
fffe3200320034003000,0.688846
fffe3500320030003900,0.5387792
fffe3600310037003300,0.5604408
fffe31003700330036003700,0.4627786
fffe31003700390035003600,0.45031542
fffe31003800330037003200,0.007562886
fffe31003200310034003100,0.09188659
fffe31003700320032003200,0.82693243
fffe32003500330035003100,0.566083
fffe3200390036003500,0.22216581
fffe3200320038003500,0.27792424
fffe31003100330037003700,0.37058344
fffe32003200370031003800,0.34636438
fffe31003200340034003700,0.2554242
fffe3100380035003100,0.24044737
fffe33003400340033003600,0.6150731
fffe31003300300030003300,0.4674598
fffe31003600390033003100,0.28408453
fffe31003600330039003400,0.40961987
fffe31003600350039003300,0.23032251
fffe3600370030003900,0.38777187
fffe32003200360031003400,0.5179425
fffe32003300320038003400,0.076437004
fffe3900300034003300,0.21217616
fffe31003100390035003300,0.530306
fffe3600360039003900,0.40945697
fffe31003700300035003100,0.75095665
fffe32003100380035003400,0.29511893
fffe33003100370038003400,0.42842168
fffe33003300320030003600,0.83711493
fffe32003400370039003900,0.6032571
fffe31003700330038003100,0.51999
fffe32003400330032003200,0.3043323
fffe33003100320037003400,0.51302636
fffe3400360039003300,0.2416312
fffe33003200390039003300,0.14894266
fffe3300360032003200,0.2856211
fffe32003300390037003800,0.3518442
fffe3400350035003400,0.222515
fffe33003000300037003000,0.43151388
fffe31003400320032003300,0.40813783
fffe33003400390038003500,0.18727338
fffe31003500310031003700,0.582961
fffe32003200340034003900,0.58342254
fffe32003100320035003700,0.5039858
fffe32003900320035003900,0.31063312
fffe31003700310030003100,0.42036504
fffe31003400360034003500,0.6060368
fffe32003700330034003200,0.6375179
fffe3900320030003300,0.61022055
fffe32003400360030003500,0.6620447
fffe33003200360031003100,0.18215467
fffe32003400390030003100,0.24114166
fffe32003100320037003100,0.57759684
fffe32003000390039003000,0.23237477
fffe32003600350035003400,0.48051387
fffe31003400340036003300,0.5301619
fffe32003900330034003500,0.3094993
fffe33003200380030003300,0.20571731
fffe31003400370039003400,0.16815126
fffe3300310031003500,0.36171928
fffe31003000300039003600,0.5743889
fffe32003600330037003900,0.5511288
fffe32003100330035003100,0.7285866
fffe32003800360035003600,0.50640273
fffe33003000310034003300,0.763919
fffe31003900320036003900,0.4710076
fffe31003700340030003300,0.39063904
fffe3800330039003100,0.33179483
fffe32003600390032003500,0.36017627
fffe31003300350032003100,0.46176583
fffe32003800330030003900,0.47981745
fffe3500320036003200,0.7482298
fffe31003700390039003800,0.5597924
fffe32003600340033003400,0.53589284
fffe32003000350032003300,0.44739318
fffe3400310035003700,0.69423443
fffe32003100360033003700,0.579966
fffe31003000310038003400,0.7911612
fffe32003600310030003100,0.31944752
fffe31003800310032003900,0.5791827
fffe32003500350030003900,0.4566425
fffe33003400390039003100,0.62516356
fffe32003900360033003900,0.6158121
fffe31003200360038003600,0.62032515
fffe3200340033003900,0.63641214
fffe3500330039003200,0.3845089
fffe32003500340035003100,0.560728
fffe3300320030003900,0.38105106
fffe31003900330039003100,0.28353158
fffe3400380030003700,0.73750633
fffe3500380036003300,0.47053537
fffe3500350032003900,0.64699715
fffe3200330038003500,0.3752205
fffe32003700320034003800,0.03750877
fffe370034003900,0.22488043
fffe32003000350033003900,0.21018885
fffe31003400310031003200,0.7634702
fffe3900340034003500,0.28467438
fffe3800310033003400,0.22577678
fffe33003000310031003100,0.09635942
fffe31003100380037003600,0.20193824
fffe32003700380034003300,0.5434545
fffe32003400390036003900,0.5600572
fffe33003300370034003500,0.56790286
fffe31003300330039003400,0.33866158
fffe370038003400,0.37952602
fffe3600320036003800,0.39831004
fffe3600350039003600,0.3391722
fffe3600330038003000,0.40655762
fffe32003600310034003700,0.23650819
fffe3300300031003500,0.33181098
fffe33003200360033003600,0.4057082
fffe33003200320034003200,0.8280492
fffe31003200350037003800,0.3651233
fffe32003800350030003200,0.5576592
fffe31003800330037003900,0.7379672
fffe33003000310031003800,0.6416483
fffe31003400320033003500,0.23198451
fffe32003500350031003800,0.40049753
fffe32003900370035003400,0.3330532
fffe31003600380030003900,0.6448354
fffe32003500360038003300,0.5320508
fffe33003400370030003700,0.8078497
fffe31003400360035003200,0.39549512
fffe31003500350034003500,0.13904266
fffe3200300030003400,0.8757984
fffe31003800390032003600,0.5282597
fffe33003400300032003100,0.47053587
fffe31003600360033003200,0.6293981
fffe3600350038003200,0.58213884
fffe31003600380035003900,0.38425496
fffe31003400350030003700,0.40284914
fffe33003200370034003100,0.5302574
fffe3900320038003900,0.5111244
fffe32003000300032003300,0.5824607
fffe33003300360032003000,0.87236154
fffe31003200370034003400,0.3937562
fffe31003400380033003700,0.6915779
fffe31003800380039003000,0.37280306
fffe3600380037003100,0.29108998
fffe3700340035003000,0.6540378
fffe3800390039003500,0.62664
fffe32003400310036003000,0.14706464
fffe33003100360032003100,0.46240595
fffe32003300310035003900,0.6538415
fffe31003000310039003800,0.5591835
fffe31003800390038003100,0.36037967
fffe32003300300033003000,0.27503088
fffe3300310036003000,0.45235124
fffe3800320032003500,0.42066088
fffe3600320031003200,0.42801937
fffe31003300340039003800,0.40650558
fffe31003000390031003900,0.026366053
fffe3100380034003900,0.60152495
fffe31003300370031003700,0.49148807
fffe31003900360034003600,0.67915004
fffe31003200340034003000,0.5140463
fffe3900330037003400,0.3399503
fffe3800360038003600,0.46432975
fffe32003600350038003600,0.6187724
fffe3200340034003800,0.5313672
fffe33003400300031003100,0.4441557
fffe31003100300031003100,0.40479115
fffe3500340039003100,0.39554545
fffe31003800320032003900,0.72317904
fffe32003400330031003200,0.25273854
fffe3900390030003600,0.86450475
fffe32003800370036003500,0.38560233
fffe3100350038003000,0.4707202
fffe31003900350031003300,0.038987964
fffe3700360037003300,0.47837716
fffe3900370037003200,0.56725794
fffe33003200370031003000,0.68110883
fffe31003600320035003800,0.7652516
fffe31003100310034003700,0.24845804
fffe32003100360031003900,0.32108617
fffe32003800390034003900,0.25524944
fffe33003200380034003400,0.60238266
fffe32003100300038003400,0.2645081
fffe31003700360039003200,0.41820243
fffe31003900370033003700,0.405138
fffe32003600310032003800,0.4179698
fffe32003100330033003800,0.3497373
fffe3200320036003000,0.22912146
fffe32003600390030003300,0.50976384
fffe33003000370035003400,0.74359685
fffe33003000310039003200,0.06562277
fffe3600360034003200,0.22363313
fffe32003700310035003500,0.65575814
fffe3500300030003900,0.4524394
fffe32003100320030003200,0.59982324
fffe33003400310030003300,0.8423769
fffe3600370034003900,0.42522523
fffe33003300370033003100,0.50652695
fffe3500360036003300,0.6184249
fffe33003100320031003300,0.7002251
fffe33003300390030003600,0.5832799
fffe31003500300034003800,0.19794852
fffe33003300330030003900,0.27335566
fffe31003700330031003200,0.22301944
fffe3200330032003400,0.23919652
fffe31003500340039003700,0.9241435
fffe32003500350034003900,0.40706196
fffe3400330031003900,0.28146318
fffe32003900370032003300,0.44742393
fffe32003100310032003500,0.4824445
fffe31003100390030003100,0.658719
fffe3800300031003300,0.60338473
fffe33003200390034003200,0.22638015
fffe3900320038003800,0.20735982
fffe33003200370035003100,0.7960573
fffe32003900310035003600,0.6577827
fffe3500390031003000,0.083967805
fffe33003100370037003200,0.72086227
fffe33003200330037003400,0.58662146
fffe31003500330035003300,0.42161667
fffe33003100320030003500,0.5869097
fffe3200390033003700,0.6121342
fffe3800300030003700,0.24820934
fffe31003500320036003700,0.3149609
fffe3100370035003200,0.68944424
fffe31003200350037003000,0.5224016
fffe32003900360036003200,0.35356477
fffe33003300370031003800,0.56013834
fffe32003600370035003800,0.34810013
fffe32003500330033003600,0.5480875
fffe31003400390030003500,0.55699563
fffe32003100370032003900,0.27495483
fffe33003100310038003100,0.64803594
fffe32003800340039003100,0.56825596
fffe31003000340039003500,0.65305424
fffe32003200320030003100,0.3492517
fffe3900360036003200,0.7418331
fffe31003900340032003600,0.17431411
fffe32003900300030003500,0.3933829
fffe31003900380032003300,0.3415041
fffe3800340038003400,0.5598036
fffe350031003900,0.36935326
fffe32003300370031003600,0.30660427
fffe370033003400,0.6742831
fffe32003000380037003000,0.3801365
fffe31003700320030003100,0.03667536
fffe32003300360031003200,0.77691
fffe3100370039003900,0.57379967
fffe3400360033003900,0.4050929
fffe32003800380037003900,0.2999209
fffe3400300036003000,0.6533931
fffe31003400380036003200,0.43944874
fffe32003000330038003600,0.3586955
fffe32003000310032003800,0.60262877
fffe31003400330033003100,0.5436161
fffe3800350034003100,0.56950915
fffe32003800340035003700,0.5653001
fffe32003700390030003200,0.3984611
fffe370033003500,0.30817002
fffe32003800320039003500,0.6061472
fffe3100360039003400,0.1171318
fffe32003900330031003100,0.41829222
fffe32003000310039003600,0.401373
fffe31003600300035003500,0.9610664
fffe33003000300031003800,0.7082426
fffe33003400380031003400,0.4013829
fffe31003900350031003400,0.80904555
fffe31003200370034003900,0.4104991
fffe31003400300032003800,0.38564935
fffe33003100310034003200,0.50138354
fffe31003700300032003700,0.5511317
fffe31003500300032003000,0.2474102
fffe3800350038003400,0.33299625
fffe33003200360034003000,0.6116253
fffe3100360030003100,0.5757107
fffe33003300340032003500,0.31424585
fffe3200360038003100,0.25072214
fffe31003300390037003000,0.4793634
fffe350031003000,0.5312064
fffe32003500380035003300,0.34227252
fffe31003300340034003500,0.36740974
fffe3900310030003900,0.6163393
fffe370032003500,0.24479413
fffe3900330034003200,0.38432804
fffe32003600370036003200,0.35225254
fffe31003200360034003500,0.18903376
fffe3800390034003400,0.7840154
fffe3400320035003000,0.63820684
fffe3400390031003700,0.5173518
fffe3800350036003300,0.5272081
fffe33003200340031003900,0.5107487
fffe31003700340036003900,0.60726005
fffe32003300310037003300,0.6283025
fffe3800380038003000,0.6122913
fffe3800330035003900,0.8384347
fffe380030003000,0.27326772
fffe32003400370038003200,0.33027318
fffe31003300350031003400,0.6033709
fffe32003800310030003200,0.75346625
fffe31003700390030003400,0.65689635
fffe31003900310031003300,0.37798637
fffe3800340031003800,0.17035243
fffe3400320033003700,0.3820756
fffe31003800350037003000,0.13512443
fffe33003100330034003600,0.4502659
fffe32003600390032003100,0.44300455
fffe31003900330038003500,0.46055782
fffe3700330034003800,0.26355144
fffe33003300340030003300,0.7428807
fffe3200390039003100,0.77651685
fffe3300300031003300,0.273283
fffe31003700310031003300,0.22692296
fffe3700350032003000,0.558035
fffe3700310038003400,0.07528782
fffe3300360030003700,0.30699903
fffe32003300350039003600,0.5561645
fffe3900380036003000,0.40804037
fffe31003900320030003400,0.56827706
fffe31003100310035003900,0.55229235
fffe33003300380035003300,0.24317189
fffe33003300330038003600,0.9293579
fffe32003400330039003300,0.52107525
fffe32003500350039003500,0.6106804
fffe3600320039003900,0.111357026
fffe33003300300035003000,0.61448133
fffe33003100330038003600,0.37522262
fffe32003400390038003700,0.2544184
fffe31003000330030003900,0.7401412
fffe3200350030003200,0.7503787
fffe32003900350032003700,0.40137452
fffe3600340031003700,0.8328791
fffe32003000380039003700,0.40183368
fffe370033003200,0.23325242
fffe32003000360034003700,0.47430924
fffe31003100310035003500,0.748196
fffe33003400330033003200,0.67472833
fffe31003500310037003400,0.667945
fffe3400300034003500,0.77840924
fffe350030003100,0.6801444
fffe31003400360031003400,0.13590747
fffe3300340039003300,0.34231284
fffe31003100300030003900,0.53349257
fffe3200370034003100,0.53886235
fffe32003100390032003400,0.6230657
fffe32003100360036003500,0.8275038
fffe32003100380034003500,0.1171327
fffe31003600330034003400,0.15770908
fffe33003300300035003200,0.03164518
fffe3900320038003600,0.03921025
fffe33003000320032003000,0.58769095
fffe32003500370030003300,0.16422068
fffe32003600380032003900,0.2624944
fffe32003600340039003300,0.4469297
fffe32003100380031003100,0.4104635
fffe3100350032003300,0.66858333
fffe32003500310035003700,0.6256255
fffe33003100310032003400,0.50976384
fffe31003000380035003000,0.5174591
fffe31003800360039003500,0.3532662
fffe33003200350035003600,0.1733781
fffe31003700360034003900,0.5619216
fffe33003200350030003100,0.58685094
fffe3400320035003700,0.72086287
fffe31003700340031003500,0.27239767
fffe32003100380037003200,0.37186438
fffe33003300370039003400,0.5767705
fffe31003300330035003600,0.5164688
fffe33003300320036003500,0.69156367
fffe3700390034003100,0.035275854
fffe31003800340037003500,0.37335548
fffe32003400300030003200,0.45618042
fffe32003400310037003900,0.24462153
fffe33003100360038003600,0.40701392
fffe31003100320031003000,0.18325941
fffe32003500370033003000,0.62249416
fffe32003100340033003000,0.41247702
fffe31003500380039003700,0.0668922
fffe32003700360035003500,0.5674578
fffe3200350032003100,0.35713765
fffe32003500350034003600,0.40471074
fffe31003900370036003600,0.4901094
fffe32003200310030003400,0.4184192
fffe32003600310037003600,0.5949104
fffe33003400310035003800,0.2259102
fffe31003800330034003800,0.26900843
fffe32003000340034003100,0.7885876
fffe33003100370036003400,0.5305345
fffe32003200300032003000,0.6194022
fffe32003800300030003300,0.7718704
fffe32003500330037003300,0.2317177
fffe32003700340036003700,0.82782805
fffe32003700330037003900,0.22742225
fffe33003300310035003100,0.35778067
fffe3700380031003500,0.5470224
fffe32003900380032003700,0.54117906
fffe3900320034003600,0.43522474
fffe33003000320036003600,0.56365985
fffe31003100340035003700,0.5200764
fffe32003000340038003800,0.2958461
fffe3900300039003700,0.7619932
fffe32003700360039003100,0.31983304
fffe32003900310039003800,0.59189993
fffe32003900320033003700,0.7171313
fffe31003000320038003800,0.29352757
fffe3200380039003000,0.30062786
fffe32003700310039003400,0.45089334
fffe3500310032003200,0.47832596
fffe3400340039003700,0.6618936
fffe31003800390037003700,0.7460955
fffe3800380032003500,0.09314431
fffe32003700350032003500,0.42688763
fffe33003400300036003900,0.60242194
fffe3100360038003900,0.45808756
fffe31003100360037003700,0.5709383
fffe3700340030003100,0.45679867
fffe32003300300030003900,0.27082062
fffe33003100350038003700,0.6339952
fffe3800300038003100,0.70285577
fffe3700310031003500,0.20545232
fffe33003100300031003600,0.5223201
fffe32003000330030003000,0.36035424
fffe32003300310035003200,0.03508965
fffe32003700350033003800,0.39631295
fffe3700340037003500,0.4243832
fffe320039003400,0.5755759
fffe31003900390031003400,0.5846227
fffe3100330038003800,0.25044382
fffe350033003800,0.49089932
fffe33003100300032003000,0.016747633
fffe32003200340033003200,0.40970775
fffe32003600380034003000,0.5591295
fffe31003100310030003900,0.43372595
fffe31003700320030003400,0.5821936
fffe32003300380035003400,0.27928293
fffe3900320039003600,0.45256975
fffe33003300370039003100,0.5117511
fffe32003400320036003600,0.4768744
fffe31003400330030003200,0.5686318
fffe32003100330034003400,0.72426844
fffe31003900370037003200,0.25298178
fffe31003500380031003600,0.27726188
fffe31003000320037003200,0.7207167
fffe32003400350036003500,0.5340517
fffe31003200300033003900,0.46234527
fffe32003500340034003100,0.59453386
fffe31003200370033003500,0.87781835
fffe3600370038003700,0.25209165
fffe32003300320034003400,0.40445182
fffe3200390037003200,0.35243052
fffe32003700320039003100,0.45505247
fffe33003400340038003200,0.5938048
fffe3300370037003600,0.81722903
fffe31003800350031003700,0.3818429
fffe31003900330036003800,0.5684446
fffe3800330034003700,0.5838029
fffe32003900330034003600,0.3860069
fffe32003600370031003700,0.19120987
fffe31003800360035003100,0.6147964
fffe32003700370034003600,0.40036473
fffe33003100340036003400,0.3787222
fffe310039003100,0.47736153
fffe31003600320031003600,0.602001
fffe33003200330031003000,0.13960434
fffe32003900390031003600,0.39011115
fffe3100310039003500,0.61837214
fffe3600390039003100,0.36759904
fffe31003400310035003200,0.19080555
fffe32003200370032003100,0.24675946
fffe31003700320039003200,0.56250626
fffe3400390037003300,0.6543814
fffe33003000300032003300,0.19409987
fffe33003200350037003300,0.8766004
fffe33003300380034003500,0.44675997
fffe3800370036003100,0.30053574
fffe31003500320038003200,0.58290285
fffe33003000300034003800,0.036484886
fffe32003400380034003900,0.23850386
fffe3100380031003100,0.3581469
fffe31003700300038003200,0.6096146
fffe31003900310033003700,0.35596824
fffe32003800320036003600,0.17962758
fffe31003800340035003500,0.35993797
fffe32003600320034003900,0.56792927
fffe31003900380037003300,0.23318867
fffe3200360030003700,0.6910551
fffe32003300360039003300,0.389628
fffe32003300330031003400,0.33088788
fffe31003400340035003200,0.27261454
fffe3500330032003700,0.41339913
fffe32003300380038003000,0.5404991
fffe33003400350033003100,0.35164502
fffe31003500310031003000,0.92088604
fffe3700310036003100,0.6360136
fffe3100390036003000,0.36521754
fffe32003200360034003700,0.72753876
fffe3200300031003900,0.43959957
fffe31003300300030003700,0.54978
fffe3400310032003200,0.5662597
fffe31003300380034003000,0.19430245
fffe32003000380039003200,0.5712994
fffe3200370032003700,0.4180505
fffe370030003200,0.6489102
fffe33003400320035003400,0.43184152
fffe31003900340038003900,0.1646653
fffe33003000340031003700,0.6008246
fffe31003200370038003700,0.3382821
fffe32003400310031003300,0.49733305
fffe31003900310039003400,0.138436
fffe32003200320038003900,0.56772816
fffe32003700340039003900,0.56930596
fffe31003100300031003600,0.5378668
fffe32003600320036003500,0.58939105
fffe31003300340034003700,0.39122698
fffe3400350034003100,0.38420475
fffe33003100310033003200,0.86354196
fffe32003500300033003600,0.5757159
fffe32003400350038003600,0.48634228
fffe3300350035003200,0.296535
fffe3100330037003900,0.00964507
fffe3300350037003100,0.30810833
fffe32003800350038003700,0.2729476
fffe3200360034003600,0.5579066
fffe3100320032003600,0.63617843
fffe32003100390038003800,0.2777922
fffe32003300370034003800,0.20385827
fffe32003600310039003700,0.662342
fffe31003600360030003500,0.59796923
fffe33003200350038003600,0.65388584
fffe32003700370036003500,0.58659184
fffe3300340036003300,0.7908374
fffe3200350031003400,0.32124776
fffe3300320034003800,0.4283184
fffe32003800390039003000,0.15795322
fffe3800390034003200,0.33107585
fffe350031003300,0.5151371
fffe3200360037003000,0.2125637
fffe340038003800,0.22108875
fffe3100350039003100,0.6732622
fffe3900370034003000,0.52374786
fffe33003000310038003200,0.4817394
fffe32003700340031003700,0.25209194
fffe3600370034003000,0.35632378
fffe33003200310034003600,0.5649958
fffe33003000390032003000,0.31231517
fffe32003800350032003500,0.4934698
fffe32003000390031003200,0.42558843
fffe31003300330039003700,0.61747164
fffe32003300330030003800,0.47461194
fffe33003400360032003400,0.77884746
fffe31003200340036003400,0.64597255
fffe32003400310035003000,0.49285874
fffe31003200330031003400,0.12571622
fffe32003600370034003000,0.23819028
fffe3500340033003900,0.16536875
fffe31003700370032003400,0.65341556
fffe3700380037003900,0.09306844
fffe31003400380037003000,0.27585658
fffe32003100310037003100,0.3912502
fffe32003800380038003100,0.5753997
fffe31003400370033003600,0.33730334
fffe33003300320034003900,0.009224238
fffe33003000340031003600,0.50081617
fffe32003900390036003000,0.4450894
fffe3500370034003300,0.69542915
fffe32003600350037003800,0.641747
fffe33003100360033003400,0.59400326
fffe31003200360036003500,0.57670414
fffe3600390035003400,0.64800227
fffe31003500300032003100,0.1621179
fffe31003300390037003300,0.041063216
fffe31003400390034003100,0.66853976
fffe32003200370033003600,0.37979412
fffe3300330030003100,0.45316818
fffe33003300330034003400,0.08930001
fffe32003900340035003600,0.39540654
fffe33003400390035003100,0.7166829
fffe31003900300039003800,0.39859477
fffe31003300320034003600,0.29696986
fffe32003500390030003400,0.23945516
fffe31003500350030003200,0.69522667
fffe31003500390031003500,0.38883466
fffe3200310030003300,0.6128857
fffe32003900340031003200,0.38758636
fffe31003400390038003300,0.40331876
fffe32003900360031003400,0.57906705
fffe3800390033003800,0.64858526
fffe31003100310033003600,0.67255175
fffe31003800300030003900,0.45102486
fffe3400320031003200,0.087727584
fffe31003600320030003600,0.3770461
fffe31003500320030003500,0.57066405
fffe32003200350032003900,0.7078355
fffe31003400340033003600,0.6083821
fffe3600320035003400,0.62528545
fffe3500350037003300,0.38203508
fffe31003100300030003000,0.7677291
fffe32003200330036003200,0.21384396
fffe31003500320033003400,0.10523335
fffe33003100370032003000,0.53211784
fffe3300380036003100,0.39398822
fffe31003000380038003900,0.53455347
fffe3300380038003800,0.69116116
fffe32003200300038003400,0.5670348
fffe32003800310038003800,0.5726321
fffe32003100350038003300,0.17219387
fffe31003300320034003400,0.3632717
fffe32003400390030003700,0.3748192
fffe3200310036003400,0.3764979
fffe33003300380034003400,0.20493576
fffe32003900300033003800,0.28820994
fffe380039003100,0.29289106
fffe31003500300030003600,0.015794076
fffe31003500330031003400,0.62696916
fffe33003100370037003900,0.6551625
fffe31003900310032003400,0.6478106
fffe33003400340039003400,0.6918459
fffe31003300320033003300,0.56320894
fffe31003000360038003400,0.364571
fffe33003300330033003100,0.52541
fffe32003200310038003200,0.41055897
fffe32003900330032003400,0.02389598
fffe31003200350039003700,0.43724567
fffe3500330034003800,0.21563472
fffe31003300300039003900,0.6469508
fffe32003200390031003400,0.37384406
fffe3400330037003100,0.122428164
fffe3800350034003700,0.21512882
fffe3900350038003700,0.41744468
fffe33003200340037003900,0.6550055
fffe31003900360038003700,0.64324415
fffe31003300350030003500,0.22120981
fffe33003300320038003700,0.41773617
fffe31003500320037003500,0.69910353
fffe3300340035003200,0.2718999
fffe3500330031003000,0.43705574
fffe31003100340037003700,0.53749126
fffe33003200300036003800,0.5810731
fffe33003300370030003300,0.32996464
fffe31003700300032003600,0.16506524
fffe32003000300039003500,0.10030008
fffe31003900320035003500,0.57552207
fffe31003200320031003400,0.2303748
fffe31003100360036003700,0.40933028
fffe32003200370039003200,0.70511585
fffe33003300300037003000,0.7168115
fffe31003200390033003900,0.46982232
fffe3800390039003400,0.5945971
fffe3700320030003200,0.53943324
fffe31003300360038003000,0.13413994
fffe3100360030003800,0.3567651
fffe3700310039003100,0.40621406
fffe32003000340034003300,0.6809565
fffe31003100370038003800,0.8897968
fffe32003200310039003500,0.56505424
fffe33003000330038003100,0.719212
fffe31003600300037003900,0.36413497
fffe31003500380035003200,0.29656518
fffe3200300030003200,0.3686671
fffe32003200380032003300,0.3900189
fffe31003700370031003300,0.5019213
fffe3500370031003500,0.40431508
fffe32003000380036003200,0.47511625
fffe32003200300031003200,0.1749235
fffe33003100310035003600,0.40171945
fffe31003100340032003700,0.3704168
fffe32003100390037003000,0.52211714
fffe31003100370036003500,0.13818353
fffe32003000360037003000,0.24601549
fffe3100370037003900,0.18578957
fffe32003300340033003700,0.5962579
fffe31003200360037003200,0.2667536
fffe32003500340030003900,0.42960438
fffe32003500390031003500,0.45790398
fffe33003300320036003200,0.009531114
fffe31003400310039003700,0.11577971
fffe3500320037003900,0.39726073
fffe32003500380039003700,0.086979166
fffe31003900380038003500,0.5533483
fffe32003000330035003800,0.93603426
fffe3800340032003300,0.4213589
fffe32003300370037003900,0.27611378
fffe33003400360038003700,0.55741876
fffe32003500320037003500,0.2626057
fffe3200370038003200,0.00798386
fffe31003400340033003000,0.5995007
fffe3900360030003000,0.6342098
fffe31003600300038003700,0.5480592
fffe3800330039003600,0.4494293
fffe32003300330031003000,0.4216551
fffe33003000390036003000,0.5692944
fffe31003900340032003400,0.39174733
fffe33003100370036003900,0.37090558
fffe3700330038003300,0.46959865
fffe31003000300038003300,0.25419828
fffe32003200310030003600,0.19747862
fffe33003100320036003200,0.11891421
fffe32003200330032003000,0.87894845
fffe31003600380034003200,0.18366505
fffe33003000340035003600,0.4732592
fffe32003200350035003800,0.44613075
fffe3700320037003200,0.44182116
fffe31003900310035003000,0.53537667
fffe32003700370033003800,0.5974229
fffe3800360038003900,0.3898492
fffe33003100320034003600,0.6725011
fffe31003800300036003900,0.3570132
fffe31003500360034003000,0.6228274
fffe31003300310035003100,0.4060589
fffe3900320039003200,0.4082684
fffe3200300037003800,0.45915365
fffe32003900380032003500,0.75987315
fffe33003400370031003700,0.51656777
fffe31003400340030003200,0.34022948
fffe3400340032003100,0.18825915
fffe31003400320035003900,0.5134147
fffe33003000300039003800,0.61695737
fffe31003800330035003800,0.41046068
fffe32003500360033003600,0.59984773
fffe3900310032003500,0.3209137
fffe32003200390036003900,0.65891504
fffe3100310038003100,0.40536302
fffe3800330031003400,0.47489637
fffe31003900350033003000,0.65321994
fffe31003500390032003500,0.46089894
fffe3300360037003000,0.34814954
fffe32003300320039003700,0.5549904
fffe3300340036003200,0.8294398
fffe31003000310032003000,0.37121364
fffe3800390036003900,0.78696656
fffe33003200320035003600,0.5124807
fffe3600380038003800,0.708384
fffe32003900350033003100,0.6531356
fffe31003800300038003900,0.67500114
fffe31003000310031003800,0.19050021
fffe3500320036003500,0.7309837
fffe32003100300038003900,0.55968136
fffe3600330032003600,0.607477
fffe3700380032003100,0.1813786
fffe32003900380030003200,0.18942013
fffe31003300310031003800,0.006190645
fffe33003200340039003600,0.23789005
fffe32003000300033003700,0.4868616
fffe32003300380039003800,0.35240364
fffe32003300320035003100,0.45657972
fffe33003400310035003200,0.116038986
fffe31003200370037003500,0.5419448
fffe330034003200,0.29106352
fffe33003100380030003200,0.0375209
fffe31003200330034003900,0.63077015
fffe31003400360030003600,0.74992317
fffe3800390030003100,0.54691046
fffe31003500320039003200,0.5612586
fffe3500320031003700,0.31029043
fffe31003300300038003100,0.67325014
fffe3600350032003100,0.625662
fffe31003500360030003300,0.4669921
fffe32003800330038003300,0.46483126
fffe32003000310032003200,0.47513548
fffe31003300390037003500,0.37905693
fffe32003700360033003700,0.6530357
fffe31003600340034003500,0.30794978
fffe32003900330037003400,0.3459808
fffe3100320037003800,0.29382008
fffe32003900320032003600,0.5697991
fffe32003800310039003900,0.025219813
fffe32003800360036003200,0.5765193
fffe31003100380037003000,0.86337477
fffe31003400320030003900,0.6287616
fffe31003200310036003300,0.5683258
fffe31003400380032003000,0.55521005
fffe32003800370038003900,0.25579658
fffe32003300300037003600,0.16862246
fffe32003200350038003500,0.41212076
fffe310030003600,0.20271228
fffe32003200300036003700,0.6116498
fffe32003400340032003100,0.06749383
fffe32003300370030003900,0.3373234
fffe3800310038003500,0.36780542
fffe33003200330038003000,0.0396819
fffe31003500360038003600,0.5756206
fffe3200340030003400,0.61115235
fffe31003800310036003200,0.33504438
fffe3200370035003500,0.35168082
fffe32003600320030003900,0.38306117
fffe3500340034003900,0.503115
fffe32003800390038003800,0.23567846
fffe32003500390038003000,0.80722725
fffe31003900390037003900,0.6081088
fffe31003200330033003000,0.6026726
fffe32003700310035003900,0.6258687
fffe33003300310037003600,0.49583274
fffe32003200330034003000,0.23684256
fffe3800320037003000,0.81248385
fffe31003900390033003900,0.18081342
fffe32003000310038003300,0.39168406
fffe32003800340030003900,0.044939645
fffe32003100360030003500,0.23104668
fffe3600340034003800,0.15563129
fffe31003600300037003200,0.59752
fffe32003100370035003400,0.50545514
fffe33003000380035003600,0.20053686
fffe31003900300031003700,0.07671031
fffe31003200380037003800,0.51306
fffe350034003000,0.45192772
fffe31003700360036003500,0.24500954
fffe3200340036003100,0.39785716
fffe31003700300030003900,0.45172384
fffe32003300390034003500,0.3891639
fffe31003700380033003200,0.13122962
fffe33003400390036003400,0.602999
fffe32003100300031003200,0.5275834
fffe3800320030003400,0.654308
fffe33003200370039003600,0.44290853
fffe33003100320032003500,0.84893316
fffe33003400350032003400,0.22443558
fffe32003500320032003000,0.33775002
fffe320036003500,0.47622818
fffe32003100370031003100,0.2221675
fffe32003800390038003500,0.6261
fffe32003400370034003400,0.37752366
fffe31003800360033003300,0.5623235
fffe32003100380036003700,0.76499677
fffe31003600380035003800,0.49196106
fffe31003000310036003500,0.6278634
fffe33003300330037003000,0.6233082
fffe32003100380032003300,0.42015383
fffe31003600340038003200,0.5927441
fffe3300390038003800,0.24394569
fffe31003800370032003100,0.33349708
fffe31003800330038003100,0.59467417
fffe3100340034003200,0.16596058
fffe3800380032003400,0.6328369
fffe3800300038003600,0.23704004
fffe31003100380038003800,0.56800556
fffe340035003000,0.4327173
fffe3700300031003800,0.3769732
fffe33003200350032003200,0.18434916
fffe32003800320033003800,0.2274004
fffe3600360030003900,0.68048394
fffe3400340035003900,0.20454662
fffe32003700380034003700,0.29360145
fffe32003700300033003600,0.27224344
fffe33003200300032003400,0.77825487
fffe31003500380032003000,0.5977729
fffe31003900390034003300,0.6343548
fffe32003800330037003200,0.5775597
fffe3500310034003800,0.72416097
fffe32003100340038003800,0.13892336
fffe33003200370038003400,0.48182833
fffe33003300370039003000,0.22311157
fffe3300370031003500,0.41094115
fffe33003200380030003400,0.71788025
fffe31003000370038003700,0.7915324
fffe33003200330034003300,0.8300365
fffe3400380038003300,0.5826534
fffe31003000330035003200,0.74278
fffe31003700330031003500,0.33257887
fffe31003200300032003900,0.6124226
fffe33003000330030003200,0.4100863
fffe33003400330039003300,0.3849646
fffe3600350036003600,0.26939866
fffe3900320035003500,0.6039647
fffe31003800310039003700,0.65347356
fffe31003700350036003200,0.51356316
fffe31003100340035003900,0.37979147
fffe3600380038003300,0.41724613
fffe32003900310038003600,0.33885702
fffe3100350036003400,0.42541093
fffe3100390036003300,0.4376469
fffe32003100340036003900,0.2916675
fffe31003700360034003400,0.6510178
fffe32003200310037003700,0.22095345
fffe31003900310039003100,0.66165537
fffe31003400390038003800,0.033987373
fffe33003000370035003800,0.1505687
fffe3600320034003800,0.4066444
fffe31003200320035003500,0.117801
fffe32003700330036003600,0.41463292
fffe31003300310039003900,0.52675486
fffe31003900370038003100,0.27273953
fffe32003900310035003400,0.22920236
fffe32003600350039003300,0.5571186
fffe3500380038003400,0.21168867
fffe330035003200,0.28567758
fffe31003100360032003400,0.32258222
fffe32003900370036003000,0.24200691
fffe33003000340037003300,0.5490905
fffe3700390031003100,0.63236725
fffe33003100320032003000,0.42809957
fffe33003400390037003000,0.17174138
fffe3700330036003300,0.28187805
fffe32003300330035003600,0.42993832
fffe3200310038003500,0.6715719
fffe32003300360033003400,0.7745714
fffe32003200330035003700,0.55861723
fffe32003000360032003400,0.75631577
fffe33003300310032003900,0.5139611
fffe32003600320032003900,0.366962
fffe31003200320038003600,0.5293175
fffe31003100340039003500,0.46079
fffe31003800360034003400,0.3768667
fffe31003300380039003200,0.41123968
fffe33003200300033003800,0.9377767
fffe3200320038003300,0.0903159
fffe31003100310038003300,0.6119005
fffe3300370038003200,0.37774888
fffe33003100390033003100,0.67686725
fffe3200340038003100,0.26966745
fffe32003700330036003800,0.43574765
fffe32003600360036003900,0.22890899
fffe3900310038003400,0.35617673
fffe32003200320034003300,0.5110025
fffe32003900370035003000,0.12008079
fffe31003900340039003100,0.1528623
fffe32003600320038003400,0.06747137
fffe3500340032003800,0.24246359
fffe33003000350033003900,0.44957232
fffe33003400390033003600,0.26804197
fffe31003500320035003400,0.36900893
fffe3500320035003100,0.4798406
fffe32003300310033003000,0.34933352
fffe32003500330030003500,0.2091748
fffe3700310034003800,0.4012394
fffe330037003400,0.5096766
fffe32003100340030003000,0.53518856
fffe32003100390035003700,0.77884877
fffe32003400380037003600,0.5872443
fffe33003400310036003100,0.42849904
fffe32003300350030003300,0.6560444
fffe3700320034003500,0.55606365
fffe31003100320038003700,0.27331364
fffe3300390030003000,0.20974463
fffe32003600340031003600,0.119516015
fffe32003000320037003700,0.6807842
fffe32003100320030003000,0.41107762
fffe32003400350030003000,0.4800251
fffe31003800320034003700,0.5760933
fffe320039003100,0.51792985
fffe3300380037003400,0.62790716
fffe31003200350037003600,0.41417897
fffe31003800370039003700,0.3808844
fffe32003700370035003700,0.4528008
fffe33003400310030003600,0.27990583
fffe32003600320033003700,0.39071137
fffe31003200310039003600,0.7904636
fffe3400380035003300,0.35672787
fffe3600370038003300,0.69571644
fffe31003400340038003500,0.39242473
fffe31003700360039003700,0.45900565
fffe3900360038003300,0.75025904
fffe31003300340039003900,0.35541987
fffe32003100310030003400,0.37944585
fffe32003300350033003800,0.15449682
fffe32003700390030003000,0.75512785
fffe31003600340036003500,0.66996753
fffe32003500300033003300,0.7938705
fffe3900370031003400,0.7442807
fffe3100320038003600,0.26487318
fffe33003000370036003100,0.85895824
fffe31003300330033003700,0.43286914
fffe32003800310035003100,0.5629943
fffe33003000330030003100,0.6383529
fffe33003000330034003400,0.36652952
fffe31003800360030003300,0.39847642
fffe31003000310035003600,0.25932115
fffe3400300038003800,0.58164734
fffe3700370038003100,0.15276746
fffe32003200320036003200,0.2084166
fffe31003800310033003100,0.46308875
fffe32003500380039003200,0.7383409
fffe31003400340038003100,0.35669518
fffe3800380030003000,0.35182935
fffe31003100360032003000,0.3321786
fffe31003700360037003300,0.231766
fffe3100340033003700,0.08648677
fffe31003400320037003500,0.62607574
fffe3700340031003600,0.5764811
fffe32003100320035003200,0.3885198
fffe3600340032003800,0.4934145
fffe31003300310034003500,0.50354135
fffe31003200380037003300,0.5602596
fffe32003300300033003600,0.37068865
fffe31003500360034003300,0.39727142
fffe31003400390034003200,0.27471265
fffe31003100340038003200,0.22770914
fffe3400300035003100,0.554583
fffe3800350034003000,0.46326053
fffe3900340035003900,0.39147088
fffe31003700370033003700,0.781094
fffe3200360037003300,0.8714872
fffe32003500350031003000,0.6952948
fffe32003800340035003400,0.42765278
fffe3400340039003300,0.30566335
fffe3700330037003500,0.43750665
fffe32003600330039003800,0.6614112
fffe3200310030003500,0.45313245
fffe31003700310034003400,0.02243297
fffe3900340034003700,0.35614628
fffe3900310030003300,0.5735406
fffe31003400300031003700,0.4370531
fffe32003900380037003200,0.21881606
fffe32003100380039003200,0.616766
fffe33003100370034003700,0.4080301
fffe3400390039003900,0.5361832
fffe32003300380038003800,0.32146367
fffe33003400300030003000,0.5298769
fffe3400360034003700,0.6468733
fffe32003800340037003000,0.55985194
fffe31003500360030003100,0.21232459
fffe32003000370035003800,0.2761336
fffe33003300310038003600,0.44565186
fffe33003400310032003200,0.64883053
fffe3700300032003200,0.5730831
fffe3800330032003500,0.67277044
fffe33003400350030003000,0.24294485
fffe3500380035003100,0.67764044
fffe31003700330037003800,0.16917537
fffe32003100310035003700,0.025983358
fffe32003100300033003000,0.5812355
fffe3500370033003300,0.54762805
fffe33003200340031003700,0.3676613
fffe32003100390036003900,0.24631965
fffe31003300300035003000,0.35826442
fffe3600310034003400,0.8091378
fffe3500310035003600,0.5289559
fffe3200380038003000,0.45215517
fffe33003100300035003800,0.20121811
fffe3100310031003100,0.2307252
fffe3100380030003200,0.5530589
fffe32003500380034003900,0.018451206
fffe3400350030003500,0.51465315
fffe32003900330035003200,0.5051189
fffe33003400320034003300,0.40481555
fffe32003400320036003800,0.1947962
fffe31003600370039003600,0.18414925
fffe31003300320030003300,0.5206319
fffe31003100330039003800,0.5293998
fffe33003200380035003000,0.56712395
fffe31003200340039003500,0.42479944
fffe31003800310030003500,0.93341166
fffe31003700330039003400,0.32278556
fffe32003400320030003200,0.65386206
fffe32003500310038003200,0.1898961
fffe3300330032003400,0.6315534
fffe31003800300037003500,0.31036174
fffe31003000350037003300,0.6987603
fffe32003100310037003200,0.699303
fffe32003100390031003000,0.80198604
fffe32003800330039003700,0.33099
fffe3700350037003800,0.92402655
fffe31003700390031003200,0.237441
fffe32003400370038003600,0.5152423
fffe32003200330036003300,0.2334916
fffe33003400370038003100,0.34520888
fffe31003200350039003600,0.50311387
fffe31003600310037003900,0.7688323
fffe32003600340035003200,0.5847995
fffe32003900340039003500,0.6199725
fffe32003700370031003200,0.7781826
fffe31003400380033003600,0.3807895
fffe3400300035003800,0.7035579
fffe31003000370035003300,0.19847055
fffe33003400350038003100,0.18898265
fffe31003000330031003900,0.33872625
fffe3300370038003700,0.20723549
fffe33003400310038003000,0.66715246
fffe31003000380037003500,0.40555015
fffe31003700370030003300,0.33575642
fffe33003400380030003000,0.93709034
fffe32003200320030003600,0.2346968
fffe3700340039003600,0.759123
fffe31003300300035003700,0.17587195
fffe31003900300039003000,0.6340697
fffe32003700330033003200,0.51218736
fffe31003900350030003500,0.5939905
fffe3300360034003100,0.7577846
fffe32003300370036003400,0.41354653
fffe3500370034003500,0.38717443
fffe31003300320038003800,0.38923004
fffe3900390033003200,0.44265512
fffe33003100340031003700,0.48884812
fffe31003500360033003100,0.31441072
fffe31003500300033003500,0.6016762
fffe31003200320032003100,0.47461233
fffe31003200300031003200,0.22795711
fffe3300310033003100,0.26716495
fffe31003900390032003600,0.7253065
fffe3800370038003000,0.23664656
fffe31003500340038003300,0.54934543
fffe3900310031003300,0.2853345
fffe31003200380032003500,0.43206206
fffe3200300031003300,0.42742625
fffe3700320036003100,0.390048
fffe32003300380037003900,0.88682306
fffe33003200320032003000,0.41400635
fffe330037003200,0.12029727
fffe31003700360034003100,0.3705204
fffe32003900390039003400,0.4198885
fffe32003800300037003200,0.41844973
fffe33003000350037003000,0.3405847
fffe390032003500,0.46741462
fffe3800350036003800,0.5080023
fffe31003800320033003400,0.1843212
fffe31003900310036003500,0.4330473
fffe33003400380033003500,0.51576805
fffe32003000370034003100,0.6673223
fffe380035003800,0.54745185
fffe32003400370034003600,0.675719
fffe32003300370031003700,0.16265452
fffe3800380034003800,0.341756
fffe32003100330039003400,0.42212963
fffe32003300370039003700,0.38951415
fffe32003800320037003000,0.18875812
fffe31003100370035003800,0.25561142
fffe33003400330032003200,0.54956
fffe32003600330036003100,0.59323883
fffe33003300360035003900,0.54292685
fffe3900330037003900,0.53192437
fffe32003500310037003300,0.44962153
fffe31003500390035003500,0.27943152
fffe32003600380032003500,0.41694653
fffe32003800350034003300,0.4497602
fffe31003400380031003600,0.46228158
fffe3900300031003700,0.15770686
fffe31003600370034003900,0.19638582
fffe3200350039003000,0.39117223
fffe32003300340033003300,0.42051265
fffe32003600330030003300,0.2505887
fffe33003100330033003800,0.37334904
fffe32003700310031003600,0.25713962
fffe31003700360038003400,0.60731727
fffe31003400300031003500,0.78203374
fffe3100300033003700,0.93919724
fffe33003400340033003300,0.5543895
fffe32003500370031003900,0.32164752
fffe32003400350038003900,0.40447843
fffe33003200370037003100,0.647476
fffe32003100360035003800,0.50904995
fffe32003100350030003200,0.33293593
fffe32003100370039003000,0.4692304
fffe3600310038003000,0.36570007
fffe33003200370031003200,0.5637324
fffe32003600390035003700,0.5889579
fffe3600320030003800,0.60904235
fffe33003000330032003000,0.080815285
fffe32003400360039003000,0.29155362
fffe360035003600,0.2692962
fffe31003300300033003400,0.037236918
fffe3200310039003400,0.36550346
fffe31003000300038003900,0.32293987
fffe32003900370035003500,0.36849645
fffe3100350031003700,0.46752638
fffe3900330035003000,0.55231625
fffe3100300038003400,0.33473778
fffe31003200360034003800,0.6726164
fffe31003400350035003800,0.6683923
fffe33003000310030003200,0.25354424
fffe31003900310039003800,0.32194352
fffe33003300360039003500,0.20168546
fffe31003200340035003000,0.55889964
fffe3500300033003700,0.46225008
fffe3500370037003200,0.13561082
fffe310037003300,0.70390326
fffe31003900370031003700,0.38140163
fffe3200350034003300,0.14639279
fffe32003100320033003800,0.53477633
fffe370033003700,0.38308167
fffe31003500360032003100,0.46373013
fffe31003100310035003200,0.5497061
fffe32003600380038003400,0.38451567
fffe3400330031003400,0.3800548
fffe31003900320039003600,0.37396786
fffe31003400340031003200,0.4089
fffe3400360034003300,0.52040637
fffe3700300034003400,0.92604625
fffe3900360035003300,0.5811676
fffe3400310038003300,0.42732105
fffe31003300360038003300,0.37322322
fffe3300390032003400,0.6058133
fffe31003100330032003100,0.24357182
fffe3300390039003500,0.37941918
fffe3500320037003600,0.23843282
fffe33003300330034003100,0.5411657
fffe32003100380033003100,0.31457144
fffe32003500390034003800,0.5989635
fffe31003000340036003000,0.80082
fffe32003900330037003200,0.46516216
fffe33003200360033003800,0.17204785
fffe31003400370036003200,0.5135882
fffe3200310038003000,0.09695956
fffe32003800370036003400,0.41165373
fffe32003100320036003800,0.30016637
fffe31003200,0.51005155
fffe31003700370033003300,0.28339744
fffe31003700310036003000,0.58023477
fffe3300360030003500,0.5579873
fffe3500360036003000,0.27789178
fffe31003500380039003800,0.24920169
fffe32003500390033003200,0.75042105
fffe3900310032003800,0.38655
fffe32003900350034003900,0.20903094
fffe33003300340032003700,0.3308455
fffe3600370033003100,0.37708202
fffe31003400390037003700,0.6349508
fffe33003200370038003500,0.3466872
fffe31003500360033003800,0.25408694
fffe31003600320035003000,0.61165947
fffe32003600300038003200,0.26490802
fffe31003000300035003600,0.3449622
fffe33003200300035003600,0.61595535
fffe31003900390030003400,0.5017817
fffe32003600300032003400,0.22070646
fffe33003000390036003400,0.59147197
fffe3100380033003300,0.6073907
fffe32003900320038003600,0.5459982
fffe3900360031003600,0.32466093
fffe32003500310035003400,0.75400496
fffe32003500320030003900,0.44711506
fffe370037003900,0.6897548
fffe31003300310031003400,0.5763085
fffe3900320030003400,0.30222443
fffe3900340038003300,0.6725459
fffe31003500380036003000,0.5913422
fffe350035003100,0.6329398
fffe31003100380036003000,0.12069092
fffe33003200370035003700,0.19284101
fffe3500300039003900,0.503305
fffe380031003200,0.5147639
fffe31003400380032003800,0.608815
fffe32003700350037003200,0.44107994
fffe33003000360030003900,0.44490167
fffe32003900330035003400,0.31050885
fffe31003500360034003600,0.39098513
fffe32003300390033003200,0.62251014
fffe31003800350032003000,0.7043253
fffe3900350032003600,0.4093524
fffe32003400360039003300,0.80071795
fffe33003300380033003900,0.24693927
fffe3500350039003600,0.41561207
fffe32003200320037003700,0.5134846
fffe3700370031003200,0.50094116
fffe32003900380035003300,0.06682963
fffe33003200330035003400,0.53492194
fffe3900350037003800,0.7494135
fffe31003900370035003800,0.57009727
fffe32003900310036003700,0.28244996
fffe31003200360034003200,0.70516264
fffe32003900310034003800,0.49728316
fffe3600310038003200,0.21017648
fffe3900380038003400,0.6124587
fffe32003600360035003400,0.6358231
fffe3600370034003500,0.5765008
fffe33003000320038003700,0.5729247
fffe32003100320032003600,0.41555384
fffe3400320037003900,0.19328389
fffe3500300032003800,0.5199845
fffe31003600370034003700,0.2838327
fffe33003100310036003700,0.74720347
fffe31003400360030003900,0.38199458
fffe3800340032003600,0.39720306
fffe32003500380034003600,0.39982337
fffe32003400350030003900,0.28798926
fffe31003300380038003900,0.69864833
fffe31003300310036003800,0.41218898
fffe31003800380037003900,0.21656121
fffe3100390037003000,0.009902726
fffe3400310036003500,0.63264817
fffe31003100330033003200,0.024486154
fffe31003800340037003400,0.56086606
fffe3300360037003700,0.53810394
fffe31003500340030003000,0.39738134
fffe3600360033003100,0.515061
fffe33003100350031003800,0.3005412
fffe32003100390038003100,0.24310432
fffe31003100310031003500,0.39487112
fffe3600310037003100,0.28386873
fffe31003600350039003900,0.50722283
fffe32003500330035003200,0.2824275
fffe33003000300035003700,0.57194513
fffe31003800320039003300,0.5636122
fffe31003600320032003400,0.3855994
fffe32003900390038003900,0.3916186
fffe31003100380032003300,0.24140653
fffe3700390034003000,0.5752337
fffe33003200380031003300,0.57307154
fffe31003000380036003500,0.51392424
fffe33003100340037003800,0.02312102
fffe31003300320035003700,0.10795488
fffe3500310030003900,0.6211129
fffe31003700360032003200,0.5489128
fffe32003400340037003400,0.14717479
fffe31003200320037003700,0.0062119607
fffe32003900390034003700,0.5972347
fffe310038003900,0.5102708
fffe3100360030003200,0.9237147
fffe33003400320034003600,0.90335876
fffe32003400310037003200,0.6500186
fffe32003400300033003300,0.3442974
fffe31003100380030003800,0.16833892
fffe31003600330033003000,0.32707486
fffe32003700380030003000,0.43927518
fffe3100310031003500,0.34493095
fffe33003200360039003200,0.04051273
fffe32003000310039003400,0.46125662
fffe32003200340035003100,0.33354884
fffe31003200350033003400,0.7631638
fffe340030003600,0.44112933
fffe33003400340032003200,0.16975074
fffe3200370034003200,0.79753786
fffe31003300330034003300,0.2557595
fffe32003600320036003200,0.37888557
fffe32003300340038003000,0.17184529
fffe31003200330037003900,0.2328295
fffe350031003500,0.23394395
fffe32003500360039003700,0.43725368
fffe32003900370037003200,0.58628017
fffe3300300033003700,0.34244853
fffe31003100390030003200,0.70391256
fffe31003300390033003700,0.24319223
fffe31003400350039003300,0.049706597
fffe32003400390037003200,0.53060347
fffe33003000390031003100,0.35514572
fffe3500390035003000,0.2903775
fffe31003700380035003300,0.43047607
fffe3800380036003400,0.5383716
fffe33003100350036003100,0.07242594
fffe3900360038003200,0.39298728
fffe31003100320039003100,0.21256147
fffe32003600360035003800,0.48037153
fffe3900350031003000,0.5678739
fffe32003200340035003500,0.51412594
fffe3100380030003300,0.5687124
fffe3700310036003600,0.48364672
fffe31003400390035003100,0.40194184
fffe3800300037003700,0.2560777
fffe3100340037003500,0.40929252
fffe33003000320030003200,0.42908716
fffe32003000320037003500,0.81279075
fffe33003200310032003600,0.46457833
fffe32003600390038003400,0.91476417
fffe31003100390036003500,0.495079
fffe32003400360033003700,0.9308802
fffe3300350036003900,0.35523787
fffe33003200310035003700,0.20140749
fffe32003700370031003100,0.40063414
fffe3500390037003900,0.24798813
fffe3900330032003400,0.47482634
fffe33003300390038003300,0.5028895
fffe3500300037003500,0.42183432
fffe33003100350034003500,0.4616545
fffe31003200300039003800,0.65679157
fffe3200330036003300,0.7096765
fffe33003200350033003500,0.16947868
fffe32003100340035003400,0.37926665
fffe31003700360038003900,0.51854366
fffe31003900340035003200,0.46289212
fffe3100340037003200,0.3461462
fffe33003200320031003200,0.36449304
fffe31003200370030003200,0.34311792
fffe32003000380034003800,0.09510837
fffe33003400350030003500,0.4182725
fffe32003500380034003300,0.34731603
fffe3300390034003200,0.58948267
fffe32003500340031003600,0.22986773
fffe32003400380035003900,0.37185058
fffe32003600360032003400,0.71692413
fffe3700340037003100,0.40704292
fffe31003100300031003400,0.24263173
fffe33003300380033003300,0.54607964
fffe31003000350037003600,0.5558119
fffe32003200310031003000,0.54069823
fffe32003600380030003800,0.63227004
fffe3800340031003500,0.50769806
fffe32003800340033003000,0.406692
fffe31003300340033003800,0.6944486
fffe3900360039003500,0.7723386
fffe31003200360036003200,0.24330585
fffe31003400320036003400,0.6345127
fffe32003100360030003400,0.37438542
fffe33003400310032003600,0.5640693
fffe3200340032003000,0.52624345
fffe3200330039003900,0.81544757
fffe3400360035003200,0.6223767
fffe32003200340036003500,0.23850708
fffe31003100320036003500,0.52781475
fffe31003200350033003000,0.34782276
fffe31003400390031003600,0.18672416
fffe3900370039003700,0.5917321
fffe32003900330034003900,0.38620448
fffe3100360037003400,0.71448964
fffe3800350036003500,0.561438
fffe31003400370038003000,0.5149739
fffe32003700340037003000,0.6128002
fffe3100300039003500,0.5827638
fffe3600310035003500,0.3133651
fffe32003300360030003400,0.66075575
fffe33003300300031003900,0.5377548
fffe31003500390039003500,0.82454765
fffe31003000300033003600,0.5324607
fffe33003300360037003200,0.4510005
fffe32003800330038003700,0.18230432
fffe32003800380036003200,0.36532813
fffe31003300380034003300,0.38945115
fffe3600310033003500,0.67270464
fffe32003900370034003700,0.57564867
fffe3800360035003200,0.43065315
fffe33003200370034003500,0.59024847
fffe33003200330035003600,0.3743781
fffe31003700300035003700,0.39869228
fffe31003300320032003400,0.39641315
fffe32003100390036003600,0.5974716
fffe33003100340031003500,0.2778973
fffe32003300320032003600,0.46433946
fffe32003400300032003400,0.49067146
fffe32003600350030003800,0.3378947
fffe33003400320031003000,0.13645026
fffe380032003000,0.5701817
fffe3300370036003100,0.25511533
fffe32003600310032003300,0.5382143
fffe3700340037003400,0.68160045
fffe31003400390034003400,0.54690194
fffe3300390038003100,0.29849398
fffe31003100350039003300,0.5389186
fffe3600320036003600,0.61350894
fffe330038003600,0.72795457
fffe32003700310035003000,0.54677355
fffe32003500340039003600,0.450624
fffe32003800330032003900,0.13992263
fffe3400370035003100,0.253357
fffe32003900340039003400,0.35321537
fffe32003200300036003300,0.16154519
fffe33003400360033003900,0.46338162
fffe3200350039003600,0.34349597
fffe31003200350037003200,0.36354104
fffe31003100340031003500,0.5763373
fffe32003000310039003800,0.3893257
fffe32003800320038003200,0.15841661
fffe3600370034003200,0.66105
fffe340034003200,0.23524502
fffe350036003100,0.3418775
fffe3300370038003400,0.34214336
fffe3100320035003800,0.71493804
fffe3100300035003900,0.414636
fffe32003500390031003600,0.56552243
fffe32003500350036003700,0.21013004
fffe3700360034003000,0.62356234
fffe3300310031003300,0.31345218
fffe32003700370032003700,0.7280612
fffe31003000350031003900,0.063034765
fffe3600310037003900,0.20425016
fffe3900310033003300,0.4062178
fffe31003000370034003800,0.0058016563
fffe3700390038003800,0.6311535
fffe32003200330033003100,0.60543925
fffe32003700370036003600,0.5028885
fffe32003700390034003400,0.51477134
fffe32003700340035003300,0.29511985
fffe31003900300037003500,0.40558183
fffe31003100360031003800,0.118743286
fffe31003400310034003100,0.40524435
fffe3600370037003200,0.45890853
fffe3700380036003300,0.24154139
fffe33003000360039003100,0.16231038
fffe32003000360036003100,0.739952
fffe3600350031003500,0.34391096
fffe31003800310037003700,0.3761502
fffe3300360035003200,0.60137826
fffe31003200350031003600,0.44059783
fffe31003400320035003400,0.422151
fffe31003900360036003400,0.4445029
fffe31003500330038003400,0.31378648
fffe32003300380030003500,0.31196293
fffe3600340030003800,0.4576659
fffe3100330030003300,0.40914267
fffe31003500350031003900,0.92999667
fffe3700300033003400,0.18032582
fffe33003200340032003400,0.20183244
fffe31003000340036003700,0.3518751
fffe31003700330032003500,0.69887334
fffe32003800330032003700,0.42466238
fffe3700310030003200,0.76080036
fffe3500390032003100,0.6144531
fffe31003900360031003500,0.5274357
fffe31003600300030003700,0.3983283
fffe32003800360034003800,0.529961
fffe33003200340036003200,0.0120324595
fffe3700330036003200,0.56055045
fffe33003300300031003400,0.42188105
fffe32003000330032003400,0.5477244
fffe32003900360035003500,0.53254056
fffe31003100350035003200,0.21624112
fffe32003400340035003400,0.7479098
fffe31003000370039003200,0.8595916
fffe32003300300038003800,0.03959136
fffe31003900300032003400,0.20931672
fffe31003600360039003200,0.23555692
fffe31003400390030003900,0.070938095
fffe3500310037003100,0.018253127
fffe3900320034003300,0.15015131
fffe33003200320034003700,0.6627517
fffe31003500380033003400,0.2765084
fffe3600390030003000,0.40110746
fffe33003000340032003900,0.60365176
fffe3100360030003600,0.51991206
fffe31003400310031003900,0.37542665
fffe3400310034003300,0.6641191
fffe32003400300036003800,0.9192114
fffe3800360038003100,0.5298633
fffe32003500390036003700,0.570824
fffe3600310039003900,0.31135908
fffe31003500390035003900,0.5757197
fffe3900310035003800,0.3004757
fffe3900300031003800,0.54651546
fffe32003400360038003100,0.40385172
fffe3500320031003000,0.3906875
fffe32003100330031003700,0.52104574
fffe33003100370035003700,0.46512067
fffe31003200390034003000,0.6967322
fffe31003700380036003500,0.06579179
fffe31003800320035003100,0.26527286
fffe31003700350032003300,0.011050542
fffe32003100370031003300,0.39033443
fffe3100320038003000,0.39902255
fffe33003000350037003600,0.39934587
fffe31003400370030003900,0.15508564
fffe31003500380034003700,0.4310471
fffe3800370033003400,0.22237375
fffe33003400360035003200,0.5421835
fffe31003300360039003600,0.6486025
fffe32003500320038003900,0.38835683
fffe3400370032003700,0.399385
fffe31003500350037003000,0.032474592
fffe33003400310038003300,0.345213
fffe32003500320034003600,0.22906992
fffe3900360036003800,0.33216432
fffe330031003900,0.70318675
fffe32003500300035003300,0.7501512
fffe33003000310034003500,0.5516318
fffe33003300310032003200,0.92856187
fffe31003400310038003200,0.35681856
fffe3500350031003100,0.6626653
fffe3900370038003900,0.3547385
fffe3300360031003200,0.30731836
fffe32003200330036003500,0.5156931
fffe31003100320035003900,0.55317664
fffe33003200340034003900,0.632505
fffe33003100310039003100,0.38777652
fffe32003000340038003100,0.33171502
fffe33003000350031003100,0.74465024
fffe31003100390032003700,0.42527273
fffe33003300370034003800,0.34217614
fffe32003700380036003600,0.00938615
fffe3800380033003400,0.72509295
fffe31003200320036003000,0.13220803
fffe3200380036003600,0.40282252
fffe3600340038003700,0.39641315
fffe33003200320032003400,0.35701755
fffe3600340030003200,0.45918015
fffe3700340032003600,0.48858997
fffe31003800390032003100,0.43468273
fffe31003900360031003800,0.51951396
fffe33003200320035003000,0.57443
fffe32003800320030003600,0.4277397
fffe32003200350034003700,0.38632068
fffe32003600310033003400,0.8618599
fffe3800350039003800,0.21048613
fffe31003600330037003600,0.35367036
fffe3700380035003100,0.418188
fffe31003800300033003100,0.29020593
fffe31003400310038003800,0.1708412
fffe31003500380036003300,0.51001114
fffe31003200330034003800,0.747306
fffe32003200390030003200,0.7313075
fffe33003100310031003300,0.57245237
fffe31003700340035003700,0.4005129
fffe33003100390036003700,0.16527139
fffe32003100360030003800,0.11336659
fffe31003000390034003200,0.3430987
fffe33003400370032003400,0.28402957
fffe32003200370034003400,0.70847774
fffe3300360038003100,0.06640064
fffe3700330034003100,0.5055655
fffe3600300038003700,0.026616855
fffe330037003800,0.35881847
fffe3300340032003800,0.27325818
fffe3600320033003300,0.25819695
fffe32003200300031003800,0.7574969
fffe32003200310039003000,0.35700265
fffe3200370034003800,0.42207858
fffe31003800350032003400,0.691631
fffe31003600340031003900,0.38703617
fffe33003100320038003600,0.3990929
fffe3200390031003500,0.27097395
fffe32003900310031003800,0.66005236
fffe3400370030003300,0.36064768
fffe31003600330032003300,0.5427999
fffe31003000340031003300,0.45118904
fffe32003500310031003200,0.35916424
fffe31003100340037003500,0.4313509
fffe31003200380032003900,0.26525387
fffe3600360037003000,0.48814723
fffe33003400380033003800,0.4320842
fffe31003800330031003200,0.6382462
fffe32003100370036003100,0.2325323
fffe32003400380035003000,0.37514675
fffe31003300320032003000,0.570749
fffe32003700320030003700,0.5448609
fffe3800350039003200,0.6390172
fffe32003100370034003900,0.46911988
fffe33003400310039003300,0.56349444
fffe390032003800,0.19895445
fffe32003700310030003900,0.5455856
fffe33003100350032003300,0.36135602
fffe33003000370035003700,0.45198423
fffe32003400340032003600,0.51059675
fffe33003100370031003100,0.24758573
fffe31003400370034003100,0.47560677
fffe32003500350039003300,0.3828539
fffe33003200300033003400,0.39757186
fffe32003800300036003200,0.49144644
fffe31003100370030003000,0.14180765
fffe3900310036003700,0.24093759
fffe3500350030003500,0.40952745
fffe31003900350030003800,0.549747
fffe3800300031003700,0.7476921
fffe31003500370037003100,0.52786225
fffe32003000340035003100,0.6252189
fffe31003000370030003700,0.5369717
fffe33003100380031003500,0.5694093
fffe3300320035003100,0.8515548
fffe3800360031003100,0.64312947
fffe31003100310032003700,0.46100196
fffe31003700310034003200,0.38574234
fffe32003200360030003800,0.56484365
fffe3900320031003000,0.57277805
fffe31003600360032003800,0.096195474
fffe33003300300031003700,0.73233956
fffe33003000310033003600,0.63402677
fffe32003100300039003600,0.61395967
fffe3800390038003500,0.57503116
fffe360032003300,0.4672757
fffe33003300320038003000,0.4200669
fffe3500310037003800,0.26304415
fffe31003200380039003800,0.42482913
fffe33003200360030003300,0.28503522
fffe31003700390035003100,0.35479924
fffe3600300031003300,0.33915278
fffe33003200380036003700,0.48818004
fffe32003600300036003300,0.5509464
fffe33003300360033003900,0.39762193
fffe33003100340031003000,0.44015884
fffe32003400340033003400,0.9729212
fffe33003400360037003900,0.53886294
fffe3700380034003700,0.2729683
fffe32003000320032003700,0.5674228
fffe31003000330033003700,0.43007597
fffe3900330037003200,0.30598667
fffe32003800330033003500,0.6721514
fffe31003100320031003800,0.50068974
fffe3600390037003900,0.22534487
fffe3500340034003800,0.5569925
fffe3200300034003200,0.42776445
fffe32003200350033003000,0.5691078
fffe31003100360033003400,0.2037431
fffe3700300033003600,0.8809049
fffe32003700390037003700,0.3207402
fffe32003700330035003300,0.6057307
fffe32003800310036003600,0.65890074
fffe31003400330031003700,0.35266525
fffe32003400320032003800,0.43358633
fffe32003900370031003500,0.4394593
fffe3400330036003500,0.45874986
fffe31003000370035003500,0.5921273
fffe32003700300038003400,0.46681818
fffe31003400320030003700,0.710326
fffe3500360038003000,0.59437454
fffe31003100320033003900,0.35073927
fffe3300320031003600,0.55710703
fffe31003200320034003500,0.44469008
fffe320038003000,0.65024555
fffe33003400330031003800,0.6076706
fffe32003800380035003400,0.6434745
fffe3600370030003500,0.53106654
fffe32003600380039003500,0.39517862
fffe3800320038003600,0.14499432
fffe3900320038003400,0.12291913
fffe3500350037003200,0.58420855
fffe3100370035003700,0.70278907
fffe31003800390034003700,0.5389678
fffe31003000310036003700,0.92668706
fffe32003100310031003600,0.6522097
fffe31003600320030003900,0.44619206
fffe32003200390038003600,0.47131264
fffe330036003600,0.7697308
fffe32003800340038003200,0.65777016
fffe33003400320032003900,0.70616114
fffe31003900330037003600,0.44286832
fffe31003100360038003400,0.69388705
fffe350034003200,0.35432482
fffe32003300360037003600,0.18171707
fffe32003700390036003200,0.6298602
fffe33003000380034003600,0.697003
fffe3500390030003900,0.51383656
fffe3900390031003800,0.8807187
fffe31003600310038003000,0.10698801
fffe3800360032003800,0.18716392
fffe31003100380035003900,0.09020837
fffe32003600360031003600,0.7211922
fffe3400300038003200,0.6435036
fffe3300,0.022779858
fffe32003200350037003500,0.6227984
fffe32003800330038003000,0.6260279
fffe31003500340033003700,0.28811374
fffe32003000350031003100,0.006009696
fffe32003200370032003000,0.78150666
fffe31003600360033003400,0.4902284
fffe32003000330030003600,0.5705202
fffe31003400300031003400,0.38801733
fffe32003400360033003500,0.65088814
fffe3500320037003000,0.4430501
fffe3100320032003700,0.35076904
fffe31003300340038003900,0.64218426
fffe3600390037003300,0.48519695
fffe33003200320030003700,0.44609997
fffe39003400,0.32042634
fffe31003100350033003700,0.5476167
fffe32003600330036003300,0.75289655
fffe33003100330035003300,0.41408464
fffe31003500340035003500,0.27615172
fffe32003500300039003600,0.6074141
fffe31003700310032003800,0.5725307
fffe33003100350037003400,0.63360935
fffe31003100390038003700,0.2944499
fffe31003400340035003800,0.744816
fffe32003400360035003000,0.1976533
fffe31003800330031003400,0.17310525
fffe31003900320036003600,0.5542174
fffe32003400390039003300,0.654771
fffe31003700380032003800,0.36472753
fffe31003200340032003200,0.15300234
fffe31003900350030003600,0.38517871
fffe3600330039003800,0.35481995
fffe32003400370035003800,0.35203063
fffe31003900330032003300,0.41673228
fffe31003800320031003400,0.76459926
fffe3100380038003300,0.5696503
fffe32003500360034003900,0.5405959
fffe32003600340031003200,0.33145177
fffe33003100370035003500,0.64810103
fffe350030003000,0.28018647
fffe32003700370033003500,0.16212693
fffe32003600390037003700,0.57238454
fffe3900390030003700,0.5686332
fffe31003100390032003200,0.5963958
fffe33003300350035003600,0.42347685
fffe32003500350032003900,0.23689617
fffe32003200380037003000,0.6457546
fffe32003100330034003500,0.3713285
fffe3100360034003000,0.5445451
fffe33003000320038003600,0.5873827
fffe31003500380035003000,0.49915132
fffe31003700390039003200,0.089510135
fffe32003000380032003600,0.3426867
fffe31003200300030003400,0.21334457
fffe32003100350033003300,0.38115805
fffe31003000380034003800,0.16510598
fffe31003500390034003600,0.41377527
fffe33003200370039003800,0.076847814
fffe32003300300031003500,0.42358422
fffe31003200330032003800,0.38245624
fffe32003400340037003500,0.40781927
fffe32003800370037003200,0.6000238
fffe32003000380036003300,0.6860703
fffe32003700370034003400,0.04246267
fffe33003300310033003600,0.54165554
fffe33003200300038003500,0.39329615
fffe3300300038003800,0.34256902
fffe32003600320033003300,0.6018656
fffe32003200360034003500,0.60489327
fffe32003000310033003900,0.41892844
fffe31003700340030003400,0.3701822
fffe32003800380036003500,0.43932652
fffe31003900390034003600,0.36213848
fffe3200380035003800,0.48850596
fffe33003000300030003600,0.93032557
fffe32003100300031003000,0.25084823
fffe31003000360034003500,0.41622293
fffe32003600330031003200,0.793376
fffe32003900340030003100,0.6942275
fffe32003900390033003000,0.3738367
fffe32003000320035003600,0.42818567
fffe32003700300031003900,0.53092414
fffe33003100350038003100,0.18235588
fffe31003700350034003400,0.33235964
fffe390039003600,0.31115106
fffe33003300340037003700,0.25175717
fffe31003300340030003500,0.3727593
fffe3600350030003300,0.6280174
fffe31003200310030003500,0.5414537
fffe33003300340039003200,0.0071257665
fffe3900350031003600,0.28009686
fffe33003300320034003000,0.2731104
fffe3200380033003500,0.19760232
fffe33003100320033003900,0.41530177
fffe33003100350033003500,0.6522729
fffe32003200360032003600,0.70016754
fffe31003200310036003200,0.45676827
fffe3600380039003900,0.54467326
fffe32003500390034003000,0.42027253
fffe3100350033003700,0.6482415
fffe31003700330033003000,0.2536656
fffe33003200380032003100,0.4688013
fffe32003700320030003300,0.4008292
fffe3400390035003400,0.24616125
fffe32003800300034003700,0.5577508
fffe31003300360038003400,0.6531164
fffe31003800360030003000,0.2592344
fffe33003300350031003400,0.35035682
fffe32003700350031003300,0.6085147
fffe31003300360035003200,0.57383525
fffe31003900380039003000,0.36897594
fffe32003700310033003600,0.48231503
fffe32003800360037003100,0.41728204
fffe3200370035003800,0.37694487
fffe33003100330039003500,0.58202
fffe31003100370032003200,0.56967276
fffe33003300310038003300,0.41125086
fffe31003800300030003800,0.46382204
fffe32003400390032003600,0.8174876
fffe32003900370036003700,0.6263937
fffe31003100310036003800,0.60229886
fffe31003100370030003400,0.2978677
fffe31003700310036003500,0.2179666
fffe32003400300034003300,0.27448466
fffe3100380036003000,0.27187395
fffe33003300300033003800,0.56965864
fffe31003800380037003200,0.40556535
fffe3900350036003600,0.5753027
fffe31003200390033003500,0.24223562
fffe31003800370039003100,0.80161726
fffe32003800330031003400,0.28496063
fffe31003600390031003100,0.3719072
fffe32003700360035003200,0.53974503
fffe32003100380032003400,0.3721919
fffe31003300330034003800,0.58978647
fffe32003800380033003200,0.5268543
fffe33003000380031003100,0.3887592
fffe32003400310039003000,0.28657392
fffe3600300030003300,0.5605341
fffe3400340032003700,0.017248852
fffe32003700320034003100,0.3017853
fffe32003600380031003500,0.5358055
fffe32003200360033003400,0.47348112
fffe3200390038003700,0.39504528
fffe32003200340032003500,0.34698766
fffe31003600310032003400,0.60728097
fffe31003400330038003900,0.35505077
fffe32003900330035003900,0.32744148
fffe3500340036003600,0.41936126
fffe33003100390038003000,0.3131489
fffe31003700390035003800,0.6373245
fffe31003300300030003400,0.5032833
fffe31003500320037003700,0.37119615
fffe32003700350035003300,0.27703017
fffe31003800310034003300,0.44343042
fffe32003200360035003500,0.0061335964
fffe31003100340034003200,0.7460357
fffe3100340039003500,0.5544914
fffe33003100320030003700,0.41903415
fffe3600360031003800,0.6115829
fffe31003300350037003100,0.132145
fffe32003500310033003000,0.72918814
fffe33003300330038003100,0.52193004
fffe32003100340036003700,0.6199023
fffe31003800380039003200,0.7779812
fffe3800330037003900,0.44127312
fffe33003000390037003600,0.71305585
fffe31003400380037003300,0.7421137
fffe32003600360030003900,0.66131175
fffe31003400370032003800,0.59543806
fffe31003700300036003900,0.55542827
fffe32003800320038003700,0.3384656
fffe33003100310030003700,0.45684004
fffe31003700320034003300,0.6303063
fffe32003400340039003500,0.21092528
fffe31003300390038003100,0.18403277
fffe32003100370036003500,0.59804976
fffe31003800310037003400,0.7249884
fffe31003000320031003700,0.4415329
fffe33003300390039003000,0.4113635
fffe33003000370030003800,0.2749499
fffe31003000300030003800,0.33059916
fffe32003600340039003700,0.6776848
fffe33003100330031003300,0.25409085
fffe31003600310030003200,0.32262883
fffe32003300310039003300,0.39981273
fffe33003200350038003000,0.5458986
fffe32003600390035003000,0.47374994
fffe3600340038003800,0.3913019
fffe32003800390033003900,0.61370116
fffe3400320033003900,0.25718343
fffe3900350030003600,0.522199
fffe32003200380036003500,0.52037895
fffe32003600350031003900,0.68657273
fffe3800300035003900,0.8681407
fffe31003000320036003800,0.29178268
fffe350036003800,0.48041013
fffe370038003100,0.30968633
fffe31003600370031003000,0.5019694
fffe31003600310034003000,0.57521737
fffe32003600390031003800,0.81688505
fffe31003600320034003700,0.23802488
fffe33003200320034003500,0.516897
fffe33003300360038003300,0.18466455
fffe32003400310035003600,0.92031205
fffe32003000370037003900,0.4093991
fffe32003100310032003000,0.54507643
fffe32003600370034003200,0.68917024
fffe3600370036003000,0.8388043
fffe31003900310032003900,0.32456276
fffe31003200380031003700,0.5888424
fffe3500330037003100,0.90212405
fffe3500310032003700,0.2628616
fffe310031003500,0.57357776
fffe32003800340032003900,0.5808521
fffe3500390033003200,0.75850695
fffe31003800370031003900,0.16346627
fffe3800360039003900,0.72862154
fffe33003000310032003300,0.21245648
fffe32003700330030003800,0.34511513
fffe3400350034003300,0.9177793
fffe32003900300038003800,0.3821663
fffe32003600330030003900,0.4284226
fffe3300300034003200,0.2861959
fffe33003300300035003100,0.39165032
fffe33003000330030003900,0.26582947
fffe3500330035003800,0.20630828
fffe32003800390035003400,0.3266966
fffe31003800310030003700,0.7477699
fffe33003300390030003700,0.40258887
fffe3900390030003500,0.18553984
fffe3500380034003100,0.47161117
fffe31003600350036003900,0.411683
fffe32003800310030003000,0.7100139
fffe32003400330036003300,0.50297546
fffe32003600340039003800,0.23612684
fffe3100320033003400,0.3706867
fffe3500390030003200,0.5876697
fffe32003100330032003300,0.37354687
fffe32003000390035003600,0.23745564
fffe31003600310036003600,0.5903163
fffe31003100370036003100,0.5818591
fffe3300360038003900,0.0072613633
fffe32003400310037003800,0.122004636
fffe3400350030003600,0.34208345
fffe31003100320038003400,0.34738663
fffe3700340032003300,0.6476404
fffe3400300035003500,0.18184479
fffe32003800340036003100,0.39361125
fffe33003300330035003200,0.77568406
fffe31003500340030003200,0.5639155
fffe31003100370034003200,0.29665163
fffe370033003800,0.31353113
fffe3500360030003600,0.5024616
fffe33003000370033003000,0.61918634
fffe3400300031003200,0.40367407
fffe33003000390031003400,0.68030417
fffe32003900340038003900,0.58053434
fffe3700320030003000,0.56167996
fffe31003200350036003400,0.5337294
fffe33003400350030003100,0.4174262
fffe31003000390030003900,0.3400838
fffe33003300370036003600,0.27687767
fffe3600330039003500,0.7064243
fffe3700310036003000,0.651225
fffe32003000320033003200,0.4901007
fffe3700370039003600,0.2618129
fffe32003800370030003300,0.579304
fffe31003900320031003900,0.39305487
fffe31003300320035003900,0.60073006
fffe3100330038003000,0.5295362
fffe32003100380034003100,0.24922663
fffe3500370038003300,0.025082642
fffe31003400360037003300,0.51919585
fffe31003300380032003900,0.38464105
fffe3500370031003800,0.25086662
fffe31003200320036003300,0.22941157
fffe32003800390034003000,0.68272805
fffe32003500350037003600,0.5882589
fffe3600390037003400,0.6319297
fffe31003500350037003200,0.6423197
fffe32003400300036003400,0.7046681
fffe31003400330030003400,0.7005821
fffe32003600370037003800,0.706126
fffe32003400310033003100,0.56301564
fffe31003000340039003200,0.57329845
fffe3500360035003500,0.06169413
fffe31003300340030003400,0.5699891
fffe32003600360036003300,0.39209992
fffe31003900350033003500,0.41097575
fffe3100360039003300,0.62946594
fffe33003100300035003000,0.3948956
fffe33003400340030003000,0.21439356
fffe31003500340038003400,0.32217428
fffe3400330039003100,0.36869472
fffe390039003300,0.25313526
fffe31003200300036003000,0.24538437
fffe33003300320039003500,0.19167404
fffe32003000310036003900,0.46776927
fffe31003500320037003900,0.15236218
fffe32003200390039003300,0.5525406
fffe3500360034003600,0.7382936
fffe3600370030003100,0.22358863
fffe31003700350036003400,0.75689167
fffe32003500340038003900,0.729955
fffe3300370031003400,0.5447973
fffe33003100360036003300,0.4411382
fffe32003400390032003300,0.4038948
fffe32003500390030003100,0.37363815
fffe3800390035003200,0.36042032
fffe31003400350031003300,0.5834832
fffe32003400310030003300,0.46597937
fffe33003100320033003300,0.34563905
fffe32003000300031003700,0.5305165
fffe32003700360033003400,0.30741698
fffe31003200320037003600,0.5604177
fffe3500390034003600,0.59818757
fffe33003300360038003200,0.5439567
fffe3900370034003700,0.38960442
fffe32003700390039003800,0.33564013
fffe32003300330030003700,0.40874514
fffe32003500340031003000,0.118607774
fffe31003800390030003900,0.43354273
fffe33003400300032003300,0.44068632
fffe3300320036003000,0.31991613
fffe3300330036003400,0.7916883
fffe3300340033003300,0.7571908
fffe31003000300035003400,0.74587137
fffe33003000330035003800,0.0059421514
fffe320031003400,0.38522223
fffe31003800300032003600,0.57712287
fffe3700340031003400,0.24237773
fffe3900390039003400,0.5813113
fffe32003800390034003400,0.43939102
fffe32003200360031003600,0.3398088
fffe3800320032003700,0.44421124
fffe31003400330030003700,0.5481291
fffe32003900380035003900,0.3629642
fffe32003600320034003300,0.34240907
fffe3700390031003600,0.25084436
fffe32003200300030003600,0.5168942
fffe32003900330033003000,0.36508083
fffe3200330032003300,0.1387318
fffe390037003000,0.43389648
fffe3400330036003900,0.38875407
fffe31003900370032003300,0.3945665
fffe32003300300030003500,0.038006935
fffe32003300310030003200,0.568588
fffe32003300350037003000,0.5917032
fffe31003800370033003500,0.5582142
fffe33003400310037003800,0.3924889
fffe31003000320036003500,0.5808523
fffe32003100330037003000,0.20855133
fffe31003400300038003800,0.39818263
fffe32003800360032003900,0.5587433
fffe32003900320033003000,0.40729466
fffe33003400340035003000,0.46564198
fffe32003400370035003900,0.18154588
fffe33003000360036003800,0.4828837
fffe350032003400,0.6426523
fffe31003800340030003700,0.3560024
fffe3200360036003900,0.38614136
fffe31003900360031003200,0.5802594
fffe32003200310034003900,0.75291234
fffe3200320032003700,0.5030094
fffe32003100350030003700,0.51226056
fffe3900340039003300,0.40088236
fffe3100380031003500,0.32826874
fffe32003200360033003000,0.62639666
fffe31003800350039003500,0.31646377
fffe33003000390030003900,0.2890187
fffe32003600360035003300,0.6193087
fffe32003000390032003500,0.16225074
fffe33003300350033003700,0.07111816
fffe31003900380038003800,0.46705434
fffe32003100360030003300,0.5279705
fffe32003100390033003400,0.6198125
fffe3500320037003100,0.31234697
fffe31003500390039003200,0.7313816
fffe32003400350034003800,0.58174706
fffe33003200360034003400,0.38689038
fffe33003200360036003200,0.45908886
fffe31003400310034003300,0.5491231
fffe31003200330032003100,0.65197396
fffe32003600330036003600,0.43187517
fffe32003300350035003200,0.1793332
fffe31003400390033003300,0.6767958
fffe31003500320031003300,0.46866933
fffe3500350037003100,0.4252947
fffe32003200320039003600,0.2848832
fffe3400320034003600,0.6083141
fffe31003800370034003200,0.74303347
fffe33003200380039003100,0.25612292
fffe33003200340034003600,0.70239913
fffe3600370032003700,0.34232372
fffe31003500300031003500,0.26305568
fffe3900330039003000,0.76254535
fffe32003400330033003200,0.27648628
fffe33003000330035003200,0.4857945
fffe32003100350039003600,0.31020576
fffe3200350030003000,0.72193193
fffe320039003800,0.5793522
fffe33003400350032003700,0.55422205
fffe3400380034003900,0.41830415
fffe3800320031003300,0.41838434
fffe31003900330031003500,0.10926163
fffe32003500320039003700,0.5247028
fffe3100310036003500,0.47872368
fffe3600340035003900,0.34809816
fffe32003200310037003000,0.63057905
fffe3300380030003600,0.7482763
fffe3500360039003600,0.3267552
fffe3100380031003000,0.13450605
fffe31003300310033003700,0.4886977
fffe31003700360034003000,0.5007939
fffe33003300320031003000,0.4293902
fffe32003900360030003100,0.57735306
fffe32003300310031003100,0.657988
fffe3400340030003000,0.6505507
fffe31003400350030003900,0.18194242
fffe31003900340035003900,0.713841
fffe32003900380038003500,0.39920953
fffe33003400360038003400,0.44025052
fffe32003400300035003500,0.6137127
fffe3900380030003800,0.35843027
fffe33003400390031003900,0.3752536
fffe33003100320033003600,0.5923961
fffe32003700390034003200,0.5152974
fffe31003800380036003300,0.78232145
fffe31003800310033003700,0.41510975
fffe3200380030003300,0.42874545
fffe32003600310034003000,0.48128432
fffe3500390032003400,0.38313857
fffe32003000300037003700,0.66223073
fffe3400340037003100,0.5406046
fffe33003400320038003900,0.55423266
fffe32003300300031003700,0.20602569
fffe32003500300032003100,0.6070448
fffe3700370034003300,0.27064288
fffe32003700320031003700,0.48653233
fffe32003000370035003300,0.5381579
fffe33003300310038003500,0.7679198
fffe31003600370038003600,0.6039585
fffe3100330036003500,0.43943608
fffe33003200300036003600,0.2918064
fffe31003700330032003900,0.618366
fffe32003900370033003700,0.1107207
fffe33003200350038003900,0.6676609
fffe31003700370038003200,0.24114528
fffe3500320033003400,0.27352688
fffe31003900390039003900,0.17391829
fffe3900380036003800,0.66931254
fffe33003300390032003100,0.36922574
fffe33003400370038003500,0.7515677
fffe32003200390035003600,0.64189345
fffe31003900320034003100,0.5138849
fffe3700300037003700,0.23246618
fffe32003500360033003300,0.27271533
fffe31003600320038003500,0.34310716
fffe31003100340037003800,0.5952097
fffe3300320038003400,0.13886786
fffe380034003500,0.6448837
fffe32003400390033003000,0.4472615
fffe3600300035003600,0.6481633
fffe32003900340030003200,0.27190727
fffe31003200300038003700,0.06649088
fffe32003100390039003100,0.072448656
fffe32003000330033003000,0.059201233
fffe33003300300031003600,0.3230389
fffe31003900300033003500,0.7820537
fffe3200330031003500,0.91006863
fffe31003100390034003600,0.6347709
fffe31003400360039003200,0.58559394
fffe33003000360034003700,0.37479922
fffe33003000350034003200,0.76562583
fffe32003200320033003200,0.6943825
fffe32003300350036003400,0.19096349
fffe31003900380035003500,0.36770496
fffe32003400310038003300,0.38715795
fffe32003400340036003500,0.24062133
fffe32003000300030003400,0.28719682
fffe31003100360034003800,0.34251136
fffe31003700330038003600,0.1529901
fffe31003500360035003800,0.15723984
fffe31003500390030003300,0.41319895
fffe3300340034003200,0.36543664
fffe3700370038003500,0.38677967
fffe33003000300032003700,0.43476164
fffe32003500320038003100,0.29644778
fffe32003100320038003500,0.3680575
fffe33003400390035003900,0.6414805
fffe31003700320031003900,0.5809113
fffe3200310038003200,0.5188176
fffe33003100350037003900,0.48674142
fffe31003900300037003900,0.7876511
fffe32003200360035003700,0.36395156
fffe33003300390030003300,0.22193557
fffe31003800390039003300,0.86676526
fffe31003700370030003700,0.780325
fffe31003700370030003200,0.34665924
fffe3300320037003800,0.24774387
fffe32003600320037003600,0.63865
fffe31003200330033003300,0.5661651
fffe32003600300039003600,0.575068
fffe3500360034003300,0.5987592
fffe31003100320035003300,0.59362346
fffe31003200390037003600,0.3934741
fffe3600300039003300,0.7336709
fffe33003400380032003100,0.62649614
fffe33003100350035003700,0.7146705
fffe3100370034003000,0.46226555
fffe31003500300034003900,0.4593951
fffe3200340039003300,0.46369508
fffe31003200340033003000,0.23778354
fffe31003300380030003300,0.28368855
fffe31003200360031003200,0.20418851
fffe32003800320037003200,0.38538548
fffe31003500300036003200,0.28690314
fffe32003600320037003900,0.7500892
fffe3400370031003900,0.5143183
fffe31003200360034003600,0.36499295
fffe33003300390033003900,0.60578626
fffe31003100380031003800,0.40773627
fffe3100380039003200,0.44045484
fffe3800320030003100,0.52880263
fffe31003900330033003200,0.40054458
fffe32003900340034003900,0.6095455
fffe33003400310033003600,0.34392467
fffe3200300034003400,0.25255993
fffe3400330036003300,0.6749977
fffe32003000380034003300,0.39491814
fffe31003200330034003300,0.46481934
fffe3800300032003800,0.44534522
fffe32003800350039003300,0.33389777
fffe3600380036003300,0.5820394
fffe3100350031003100,0.23301892
fffe31003500330035003700,0.50498706
fffe31003800340031003500,0.55047905
fffe32003000340037003100,0.366262
fffe31003100330036003800,0.43167588
fffe3300340031003300,0.35580418
fffe33003400390038003200,0.7752377
fffe31003900340039003800,0.44179037
fffe31003400350038003900,0.010291401
fffe3900390030003300,0.26375267
fffe3200310039003300,0.62172353
fffe3300350031003200,0.6209371
fffe32003000380032003000,0.41431323
fffe33003000310037003800,0.45250502
fffe33003200310033003500,0.3658205
fffe3400330036003800,0.67997515
fffe31003800390033003500,0.22542581
fffe31003400360034003100,0.4347645
fffe3900340039003900,0.39017484
fffe3800320037003800,0.41861776
fffe33003200370031003400,0.6050594
fffe320033003900,0.24845089
fffe32003100350038003700,0.072969675
fffe3600360030003600,0.11009286
fffe31003600390036003600,0.40989232
fffe3300370031003300,0.41062427
fffe32003700340030003900,0.6173999
fffe31003400340033003900,0.27000514
fffe31003600370030003600,0.5413136
fffe3300360031003700,0.8400155
fffe32003700360038003900,0.5530052
fffe32003300380038003700,0.58693576
fffe31003300350030003100,0.46543413
fffe32003200330035003800,0.4435818
fffe33003400330033003000,0.24274348
fffe33003000370039003600,0.54230833
fffe31003600350031003600,0.0402626
fffe31003200300036003800,0.34494725
fffe31003600360036003700,0.7303562
fffe3800380038003100,0.58538544
fffe32003600340030003100,0.5422359
fffe3900350038003400,0.16651364
fffe33003300390031003100,0.6445355
fffe32003700350036003900,0.5872625
fffe32003400310033003700,0.19258657
fffe31003700370034003900,0.3536107
fffe33003300390036003600,0.46095982
fffe31003300310034003800,0.5091878
fffe32003700380034003000,0.24747543
fffe3400370039003600,0.27269593
fffe390034003000,0.5446629
fffe33003100370037003600,0.44155675
fffe3600310031003700,0.47814935
fffe32003500370033003400,0.55864894
fffe32003700310031003400,0.39569017
fffe3100340033003000,0.40383178
fffe3400380033003100,0.36448693
fffe31003200300037003000,0.5016135
fffe31003900390035003600,0.7146502
fffe33003200320034003100,0.581268
fffe3700380033003200,0.25714672
fffe32003100370038003800,0.31959927
fffe33003300370032003500,0.12088453
fffe3900360034003000,0.06484538
fffe3700390037003000,0.788355
fffe32003400390037003100,0.13433023
fffe31003300380037003300,0.24689373
fffe3800380038003500,0.5684695
fffe32003100370037003000,0.5301847
fffe3700330033003000,0.6101569
fffe3300370037003400,0.71042544
fffe31003700380034003700,0.34893268
fffe32003200340032003100,0.6626869
fffe3100370039003400,0.59563816
fffe31003700330032003800,0.480967
fffe31003400300039003800,0.5234032
fffe33003200310037003300,0.27312928
fffe31003900340033003000,0.655532
fffe31003600370038003200,0.62954307
fffe33003100380036003600,0.6915818
fffe31003200350032003800,0.34739834
fffe3500300032003300,0.18833596
fffe32003200350037003600,0.44940102
fffe32003000350034003100,0.0923923
fffe320032003000,0.35305685
fffe3300310033003600,0.5896292
fffe33003000350033003500,0.44656134
fffe31003600310038003700,0.20964745
fffe3500380031003400,0.65173906
fffe31003600330038003400,0.111388855
fffe32003500380032003600,0.23812905
fffe3600310036003400,0.52872366
fffe32003300330038003300,0.27355182
fffe3700330031003700,0.14356388
fffe31003200380034003800,0.46324933
fffe3900330033003100,0.44492674
fffe3100300037003400,0.19955307
fffe380035003700,0.7716255
fffe3900310031003000,0.43734118
fffe3100360034003300,0.93044513
fffe31003400330033003300,0.7515592
fffe31003500380035003500,0.21584599
fffe31003800380030003400,0.6004768
fffe33003100370037003400,0.7242786
fffe31003600350038003700,0.39188492
fffe31003500340031003200,0.60819113
fffe3800390034003300,0.6943038
fffe31003700310034003500,0.3718996
fffe31003100310039003800,0.18018389
fffe31003600330035003500,0.7138989
fffe32003100360030003200,0.5483892
fffe32003000310030003600,0.59286696
fffe33003400350037003900,0.56042665
fffe31003000380030003100,0.13086474
fffe3900340037003000,0.44510972
fffe32003400370033003600,0.57650536
fffe3600370033003600,0.5168558
fffe31003700360037003800,0.09248748
fffe31003800310036003000,0.6292796
fffe31003000330038003400,0.6752229
fffe3700300038003200,0.69455254
fffe3200310037003700,0.4701063
fffe3200310036003300,0.15892288
fffe32003800320035003200,0.6705778
fffe31003700350038003800,0.29980826
fffe33003300370039003900,0.3141232
fffe32003700360035003600,0.34376842
fffe3100360036003200,0.54445636
fffe320037003500,0.73401517
fffe31003400340031003300,0.48216456
fffe33003100300032003400,0.6993624
fffe32003100380038003300,0.6379109
fffe32003900360031003800,0.6698224
fffe33003400350034003600,0.3973102
fffe31003600310030003900,0.00592654
fffe3800340036003200,0.57828623
fffe3700370036003300,0.5406939
fffe32003700300039003600,0.4079065
fffe32003700330033003600,0.09928476
fffe32003600310035003300,0.3587621
fffe3800330031003800,0.8142956
fffe33003000360032003900,0.36708078
fffe3500320033003800,0.6524408
fffe31003300340034003200,0.49419394
fffe3900360032003800,0.37883908
fffe32003600300032003000,0.33461004
fffe32003700310032003100,0.6510215
fffe33003000380035003100,0.101516
fffe3800350035003200,0.27334
fffe32003000360039003000,0.4154772
fffe31003300380033003900,0.5170647
fffe32003000360036003300,0.42644557
fffe31003900330036003300,0.34026504
fffe32003700350031003600,0.6972392
fffe32003300360036003500,0.3917598
fffe31003600310031003500,0.46117178
fffe31003100360032003800,0.5860535
fffe32003400330035003900,0.5612327
fffe31003300310039003400,0.24013726
fffe330035003500,0.5933905
fffe31003300340039003500,0.34129387
fffe31003300320034003000,0.3593699
fffe31003500360033003500,0.83626103
fffe33003200360031003800,0.31095475
fffe32003200320039003500,0.14774823
fffe3500380031003900,0.72846395
fffe33003000370033003700,0.3896784
fffe32003800330034003500,0.8258702
fffe31003100300038003200,0.66510797
fffe31003300390037003100,0.7329795
fffe31003500340039003500,0.35686147
fffe3800370036003900,0.16212618
fffe32003100380033003400,0.65776
fffe3300360034003000,0.14537615
fffe3200350039003400,0.61025524
fffe31003000390037003700,0.23587091
fffe32003500370032003700,0.58635134
fffe3500330039003000,0.22451888
fffe32003900380039003200,0.62937856
fffe32003900330030003400,0.877693
fffe31003600370031003700,0.20332497
fffe31003400300039003600,0.39911163
fffe32003700390032003800,0.5663537
fffe31003800310038003100,0.69898355
fffe3600320039003500,0.70538306
fffe3300370032003700,0.015242778
fffe32003600340034003100,0.2970543
fffe33003200380031003200,0.63168865
fffe32003600360036003700,0.71536183
fffe3300360036003600,0.39293468
fffe32003600340030003900,0.35227138
fffe31003400320039003400,0.5019716
fffe3100320038003400,0.512843
fffe31003600330039003000,0.5477794
fffe32003800340038003400,0.009573378
fffe330030003900,0.21647313
fffe3500360030003400,0.6304255
fffe3100340032003900,0.3494932
fffe3700340033003800,0.31658426
fffe31003600380039003500,0.4619006
fffe32003500350038003800,0.3996603
fffe3100340039003600,0.36254698
fffe3600340031003100,0.45832276
fffe32003800380036003100,0.5670283
fffe32003600370031003000,0.6161911
fffe3900300031003200,0.432351
fffe31003300320034003800,0.5096378
fffe3100370038003200,0.47024682
fffe32003700360038003800,0.83675814
fffe31003500380035003400,0.20939456
fffe32003800350030003300,0.7402221
fffe31003600380031003500,0.38269153
fffe33003100360033003600,0.5691553
fffe3200340030003900,0.20247051
fffe33003200310036003100,0.42949814
fffe31003700300036003100,0.11682283
fffe31003000300036003500,0.7486279
fffe32003300370038003300,0.59196746
fffe3100360031003300,0.30629653
fffe3900360037003600,0.4487584
fffe31003000320037003700,0.72039366
fffe32003200380032003200,0.19789374
fffe32003900380033003600,0.5574287
fffe32003100390037003300,0.7945649
fffe32003400320033003900,0.3448932
fffe31003500360034003800,0.59225386
fffe33003100310030003500,0.4321311
fffe3700370033003900,0.49876362
fffe31003200310039003700,0.6099692
fffe3200330032003700,0.56866723
fffe31003400330034003200,0.5408447
fffe380030003300,0.74088705
fffe31003500330039003100,0.78373796
fffe32003900320030003100,0.53828794
fffe32003100330033003400,0.106543526
fffe31003200340032003600,0.35399294
fffe3100340035003900,0.35563993
fffe3600360038003400,0.19027996
fffe33003200380037003200,0.4176125
fffe33003400350039003500,0.6558946
fffe3700330039003900,0.46025878
fffe31003200340030003700,0.6491291
fffe32003700350035003200,0.42857587
fffe33003000380030003500,0.40397665
fffe31003700340032003000,0.026194453
fffe31003500330034003500,0.57696646
fffe33003000380039003300,0.5176871
fffe33003100340037003300,0.38820466
fffe31003100390033003300,0.34021148
fffe32003100370034003700,0.24390054
fffe32003200390032003000,0.6931705
fffe32003400360031003800,0.4612783
fffe3300330035003900,0.5066634
fffe3500380030003600,0.4985096
fffe3400370032003300,0.4224658
fffe3900320030003500,0.12072367
fffe3200300035003900,0.35355407
fffe31003500310038003300,0.22580527
fffe31003300320036003600,0.33336177
fffe3100390034003300,0.9351475
fffe3800310038003200,0.2657555
fffe31003400380034003600,0.26554677
fffe3900300036003900,0.24246159
fffe32003200320037003200,0.31874508
fffe3800380032003700,0.56474036
fffe3700340031003200,0.015599881
fffe3400340039003100,0.2699509
fffe31003900340034003700,0.23408765
fffe3800380037003800,0.57736135
fffe3100380037003300,0.5330454
fffe3500320032003200,0.19929738
fffe3200330037003500,0.62968415
fffe33003000360030003100,0.21758662
fffe33003100390038003500,0.4112056
fffe32003400320034003900,0.5599818
fffe32003300380039003400,0.5969763
fffe3700340034003100,0.24709015
fffe3100330035003900,0.46498707
fffe32003700370035003400,0.28475648
fffe33003300310030003700,0.20808709
fffe31003600310030003400,0.57545584
fffe33003200370031003800,0.71860236
fffe31003000370038003500,0.62873656
fffe31003800310039003900,0.15632449
fffe31003200330038003700,0.45003638
fffe32003300380031003800,0.017625974
fffe31003300390032003400,0.041946646
fffe3300320036003300,0.56589746
fffe3900380030003400,0.4163201
fffe32003400310039003300,0.16537608
fffe31003500330033003300,0.5030148
fffe32003600380031003000,0.47965488
fffe3500380031003200,0.5625942
fffe32003500370035003300,0.2560032
fffe31003200380036003600,0.35316834
fffe31003000310033003500,0.54668516
fffe3700390035003600,0.65871954
fffe3300370038003000,0.67109215
fffe31003600300036003700,0.6228902
fffe31003600360038003800,0.7825252
fffe32003400380033003900,0.61296755
fffe3400390030003300,0.5064133
fffe32003600300039003500,0.41589448
fffe3600340035003300,0.5804883
fffe3700350030003300,0.34918472
fffe32003800300033003200,0.35579976
fffe31003400320031003800,0.7093321
fffe31003800360033003100,0.60118777
fffe33003200350031003500,0.3993949
fffe3400340038003300,0.18671702
fffe32003700330036003500,0.64052093
fffe3300320035003300,0.5763081
fffe31003300390030003400,0.49863532
fffe32003100300039003400,0.7172997
fffe310031003000,0.56086165
fffe32003900320031003000,0.353922
fffe31003600380037003500,0.5864986
fffe31003100310030003000,0.4847952
fffe32003300350033003100,0.47812536
fffe3800320039003200,0.28593695
fffe31003500310037003600,0.21230915
fffe33003200300031003900,0.6446382
fffe33003400310036003200,0.2287392
fffe31003100330038003700,0.25281978
fffe32003900390035003200,0.8121254
fffe3500350033003000,0.29141253
fffe31003900390039003800,0.47510362
fffe32003200390034003800,0.35269344
fffe32003700350032003000,0.24508932
fffe3100370039003100,0.7774278
fffe31003700360039003400,0.4015771
fffe32003900340032003000,0.4048313
fffe32003100330033003900,0.44843426
fffe3300300037003700,0.5728317
fffe3800300036003700,0.4398469
fffe32003500380035003000,0.59719986
fffe31003600320031003800,0.3917353
fffe32003100350033003400,0.52796525
fffe33003000390034003200,0.49426728
fffe32003600350035003500,0.49157646
fffe32003700330038003300,0.19552673
fffe3500300033003600,0.3910465
fffe32003700300039003100,0.53604275
fffe31003900330037003700,0.6745498
fffe32003500300033003800,0.3235564
fffe330034003500,0.0675688
fffe31003800380032003700,0.36425546
fffe32003400350032003900,0.21102795
fffe32003100340035003500,0.3059784
fffe31003000360034003200,0.58227855
fffe31003600310033003800,0.23627976
fffe32003300360038003000,0.4089976
fffe32003600340030003500,0.9483063
fffe3600310032003000,0.17486687
fffe32003200320036003700,0.13536505
fffe3600310036003600,0.4528738
fffe33003100310034003800,0.07273621
fffe31003800380030003700,0.7823234
fffe31003500360031003200,0.30835488
fffe31003100340037003100,0.2696725
fffe32003500310037003100,0.5635493
fffe32003200370031003700,0.4079734
fffe3600370030003000,0.23680577
fffe31003900370035003700,0.20467368
fffe3700320031003600,0.78597
fffe33003100390039003100,0.22816336
fffe32003300330037003900,0.51913565
fffe32003100370037003700,0.75787896
fffe33003000320038003300,0.5865342
fffe32003400370031003900,0.9377921
fffe32003500370032003600,0.45544234
fffe3400310031003900,0.575226
fffe31003600370032003900,0.4289071
fffe33003200300032003000,0.5665726
fffe31003700340033003600,0.409379
fffe3100350032003000,0.42675194
fffe3400320039003000,0.22805315
fffe3700340034003700,0.34480688
fffe32003000360035003800,0.25215104
fffe32003600390039003300,0.55458325
fffe33003000310030003800,0.5582318
fffe3100360036003000,0.42148042
fffe31003200380032003300,0.4008854
fffe32003500360036003300,0.23437613
fffe3800320038003300,0.7902006
fffe3500340031003500,0.3729393
fffe33003400370039003800,0.39806566
fffe31003400300032003200,0.35881406
fffe32003300370031003900,0.41124183
fffe3700300031003900,0.30615678
fffe32003500310036003500,0.34897867
fffe32003700380037003000,0.5119313
fffe3400330035003900,0.44694075
fffe31003300300036003800,0.25687787
fffe33003200360030003100,0.59917873
fffe31003600340032003700,0.46529943
fffe3700360030003100,0.6531125
fffe33003300360038003900,0.5414874
fffe3200360033003000,0.7504218
fffe3700310033003800,0.5645403
fffe32003500380038003400,0.4008695
fffe33003000390038003800,0.18928379
fffe33003300310031003600,0.38776878
fffe32003100360037003800,0.5136491
fffe31003000350035003000,0.38662797
fffe32003000390034003300,0.4040493
fffe31003700300037003800,0.7344579
fffe31003700360030003900,0.5478235
fffe31003000340039003700,0.7121709
fffe31003400320031003600,0.55550796
fffe33003100330034003000,0.41045377
fffe31003600330038003700,0.6878068
fffe3500390031003100,0.46605647
fffe31003700340032003400,0.41305354
fffe3300300037003600,0.5721516
fffe33003100340038003800,0.55530196
fffe32003300310031003500,0.006900065
fffe31003100310036003100,0.7782788
fffe31003900300039003200,0.41244742
fffe33003000390037003100,0.9296883
fffe31003100350034003400,0.6282941
fffe32003900330032003600,0.4121266
fffe3400390038003400,0.029794177
fffe32003700390038003900,0.5074928
fffe3300360031003100,0.5670612
fffe32003800360034003400,0.39791933
fffe31003100380035003200,0.3630461
fffe32003000390037003900,0.580687
fffe32003400370036003100,0.6519234
fffe3100320030003100,0.36797008
fffe33003400340038003100,0.5668912
fffe31003900330031003900,0.4177047
fffe3100340032003300,0.55723876
fffe31003000360034003600,0.7036096
fffe32003300360036003400,0.5638389
fffe3600360033003900,0.4948483
fffe3800350036003200,0.00617091
fffe3300380037003600,0.2827902
fffe3700380032003000,0.3297126
fffe32003800300039003900,0.33464834
fffe32003600370031003500,0.7382913
fffe32003400310032003700,0.66658676
fffe33003200360038003900,0.35764295
fffe32003300350030003000,0.4829558
fffe31003900330033003100,0.331092
fffe32003600360034003500,0.60362226
fffe3200320035003200,0.5338985
fffe32003900310039003600,0.43406206
fffe33003100380034003200,0.33979425
fffe3300300037003000,0.37912154
fffe32003100350039003800,0.06470125
fffe31003500390032003600,0.24423262
fffe33003100320035003700,0.57517874
fffe32003400380033003200,0.35930052
fffe32003100320038003700,0.724161
fffe3400380034003600,0.3539166
fffe32003900330031003800,0.23465212
fffe33003100370036003000,0.5113847
fffe31003600320032003900,0.5478218
fffe32003800390038003200,0.5409278
fffe31003100380039003400,0.119996004
fffe33003200360032003700,0.3561437
fffe3200310032003400,0.6280483
fffe31003200320031003100,0.4927854
fffe31003400330035003200,0.26924887
fffe33003000370039003400,0.9505285
fffe32003100310030003600,0.44243062
fffe31003500300032003800,0.50124866
fffe3200370039003200,0.14833502
fffe31003400320033003900,0.7412366
fffe3900300030003400,0.27061868
fffe32003300370035003800,0.5695686
fffe3900390039003000,0.25197962
fffe3300330032003000,0.14743884
fffe3700320035003800,0.59773576
fffe33003100330032003000,0.6162457
fffe3400330038003300,0.47774753
fffe32003000360033003600,0.7411613
fffe32003400330039003600,0.39739186
fffe32003400320038003800,0.4322628
fffe32003500390037003200,0.6479869
fffe330037003600,0.2884169
fffe31003900360032003800,0.2618738
fffe32003900350033003200,0.38930184
fffe31003100380031003500,0.6738551
fffe31003400360031003600,0.68948716
fffe32003200360039003100,0.57326555
fffe31003300310036003400,0.45883748
fffe31003500300037003800,0.37286434
fffe31003700350033003300,0.47888228
fffe31003500370031003400,0.24193813
fffe31003100390035003700,0.38186747
fffe31003500370033003800,0.29707247
fffe33003200350030003300,0.3341693
fffe31003300330034003000,0.5723481
fffe32003000320038003600,0.4232705
fffe3200360038003400,0.36901194
fffe3500350032003600,0.66332996
fffe3400320038003800,0.6999327
fffe32003200340033003000,0.37859356
fffe31003600370038003000,0.46344036
fffe3800310032003100,0.39220798
fffe31003600,0.43527803
fffe32003800380035003500,0.6087944
fffe31003700350037003600,0.229111
fffe32003500390039003200,0.39673242
fffe3200350037003600,0.5548495
fffe31003100340036003900,0.19347812
fffe3800330037003000,0.6584443
fffe32003800360031003700,0.22966875
fffe32003400340038003200,0.64573276
fffe31003100350031003300,0.46213844
fffe33003300390039003500,0.25350308
fffe31003100360034003600,0.60932225
fffe340030003000,0.51379734
fffe32003700300034003000,0.24490263
fffe32003000360031003500,0.6433211
fffe33003400340038003300,0.7503547
fffe33003300310033003300,0.6204747
fffe32003000300036003300,0.38832778
fffe3300330034003500,0.38281846
fffe3400310031003100,0.22785982
fffe32003700360034003600,0.6237276
fffe32003200330030003800,0.56451255
fffe32003200310038003700,0.33100128
fffe3400380038003100,0.5253598
fffe31003300320039003900,0.674638
fffe32003700350039003000,0.15873076
fffe31003000300032003400,0.41027975
fffe32003300360030003100,0.40415525
fffe32003600310030003500,0.33371034
fffe3700340034003000,0.41045895
fffe31003100370031003800,0.23719315
fffe32003900370038003500,0.26764673
fffe3700390039003300,0.11174148
fffe33003300310038003700,0.44890326
fffe3300370030003100,0.1700704
fffe3600350034003800,0.51120347
fffe31003600390033003700,0.19542402
fffe33003200350030003500,0.5441992
fffe3800370034003200,0.47045356
fffe3400360036003200,0.6093558
fffe31003200320034003800,0.2767489
fffe3200380037003400,0.2656671
fffe31003800320037003000,0.30320755
fffe32003300300032003500,0.4314062
fffe31003800350034003500,0.8309511
fffe32003300300030003100,0.3924262
fffe33003400360036003200,0.4458781
fffe3900370031003800,0.3846596
fffe32003900320036003700,0.111648954
fffe3400370038003300,0.48775035
fffe330030003000,0.5374894
fffe31003100330038003500,0.47734296
fffe31003000390037003500,0.2527261
fffe31003700330038003400,0.18081628
fffe31003500360031003600,0.61254793
fffe32003800310036003000,0.42110088
fffe32003600330034003400,0.19482824
fffe32003600390033003300,0.59474915
fffe3300310032003400,0.5229814
fffe33003400330038003600,0.36567983
fffe32003200320039003100,0.5783606
fffe31003100310035003100,0.6515754
fffe33003100330036003400,0.7112663
fffe32003100360039003700,0.28834078
fffe3300370037003100,0.6318277
fffe32003000380030003800,0.6025516
fffe31003200350037003400,0.3958361
fffe3100370035003400,0.6254785
fffe31003800320039003700,0.5072267
fffe33003300370031003400,0.5512481
fffe31003400360038003700,0.4375742
fffe33003400320038003000,0.22929105
fffe33003000320030003100,0.29733995
fffe32003500390033003700,0.43038502
fffe32003800360032003500,0.38011503
fffe3100330030003600,0.42803103
fffe31003500320038003600,0.37262112
fffe32003800380031003200,0.38631806
fffe31003800380037003700,0.40673366
fffe3300360032003000,0.45304412
fffe33003000320032003200,0.40340585
fffe31003800370030003300,0.53047067
fffe3100310039003000,0.59879065
fffe3900300035003600,0.41280255
fffe32003300310036003400,0.59155166
fffe32003600380032003700,0.3647466
fffe33003400370032003100,0.34869716
fffe32003700370039003500,0.4733438
fffe3600330039003600,0.65484184
fffe32003400310037003600,0.5309388
fffe31003600340036003100,0.53291136
fffe32003100380036003800,0.2262992
fffe31003900320031003500,0.38961634
fffe33003200310036003900,0.38594934
fffe3800360035003700,0.711042
fffe31003900360036003100,0.59203553
fffe3400300032003200,0.6193531
fffe32003100360034003800,0.6026517
fffe33003400310033003800,0.3855896
fffe3600300039003200,0.5682996
fffe33003300310039003000,0.42234492
fffe3400370031003500,0.3817674
fffe33003400320037003000,0.5167394
fffe32003800360037003400,0.6707016
fffe31003200350037003700,0.41591135
fffe33003200310035003400,0.4171405
fffe3400390039003200,0.14950849
fffe32003600320031003700,0.31503028
fffe32003900300030003700,0.28810474
fffe32003200300032003200,0.5480547
fffe390035003200,0.22794937
fffe31003200370039003300,0.5076664
fffe32003800310036003200,0.20645429
fffe3500360031003600,0.3193277
fffe3900340037003600,0.44982508
fffe33003400350036003700,0.34874776
fffe32003000320036003700,0.51008654
fffe3100320035003400,0.615006
fffe32003700310039003700,0.35402882
fffe31003400370032003400,0.88380307
fffe32003500360036003000,0.80265003
fffe32003300370034003100,0.8959765
fffe3700350039003200,0.745366
fffe31003600320039003400,0.29940414
fffe31003600310036003500,0.67638785
fffe32003500350036003100,0.6553917
fffe32003300330035003000,0.46690902
fffe32003900370036003800,0.27495885
fffe31003000330030003500,0.092991516
fffe3300350037003700,0.22521517
fffe3600390033003400,0.3430872
fffe32003100300039003900,0.94469124
fffe3700340030003600,0.37487486
fffe32003100370035003500,0.5923676
fffe3700360037003000,0.37086624
fffe31003400330030003800,0.57223
fffe32003900350031003600,0.420019
fffe3800390033003000,0.60741025
fffe33003400300033003500,0.64175576
fffe32003800310031003400,0.4182516
fffe32003400340035003900,0.6647252
fffe33003000390036003500,0.18968587
fffe32003500320031003500,0.47766572
fffe31003600390038003500,0.5501224
fffe33003300340037003200,0.34829947
fffe31003300370030003900,0.52911013
fffe32003800310038003900,0.40156865
fffe31003200380034003400,0.42449534
fffe31003400330036003000,0.54802126
fffe31003700390031003000,0.53859246
fffe32003200380037003300,0.52666
fffe31003800320033003100,0.67323816
fffe32003600320037003800,0.7066252
fffe32003000330035003000,0.7043335
fffe31003800340035003300,0.7589065
fffe3500330033003800,0.2738324
fffe32003800300034003000,0.2540946
fffe3300310036003300,0.6337515
fffe32003900330039003400,0.38808745
fffe33003100390032003000,0.3383474
fffe31003700370034003100,0.62885636
fffe32003700300038003500,0.602919
fffe3800360034003600,0.3508129
fffe32003900370038003100,0.37737086
fffe32003000310036003000,0.50723815
fffe33003000330031003300,0.26961306
fffe3600310032003800,0.4199688
fffe3700340039003800,0.62024957
fffe31003000370031003000,0.2684351
fffe32003200330030003200,0.13483883
fffe33003200310038003000,0.33097276
fffe31003100320038003600,0.434435
fffe32003400310033003600,0.25103948
fffe31003600360035003600,0.20263909
fffe3300370033003300,0.6608075
fffe31003600350037003500,0.5906202
fffe31003900330034003100,0.44211552
fffe31003600310036003700,0.60613054
fffe31003900340030003000,0.24789691
fffe31003200340039003000,0.532505
fffe32003400300034003400,0.35516778
fffe3500360030003900,0.6276031
fffe3500340034003700,0.7630086
fffe31003300360036003500,0.03311403
fffe3700350033003600,0.07573093
fffe31003100360031003000,0.6215269
fffe32003600340030003400,0.39931315
fffe3100380032003400,0.3077845
fffe3100310034003700,0.27326035
fffe31003500350032003800,0.34606156
fffe32003800360038003600,0.36670178
fffe3200370034003600,0.34996623
fffe31003500310035003100,0.4287576
fffe3200380035003400,0.27026847
fffe31003000330039003100,0.3105316
fffe33003000390038003400,0.60783505
fffe32003000340035003000,0.42058623
fffe31003900350032003800,0.36741674
fffe33003400370039003600,0.5629336
fffe32003200310034003600,0.38547203
fffe32003700380039003600,0.27999982
fffe31003600330031003300,0.36128572
fffe3700300034003700,0.33502623
fffe310039003300,0.4800369
fffe31003500320035003900,0.40283597
fffe3800350037003200,0.44432926
fffe32003800360034003600,0.62665504
fffe31003000380034003000,0.6021167
fffe33003000340031003100,0.5817826
fffe33003000340033003300,0.55854106
fffe32003900360037003400,0.37766528
fffe33003400350035003900,0.74359685
fffe33003200360032003200,0.57111573
fffe32003100310036003800,0.4204939
fffe32003400370032003000,0.20277506
fffe33003100360034003500,0.61417073
fffe32003700340033003400,0.453047
fffe3400380030003400,0.7306027
fffe3700340039003000,0.56559294
fffe32003800390030003300,0.41008055
fffe3100380036003800,0.40032825
fffe32003200370032003800,0.4446779
fffe32003000390037003700,0.1754237
fffe33003100310035003300,0.47988564
fffe31003200330030003600,0.4617061
fffe33003400340030003500,0.3398299
fffe3900350035003400,0.2834729
fffe31003100370036003000,0.4054672
fffe31003300310032003700,0.1465079
fffe3800310032003700,0.61261225
fffe3500320036003900,0.0247189
fffe32003000310035003100,0.6456171
fffe32003400390033003100,0.30383918
fffe31003200300035003300,0.4503527
fffe3700360032003500,0.5035233
fffe31003800370037003300,0.17627072
fffe3300330031003800,0.43928856
fffe33003300380036003300,0.6116832
fffe33003300370030003900,0.44185302
fffe31003900390034003500,0.5924692
fffe31003000360037003200,0.42178914
fffe3500300030003100,0.6515929
fffe33003300370030003400,0.03384851
fffe370032003700,0.6026791
fffe31003600310033003700,0.47801256
fffe32003200300031003900,0.5693565
fffe32003800330039003900,0.7179961
fffe3100360031003100,0.25806025
fffe33003100360036003200,0.2160599
fffe3600350035003200,0.353528
fffe32003400370033003700,0.62142414
fffe33003000300035003400,0.58152133
fffe32003700390031003000,0.7867688
fffe32003500340034003900,0.37847137
fffe3700300032003300,0.12116574
fffe31003500370038003600,0.80943805
fffe31003200370039003800,0.40784442
fffe31003900300036003800,0.46730354
fffe3500300035003500,0.6477744
fffe33003300380033003800,0.17601743
fffe3300340038003500,0.62187976
fffe32003700340038003900,0.69831353
fffe32003800360035003800,0.40434194
fffe3300300031003200,0.8143635
fffe32003800340035003800,0.35664305
fffe33003200350038003400,0.34503683
fffe32003000340037003500,0.72234344
fffe33003300340039003000,0.71399987
fffe3900380035003400,0.41750368
fffe31003000370037003900,0.4282386
fffe31003900370035003300,0.4722622
fffe33003400380035003500,0.009185977
fffe32003800300031003000,0.57929325
fffe360033003000,0.31287348
fffe33003100300035003900,0.18100104
fffe3100310033003700,0.38680264
fffe32003100380037003300,0.6735182
fffe32003900320033003600,0.4159144
fffe32003100300031003800,0.3386397
fffe360038003900,0.26215726
fffe33003400380031003200,0.3573738
fffe32003300320035003000,0.36639628
fffe3400370036003100,0.37370962
fffe33003000350037003400,0.35308433
fffe32003800340033003200,0.51589227
fffe32003400310035003200,0.6143929
fffe3800310036003400,0.4159494
fffe3300320037003600,0.45285344
fffe33003300350031003800,0.701855
fffe32003900370035003900,0.579709
fffe33003300300036003400,0.3064721
fffe32003100330032003000,0.62855697
fffe32003900360033003600,0.3867707
fffe32003400390034003300,0.30528045
fffe32003100300034003100,0.3174473
fffe31003500390033003700,0.4732903
fffe32003900340034003700,0.6137897
fffe31003000390032003000,0.44291633
fffe32003800310031003700,0.81308335
fffe32003700350033003700,0.58807385
fffe32003700360036003200,0.5346524
fffe370039003300,0.45125923
fffe31003300380039003600,0.4928684
fffe3300350036003600,0.35606143
fffe32003400380037003800,0.4317869
fffe33003300350033003900,0.35037795
fffe32003500350034003200,0.23626402
fffe3700310037003000,0.5408343
fffe32003200340032003200,0.78089076
fffe31003300390030003300,0.34528258
fffe32003900380031003000,0.46655354
fffe32003000320038003800,0.64049244
fffe32003400350031003500,0.50478655
fffe33003200310033003300,0.18815185
fffe3300350036003200,0.42092666
fffe31003300350038003600,0.5554588
fffe33003400340037003700,0.49824136
fffe33003100390037003900,0.19572996
fffe3800380038003400,0.55396754
fffe3900350033003000,0.60340345
fffe32003100340038003100,0.33891863
fffe3900390035003800,0.21171412
fffe31003900300033003000,0.30961075
fffe31003400300030003800,0.554998
fffe3600340036003600,0.3687828
fffe31003800310038003900,0.5737373
fffe3300380036003400,0.58101785
fffe3700380036003500,0.6323406
fffe3900360036003700,0.43984193
fffe32003200350030003700,0.5185597
fffe31003300320032003300,0.43591204
fffe3300390034003300,0.853694
fffe340037003400,0.5439276
fffe32003500300032003000,0.6500235
fffe3400330038003500,0.5970263
fffe32003600360035003600,0.51329654
fffe31003400330036003400,0.18251269
fffe31003500320039003900,0.56105477
fffe3800300039003200,0.008058437
fffe3400360031003400,0.14497055
fffe33003400350031003800,0.29073393
fffe31003400310037003400,0.38938496
fffe33003100360035003400,0.55406207
fffe32003900340036003200,0.349771
fffe3700350038003800,0.5307722
fffe31003500310039003100,0.53466266
fffe31003800300038003800,0.39893615
fffe3600340033003000,0.36625212
fffe3600300035003500,0.5154737
fffe32003800390031003700,0.13778655
fffe3800350035003800,0.34301656
fffe31003300330033003000,0.80928373
fffe33003200350033003400,0.3908193
fffe32003400370034003800,0.60324717
fffe31003200340030003200,0.36958724
fffe32003300300035003200,0.24279378
fffe31003500360032003700,0.72965926
fffe32003600380032003300,0.46714923
fffe33003000320032003900,0.23119132
fffe32003600330031003800,0.44993928
fffe380036003300,0.28628758
fffe31003100380036003300,0.6448135
fffe31003300380033003100,0.43935984
fffe32003900370032003400,0.3687455
fffe3300310032003700,0.43441963
fffe31003900380036003700,0.7214133
fffe380037003900,0.29182333
fffe3700370030003800,0.694104
fffe3500300034003900,0.44037682
fffe31003000350036003600,0.63049275
fffe3800300031003400,0.7474056
fffe3500300035003600,0.42189956
fffe32003200320030003000,0.53432816
fffe31003300320039003800,0.33329472
fffe32003200360034003600,0.37231407
fffe32003400360034003300,0.7228441
fffe31003000370032003500,0.40444452
fffe33003200300038003900,0.23974735
fffe32003700310038003600,0.558779
fffe3600320039003800,0.5930682
fffe33003300330037003900,0.18240131
fffe31003100390039003400,0.5345218
fffe33003400320030003800,0.44787374
fffe31003400380039003700,0.55753285
fffe3200390036003600,0.4203152
fffe32003400310035003800,0.43332976
fffe3600330037003600,0.20569314
fffe3600,0.5590586
fffe3900320032003600,0.27461338
fffe3600370032003900,0.40484983
fffe32003100390038003400,0.27387598
fffe32003500370032003500,0.7116286
fffe3800340038003300,0.11377603
fffe32003900340036003100,0.30085975
fffe33003200390032003500,0.54180795
fffe3300350033003900,0.34779665
fffe3100310030003600,0.41693434
fffe32003400380037003900,0.13128786
fffe32003800360035003500,0.46224824
fffe32003900390031003000,0.10717824
fffe32003500330039003200,0.30699724
fffe31003200340036003900,0.345374
fffe32003300360037003800,0.52833325
fffe33003200370038003000,0.5734812
fffe3800330038003900,0.36147672
fffe31003300340039003000,0.33324754
fffe31003300350037003600,0.47758543
fffe310039003900,0.6164233
fffe370036003700,0.51403177
fffe33003000310038003000,0.5210072
fffe31003400360032003100,0.61508954
fffe32003600330033003100,0.3634891
fffe3800330039003900,0.24639024
fffe31003700390034003000,0.119305424
fffe3300330036003900,0.35955364
fffe31003400300033003800,0.69791967
fffe32003000360030003000,0.5447365
fffe33003100380037003000,0.25156176
fffe31003600330031003700,0.25145712
fffe31003100340033003800,0.6258485
fffe33003300360035003100,0.19938327
fffe31003400390038003600,0.37124652
fffe3900360030003300,0.39053187
fffe31003900350035003600,0.5569943
fffe32003900390030003900,0.49105862
fffe32003500390035003300,0.31301472
fffe33003000330036003000,0.51481223
fffe3800300039003300,0.6776938
fffe32003500380031003600,0.68003196
fffe3400380032003600,0.4830664
fffe32003400300038003400,0.70000994
fffe32003600330031003600,0.9231861
fffe32003000390037003800,0.30574253
fffe3600350031003200,0.56625605
fffe31003100380036003800,0.38249266
fffe32003100300035003100,0.5769112
fffe33003000360036003200,0.44841605
fffe33003200360035003600,0.459998
fffe3800330035003300,0.27491024
fffe31003600330037003200,0.47783017
fffe3400340031003700,0.4183198
fffe32003100310036003300,0.8448773
fffe31003300350030003900,0.12943555
fffe31003700320039003600,0.41314688
fffe31003200360036003600,0.5948926
fffe32003000320038003100,0.61411244
fffe32003400330037003500,0.43440667
fffe32003000320035003400,0.45820686
fffe31003800340030003500,0.63972116
fffe32003000350035003100,0.57568944
fffe33003400300032003900,0.83030623
fffe32003400330036003800,0.56320703
fffe32003000390031003400,0.21208511
fffe33003400300037003200,0.5292351
fffe3600340030003300,0.52635515
fffe3800360036003900,0.010218646
fffe33003000360033003900,0.36380008
fffe32003200330030003700,0.32290694
fffe3900350030003000,0.5681118
fffe31003200350038003100,0.6406723
fffe3300310038003200,0.2717895
fffe32003700300037003100,0.23417504
fffe31003400310030003000,0.57025504
fffe31003100390035003100,0.47251037
fffe32003400340035003300,0.17347677
fffe31003900350036003700,0.4344262
fffe3900360037003100,0.26942924
fffe32003600320030003100,0.423261
fffe31003300300030003000,0.41755605
fffe360030003300,0.18341622
fffe31003500380033003700,0.3712171
fffe32003700330033003900,0.41465005
fffe32003400310037003300,0.39506713
fffe31003100390031003900,0.18249258
fffe32003100340031003900,0.5813782
fffe3300380034003400,0.51918244
fffe3800340030003300,0.51253563
fffe32003000340039003500,0.026911104
fffe31003000390038003100,0.38452926
fffe31003700310030003900,0.57246655
fffe3500370036003400,0.54729277
fffe3600320038003400,0.24288954
fffe33003400380037003500,0.54324293
fffe32003400340036003000,0.07794307
fffe32003400390036003000,0.30623254
fffe3400370033003500,0.17050087
fffe32003200360037003900,0.38355216
fffe32003600390039003700,0.5720735
fffe32003100300034003000,0.8042776
fffe3400330037003600,0.37024495
fffe31003800340033003000,0.39753503
fffe31003800340036003500,0.88798094
fffe32003900310033003800,0.36565608
fffe33003200340039003300,0.47216877
fffe32003200390030003800,0.4389129
fffe32003100300036003900,0.6170243
fffe3300320033003000,0.5890078
fffe31003000390037003200,0.53191656
fffe32003300360038003100,0.24457471
fffe32003100390034003100,0.7181757
fffe31003100350032003100,0.4596763
fffe31003400380036003500,0.8043607
fffe33003000370034003400,0.23407024
fffe31003000390032003300,0.49385992
fffe32003000340035003800,0.23569123
fffe3400370030003600,0.40075597
fffe31003700340039003800,0.76703
fffe3600300038003500,0.7530625
fffe31003900300038003400,0.15378872
fffe3200300037003700,0.63004
fffe3400370035003500,0.012741221
fffe31003900340035003700,0.30432245
fffe3100370038003500,0.5790939
fffe330031003500,0.8582181
fffe32003600300036003200,0.27803022
fffe3800340034003700,0.7983203
fffe32003400350031003100,0.46627167
fffe32003400330030003400,0.31834206
fffe31003600310033003600,0.59520984
fffe31003600300031003900,0.628921
fffe3500340036003800,0.37876105
fffe31003400360030003300,0.3684239
fffe32003800310032003900,0.28998458
fffe3500390038003900,0.5847803
fffe31003100390036003300,0.2778857
fffe31003100370039003900,0.87602293
fffe32003600340034003600,0.49526033
fffe31003300370039003100,0.56387275
fffe33003200,0.112315625
fffe32003600380037003900,0.7886505
fffe32003200340038003400,0.29104793
fffe33003000310039003700,0.16656649
fffe31003800320031003900,0.4471161
fffe33003200380032003900,0.31296095
fffe3100300039003400,0.6740753
fffe3300370037003800,0.37565452
fffe32003500360038003500,0.18643598
fffe340035003200,0.4794614
fffe32003300380036003700,0.19087021
fffe3500330034003500,0.5546874
fffe31003200350031003100,0.4590822
fffe360036003100,0.60617435
fffe31003700310031003600,0.46195093
fffe32003000330037003200,0.368199
fffe32003700350037003600,0.21811478
fffe33003100360038003000,0.27493826
fffe3400380037003200,0.37754196
fffe32003800320038003500,0.28301224
fffe32003200320037003600,0.3875866
fffe3800330030003100,0.49235666
fffe31003600330030003000,0.8802404
fffe32003900370038003300,0.33406028
fffe31003000330036003900,0.24029438
fffe3500310031003900,0.36186376
fffe32003200350038003400,0.116847694
fffe3100300033003200,0.4245857
fffe31003700390035003200,0.65359414
fffe32003600340035003500,0.3004757
fffe3300330037003500,0.604846
fffe3100380031003200,0.5740635
fffe32003100350037003500,0.43005198
fffe32003200300035003500,0.2374374
fffe32003600320030003000,0.38898608
fffe31003300350030003400,0.48961934
fffe32003500300034003900,0.64606565
fffe31003700340037003400,0.10774767
fffe33003300320031003200,0.43272614
fffe33003100340039003200,0.58483666
fffe31003200340032003900,0.7346998
fffe31003400350036003700,0.7141031
fffe33003200330032003800,0.5171489
fffe32003600360034003000,0.4702638
fffe31003300380037003700,0.7746419
fffe31003000340038003500,0.6645796
fffe32003800340037003700,0.55927473
fffe33003000300034003900,0.2474685
fffe31003300320035003600,0.5532895
fffe31003400340038003700,0.46622494
fffe32003100370034003400,0.34403768
fffe33003300350035003500,0.5353155
fffe33003300310039003500,0.40157485
fffe3400360037003300,0.41094068
fffe31003700350031003200,0.49164498
fffe32003400310039003200,0.6460392
fffe31003000350030003700,0.736139
fffe33003100380031003800,0.23328125
fffe3900300031003300,0.5411313
fffe32003700310032003900,0.27085406
fffe32003100330037003400,0.20791502
fffe3100370034003400,0.5750458
fffe32003000320039003700,0.67052644
fffe31003300360039003800,0.8193326
fffe31003900360039003600,0.43200845
fffe32003500350038003700,0.61171585
fffe3900310034003100,0.28581354
fffe3800340031003200,0.070463784
fffe31003800360033003600,0.54931176
fffe31003600350033003400,0.2720954
fffe33003300320033003000,0.4666336
fffe33003000360039003000,0.5537975
fffe32003700380031003700,0.46654522
fffe3200390031003200,0.6838022
fffe3100390035003400,0.19503376
fffe31003600310034003900,0.45266438
fffe32003800320037003700,0.40942585
fffe32003200380036003100,0.5873606
fffe31003500380030003500,0.8471945
fffe3200310034003800,0.45113432
fffe33003200360039003800,0.18825689
fffe31003000300032003800,0.44523126
fffe3400340036003800,0.58445126
fffe33003000360033003600,0.34088495
fffe32003200380031003600,0.39867932
fffe32003400370032003300,0.15186512
fffe32003600320039003000,0.091970526
fffe32003200340030003000,0.85627896
fffe3100340036003200,0.3192194
fffe31003700380030003300,0.6463207
fffe32003600340032003100,0.5636448
fffe32003400310032003600,0.29684296
fffe3800320034003000,0.5605947
fffe3300380037003500,0.649705
fffe32003500370033003500,0.7624206
fffe31003300310037003300,0.13968836
fffe3700360034003600,0.16298592
fffe32003900310031003500,0.60186857
fffe3400300031003100,0.58151114
fffe31003100320031003700,0.42357948
fffe31003000360035003200,0.38044894
fffe3300390031003400,0.6782325
fffe33003400320031003100,0.5772747
fffe3300300033003200,0.62796414
fffe3100390031003400,0.25191197
fffe33003000330039003700,0.20304959
fffe32003200350039003600,0.3859611
fffe32003400300031003900,0.42482248
fffe31003800360037003600,0.6376833
fffe32003900310030003800,0.59084916
fffe3100390033003400,0.43291134
fffe31003000330038003600,0.5222035
fffe350030003200,0.5318602
fffe31003600310035003700,0.5805585
fffe32003100340036003800,0.5028179
fffe3200350031003800,0.53312624
fffe3700380030003700,0.5857982
fffe31003600390039003900,0.21191512
fffe31003200360039003700,0.38785738
fffe33003100380031003400,0.40688762
fffe33003000300036003800,0.27336943
fffe33003200350032003800,0.33806458
fffe32003500320032003600,0.700754
fffe3700300033003100,0.4386406
fffe32003600300031003200,0.2972177
fffe31003300320036003400,0.34392655
fffe33003100310033003600,0.5661019
fffe31003200320038003100,0.4656558
fffe31003300370034003200,0.5393002
fffe31003400370035003200,0.57926834
fffe32003000390034003700,0.3992087
fffe3500390031003600,0.40417764
fffe32003700350031003500,0.32457748
fffe32003900340038003200,0.6154878
fffe33003200390036003800,0.43094906
fffe33003300320033003600,0.09181848
fffe31003500340036003300,0.5433984
fffe31003000390037003000,0.3424335
fffe32003800360030003700,0.49359915
fffe370036003500,0.11777673
fffe32003800320033003700,0.6369389
fffe31003800380033003600,0.44803488
fffe33003200330039003800,0.5160633
fffe31003100390033003400,0.54923004
fffe3100380032003700,0.68946916
fffe3700390032003000,0.13518408
fffe32003200350036003900,0.7562942
fffe32003700300032003400,0.40881258
fffe33003400300033003200,0.037556335
fffe31003900350032003900,0.60813445
fffe33003000310030003000,0.7206194
fffe31003100300038003800,0.45361882
fffe31003500380033003500,0.20682529
fffe32003000370031003600,0.8893721
fffe33003300380035003800,0.4777447
fffe32003400360032003800,0.37507388
fffe3700390030003800,0.59274405
fffe33003400370038003800,0.2040275
fffe3900300039003600,0.57489777
fffe31003000340032003300,0.4037827
fffe32003000380033003600,0.26651067
fffe3800300030003800,0.24249963
fffe3400390035003300,0.25971892
fffe32003700380031003000,0.59901285
fffe33003300380035003000,0.32162705
fffe32003300320030003200,0.44659585
fffe3600370038003400,0.57202476
fffe31003200300030003200,0.34976017
fffe31003300310031003000,0.6418136
fffe31003200380039003000,0.52741057
fffe31003600310038003500,0.57959396
fffe31003600320034003800,0.63990974
fffe3800350039003100,0.83248836
fffe3400380037003100,0.55999875
fffe3600390035003800,0.45930555
fffe3400330031003600,0.11968765
fffe31003300330034003500,0.58638346
fffe31003900370033003000,0.38422823
fffe3300340030003000,0.6131273
fffe3500360037003700,0.68926156
fffe31003900330033003700,0.5187039
fffe32003400350036003100,0.54227006
fffe32003900310037003800,0.551187
fffe31003000330037003000,0.26057422
fffe32003000340033003600,0.16595177
fffe32003900360039003300,0.46783653
fffe32003300350033003400,0.36880615
fffe32003500380039003800,0.365037
fffe32003400370039003800,0.74375206
fffe3200380036003300,0.54504925
fffe3500320033003000,0.6142608
fffe3300300031003000,0.13033094
fffe31003300320037003200,0.35643333
fffe31003500360035003200,0.45524865
fffe33003200390037003300,0.64279526
fffe31003100330033003500,0.43626973
fffe32003700350030003300,0.40793976
fffe360031003100,0.37197202
fffe3700300032003700,0.1558161
fffe32003800360039003600,0.5938241
fffe32003400380035003400,0.5594147
fffe31003700380032003600,0.54062647
fffe32003900390038003700,0.5697977
fffe3700390034003600,0.2424688
fffe33003200370032003300,0.5334719
fffe33003100380030003500,0.7484026
fffe32003000390031003900,0.27815717
fffe31003400300037003600,0.51645064
fffe3200380031003100,0.55708
fffe32003600380035003700,0.33832374
fffe33003300310039003700,0.67191494
fffe32003900350032003900,0.2494948
fffe3900360031003500,0.4805259
fffe32003200350031003900,0.45827678
fffe33003000380030003200,0.48794684
fffe350035003200,0.54448116
fffe31003300300033003600,0.5667696
fffe3300310030003700,0.5452181
fffe33003200320037003700,0.14828268
fffe3300350039003500,0.38219047
fffe3100300035003800,0.10810647
fffe3400350033003900,0.2907596
fffe3300340034003600,0.5771099
fffe31003500380037003500,0.43635565
fffe31003500320037003000,0.42673117
fffe3900350031003800,0.14356251
fffe31003800320034003500,0.3175868
fffe33003100360030003800,0.46470484
fffe3200390030003300,0.5726481
fffe32003900300039003000,0.31279808
fffe33003400320032003700,0.39314657
fffe33003400380031003300,0.63772357
fffe33003300360035003300,0.29635274
fffe3600380030003300,0.5692477
fffe3600300037003500,0.064649776
fffe3500350033003100,0.47879088
fffe32003100340038003300,0.45819893
fffe32003300310032003500,0.39371356
fffe33003300330033003800,0.42462066
fffe32003300370032003000,0.41532996
fffe3900370037003100,0.7004823
fffe33003000330034003200,0.52588207
fffe31003700320030003300,0.3084852
fffe3700370032003100,0.5407609
fffe31003000360030003400,0.2615289
fffe31003100320039003800,0.38972318
fffe3600390036003500,0.33870646
fffe32003800360037003600,0.22209218
fffe31003900360030003000,0.40467632
fffe31003700340033003200,0.6143555
fffe31003700310036003400,0.5099283
fffe31003200370037003100,0.18480732
fffe32003800350032003600,0.4707242
fffe31003100340039003900,0.5346668
fffe330038003200,0.35286
fffe32003400390039003100,0.22285034
fffe31003200380032003000,0.6523839
fffe32003100380037003700,0.40782034
fffe31003800350033003100,0.3559589
fffe33003100310037003000,0.60506046
fffe33003400330030003400,0.5941148
fffe32003100340039003000,0.6284175
fffe32003500380039003500,0.46541634
fffe32003500330033003100,0.3458438
fffe31003500380035003800,0.9556345
fffe33003200310039003800,0.35226962
fffe31003500310032003400,0.29410714
fffe31003800300031003000,0.3884844
fffe32003700330038003000,0.24484372
fffe33003100330032003500,0.78072673
fffe3800350034003200,0.5283659
fffe32003000390036003600,0.60874254
fffe3700390033003000,0.71255034
fffe32003800330034003600,0.11814036
fffe31003600350035003900,0.5745649
fffe3300320037003000,0.23716566
fffe3800380036003300,0.6044051
fffe3500350037003900,0.35281956
fffe3400340034003300,0.29785028
fffe32003100310035003600,0.922489
fffe31003900340039003600,0.42075586
fffe32003800320036003300,0.27097872
fffe31003800350031003300,0.5435399
fffe31003300320035003800,0.40357962
fffe32003400330030003900,0.6728038
fffe32003200370033003200,0.70675087
fffe32003900310030003900,0.16398177
fffe31003900360033003600,0.5676078
fffe33003100310035003900,0.7362305
fffe32003100340030003400,0.23223595
fffe31003500360032003500,0.3189692
fffe3500370031003700,0.5849364
fffe32003400350031003200,0.2699618
fffe3200300039003700,0.6917918
fffe3200300035003600,0.46530515
fffe33003400340038003400,0.36766213
fffe3200390039003200,0.38438934
fffe32003800300033003900,0.2545033
fffe3200300034003100,0.52658296
fffe32003900390035003300,0.40684825
fffe3300350030003000,0.13156131
fffe33003300380039003200,0.6245638
fffe32003400340031003600,0.48214895
fffe33003100390035003500,0.5584197
fffe31003800330037003400,0.77906615
fffe33003300300031003000,0.6725329
fffe32003700350033003900,0.42992523
fffe3200320036003900,0.7651998
fffe31003800380039003700,0.16465747
fffe31003800380032003400,0.46701
fffe32003700350038003400,0.407177
fffe3800360032003300,0.6477267
fffe31003700310033003900,0.39778313
fffe32003800310036003700,0.5269119
fffe33003100320036003000,0.299146
fffe3300360034003200,0.15378153
fffe31003900310038003500,0.2949577
fffe32003500340035003300,0.7730066
fffe3500360036003200,0.55367965
fffe33003400360031003600,0.53859246
fffe31003700340037003700,0.28348795
fffe32003900300037003500,0.59708625
fffe33003000300034003700,0.39263672
fffe3400350034003700,0.4006539
fffe32003000300030003200,0.55884105
fffe3600350034003900,0.4590292
fffe33003000380033003200,0.23904698
fffe3700370030003700,0.5904327
fffe3700310037003400,0.6462707
fffe3400380032003400,0.73501706
fffe33003300360033003300,0.53975564
fffe32003700330032003900,0.7560705
fffe3400330033003200,0.7804219
fffe3600320035003700,0.24255535
fffe3200360035003300,0.64956385
fffe31003100310036003600,0.30065206
fffe31003900320032003500,0.51374334
fffe33003400300037003300,0.5334882
fffe32003900330038003100,0.106019825
fffe32003100340039003800,0.46739638
fffe3200340039003800,0.21654768
fffe3800310037003200,0.14721851
fffe31003100360039003400,0.3781434
fffe32003800370032003900,0.3578897
fffe32003800390039003900,0.6056394
fffe32003700310039003100,0.29750344
fffe31003400330033003200,0.43086475
fffe31003400360035003700,0.73142314
fffe31003900350039003500,0.5432674
fffe32003700350037003000,0.49427876
fffe3300300036003400,0.41124585
fffe32003300390039003400,0.5307688
fffe32003700360032003900,0.4801457
fffe33003200320037003500,0.2702518
fffe31003900350031003700,0.5262171
fffe3700300038003700,0.29306787
fffe3900330038003800,0.5293509
fffe3500300036003200,0.27126935
fffe3500350031003500,0.37317112
fffe3500300031003700,0.67675406
fffe310034003300,0.2344294
fffe31003100320032003600,0.4727294
fffe3600300039003800,0.60844016
fffe31003200320035003300,0.09644831
fffe32003700390031003400,0.42254844
fffe31003000310032003700,0.4200582
fffe33003100340039003500,0.007415103
fffe31003000350032003700,0.29581735
fffe3200360038003500,0.13329552
fffe32003900370033003600,0.61935437
fffe32003300360039003600,0.24324124
fffe3800300033003400,0.49734733
fffe32003300360037003700,0.30971786
fffe32003600380035003600,0.3987685
fffe32003400300033003000,0.19812778
fffe3900360039003100,0.38346842
fffe32003300370038003200,0.5628024
fffe32003200340031003700,0.587529
fffe31003300310038003300,0.43727267
fffe32003500380037003200,0.40324727
fffe3900360031003300,0.6098586
fffe32003900320034003900,0.4487938
fffe33003200380034003800,0.7843237
fffe32003600340032003200,0.60945827
fffe3300330034003800,0.5642654
fffe32003400390035003500,0.4188296
fffe33003400350038003000,0.9448309
fffe31003100390038003500,0.22315274
fffe32003800350033003700,0.6046139
fffe33003100320035003000,0.5112318
fffe33003400310032003700,0.40007386
fffe32003200360036003800,0.42447838
fffe3100360036003900,0.7289931
fffe32003800340031003700,0.25211912
fffe3100350035003200,0.5250254
fffe3100360030003500,0.2492993
fffe31003900350037003300,0.48868102
fffe3700320037003400,0.33137047
fffe31003200310039003500,0.54448956
fffe31003300360034003700,0.51426893
fffe32003700300038003200,0.595697
fffe31003500390033003800,0.44232625
fffe33003400360037003000,0.017864853
fffe31003400320035003800,0.40390408
fffe31003000360036003800,0.010953718
fffe3500300035003000,0.40590185
fffe33003300360034003500,0.2529196
fffe32003100350039003900,0.29110685
fffe31003300370037003600,0.38762307
fffe3500310036003800,0.3946639
fffe340033003900,0.495144
fffe32003500350032003500,0.42588466
fffe31003000320031003100,0.11904891
fffe31003500370037003200,0.033310045
fffe3500390035003600,0.57377875
fffe3500380035003600,0.28449154
fffe33003000310037003100,0.5128152
fffe31003100300034003900,0.42870793
fffe33003000340032003600,0.61871916
fffe3200330032003000,0.31907073
fffe31003000340031003100,0.61044353
fffe31003700330030003600,0.35670057
fffe32003200300037003400,0.36317086
fffe32003000390038003500,0.40790108
fffe32003300330034003600,0.5800858
fffe32003000380030003600,0.38773897
fffe31003300380034003500,0.27965367
fffe380038003800,0.27155256
fffe31003400380035003500,0.061361495
fffe3300390038003000,0.3898379
fffe3400300030003000,0.77694887
fffe32003200310037003800,0.017609319
fffe31003400370031003900,0.6094178
fffe33003200340036003900,0.46253312
fffe3500300034003800,0.3794693
fffe31003900380038003300,0.5303429
fffe3500350039003100,0.525414
fffe31003200380038003500,0.4708901
fffe33003300330030003500,0.7419693
fffe3100340033003800,0.29773346
fffe32003100390031003300,0.4611549
fffe33003300310039003900,0.17929785
fffe3800300033003000,0.3364892
fffe3800370033003500,0.2918496
fffe33003300390035003200,0.655265
fffe31003800300039003100,0.7993324
fffe33003100360039003000,0.6489835
fffe31003100330037003800,0.23649491
fffe3400300032003600,0.2721663
fffe32003200360032003400,0.38238454
fffe3500300035003700,0.4213819
fffe31003600360030003000,0.014663362
fffe3200300036003700,0.0065206066
fffe3200300038003500,0.39740035
fffe3600330033003900,0.35259348
fffe32003400330039003100,0.7470907
fffe33003100360038003300,0.2271139
fffe32003600310037003000,0.61820334
fffe32003800390030003100,0.39021638
fffe31003500360031003900,0.59767514
fffe3700360034003800,0.5873901
fffe3600360038003000,0.60152787
fffe3500310034003200,0.42427647
fffe31003500350034003100,0.37717536
fffe31003400310037003900,0.6152813
fffe31003900360037003800,0.59067136
fffe3300310038003400,0.49615782
fffe3700350030003200,0.2045209
fffe31003800320032003100,0.4022134
fffe33003100360032003800,0.3148656
fffe360033003300,0.1723287
fffe310038003800,0.31009886
fffe380033003000,0.58918244
fffe3600320032003100,0.14257656
fffe32003700340037003900,0.7828922
fffe32003200350031003700,0.5263914
fffe31003300320035003500,0.48110357
fffe31003700360035003400,0.2069184
fffe31003700370033003600,0.30934775
fffe3800320030003800,0.8948044
fffe3600380033003100,0.8745099
fffe31003500390032003000,0.41664052
fffe3200300032003100,0.5382324
fffe3800300030003100,0.57427436
fffe3400320038003900,0.12361923
fffe33003100310037003100,0.34159753
fffe31003200380030003100,0.5472856
fffe32003300310032003200,0.7604883
fffe32003900330035003800,0.3520257
fffe31003100330033003300,0.5385135
fffe31003500300034003100,0.34766334
fffe3200330031003100,0.64976263
fffe31003300350035003200,0.19250335
fffe32003200350034003500,0.43603066
fffe31003100310033003400,0.373331
fffe31003500370030003400,0.94209766
fffe31003400320032003800,0.34998035
fffe32003500300031003600,0.5570385
fffe3300380035003900,0.5326729
fffe31003600300036003500,0.58855355
fffe32003500380037003600,0.39707586
fffe32003200340034003500,0.38579437
fffe31003300330036003600,0.6113835
fffe31003700300039003900,0.48596302
fffe3900380039003200,0.5591091
fffe32003900380039003000,0.059846118
fffe32003100380039003600,0.74534386
fffe32003500330038003600,0.6014508
fffe3300320032003700,0.44728276
fffe32003900340032003200,0.52496326
fffe32003600370039003900,0.82277626
fffe32003900310032003300,0.0051419386
fffe32003500360038003100,0.37698683
fffe33003300350033003800,0.49767572
fffe33003100300034003100,0.4357801
fffe37003000,0.72675264
fffe31003300380036003700,0.21773775
fffe31003900330034003000,0.7527059
fffe3800330035003800,0.7101953
fffe31003400370031003600,0.48965463
fffe32003200330037003900,0.38438496
fffe32003200310038003500,0.5610203
fffe32003300310031003900,0.57570004
fffe380030003500,0.55831873
fffe32003800350038003200,0.10534043
fffe3600300038003200,0.4080166
fffe32003900330035003300,0.4968152
fffe33003200360038003000,0.48578623
fffe33003400340031003300,0.39636612
fffe31003600330039003800,0.5859127
fffe33003300380032003200,0.41525674
fffe33003300300038003500,0.42592406
fffe3800310037003100,0.5765193
fffe31003500370031003000,0.3678462
fffe31003500360037003000,0.44969156
fffe31003800390030003700,0.20555286
fffe3800360037003100,0.57345504
fffe31003600310032003500,0.30514252
fffe31003000320036003300,0.88972366
fffe3600300031003800,0.28755128
fffe31003500340031003500,0.58772236
fffe32003300360032003900,0.68035203
fffe32003900300032003400,0.17216392
fffe31003500370032003800,0.38645503
fffe31003100380034003100,0.5888447
fffe31003700360032003800,0.5256354
fffe33003000300039003300,0.24421306
fffe33003400330032003500,0.558446
fffe31003800380034003800,0.43803915
fffe32003700370033003000,0.6997134
fffe31003000370038003600,0.62371737
fffe31003400310036003200,0.58810353
fffe33003300330038003200,0.95368856
fffe31003600370033003400,0.33017582
fffe31003800330039003900,0.54566836
fffe31003800360035003600,0.38283682
fffe31003800340032003600,0.5296237
fffe3700350038003300,0.13838841
fffe3700380032003800,0.4531959
fffe33003100370031003900,0.4346659
fffe31003200350031003900,0.60690796
fffe32003000330034003400,0.35876358
fffe31003400320039003300,0.62982863
fffe31003700370033003800,0.3773164
fffe31003200360033003100,0.15045981
fffe31003700380032003000,0.7813532
fffe31003300320034003200,0.5922674
fffe3700380030003800,0.5098058
fffe3700350039003700,0.33236417
fffe31003800360037003900,0.58419114
fffe33003300310032003000,0.42842567
fffe320037003100,0.33597577
fffe31003600310035003100,0.42625877
fffe32003100380036003400,0.16736412
fffe31003500330036003200,0.4086046
fffe3300300035003800,0.6519246
fffe32003300360037003200,0.3324971
fffe3400340034003900,0.43267196
fffe3400380037003500,0.65338564
fffe390030003900,0.14960212
fffe3900390030003000,0.1483548
fffe3100300039003700,0.3854365
fffe3500380032003500,0.26118273
fffe32003800310033003900,0.2811632
fffe33003200340034003500,0.089948505
fffe32003000360033003900,0.46247768
fffe32003000360038003000,0.30652627
fffe31003400360035003500,0.2974965
fffe32003900320032003800,0.4446347
fffe33003200370030003800,0.7466554
fffe31003200340030003600,0.6185251
fffe3400340039003900,0.35382283
fffe33003400300037003700,0.30290878
fffe31003600300036003300,0.48839557
fffe33003200310039003600,0.3044065
fffe3800330034003000,0.2759476
fffe3900340032003100,0.56459147
fffe31003500330035003100,0.5520316
fffe33003400340035003600,0.47698337
fffe31003500310034003900,0.23041154
fffe3600350032003700,0.58826494
fffe32003300360039003400,0.4827922
fffe31003000360036003300,0.58639824
fffe33003000310032003500,0.3331999
fffe32003300370038003800,0.6512443
fffe31003400390032003400,0.17214753
fffe31003500360037003400,0.2631472
fffe32003600330038003700,0.3930116
fffe33003100310036003400,0.33628634
fffe31003900380039003600,0.4088961
fffe33003100340030003900,0.5624549
fffe33003400340030003800,0.39067212
fffe3600300037003200,0.23632488
fffe33003000320038003400,0.50415444
fffe32003000310033003300,0.4162938
fffe32003800340035003100,0.57643026
fffe33003100300031003400,0.60536486
fffe32003800370030003000,0.34150523
fffe31003600370032003400,0.14362481
fffe3100330037003400,0.62104386
fffe32003000320038003300,0.46664894
fffe32003100350035003300,0.524084
fffe32003600320033003200,0.40803415
fffe33003100310035003700,0.35253295
fffe31003300310031003100,0.47133324
fffe33003100320033003700,0.4134731
fffe3700330033003600,0.036785316
fffe3500350035003700,0.17234327
fffe31003600320033003400,0.6430878
fffe32003000360036003700,0.36539137
fffe3500300031003100,0.46462506
fffe33003400300034003300,0.20564218
fffe32003700300038003800,0.2860569
fffe33003400360034003100,0.4222631
fffe31003300340032003700,0.45894116
fffe32003900310038003800,0.3970551
fffe33003300300038003300,0.5539153
fffe31003500320030003800,0.5555429
fffe33003000320030003000,0.36850193
fffe33003200370031003700,0.6709077
fffe33003400330034003300,0.18842633
fffe3300360034003700,0.5672999
fffe31003400350037003600,0.5846791
fffe31003500310031003500,0.61592793
fffe31003100300034003300,0.3803794
fffe31003400370037003200,0.55494833
fffe33003300300037003500,0.42712656
fffe33003100310033003100,0.0044001536
fffe32003800320032003600,0.762417
fffe31003600390037003900,0.3147931
fffe33003100360030003900,0.58521014
fffe32003200390037003700,0.48465717
fffe31003300370036003700,0.47272092
fffe32003400300033003200,0.57897884
fffe33003400360030003100,0.5704635
fffe32003300360033003100,0.40065238
fffe32003100330031003100,0.54472506
fffe3400390032003500,0.5782978
fffe32003800370037003700,0.35390815
fffe31003700390037003000,0.4189786
fffe31003400350033003200,0.3396163
fffe31003700320038003800,0.64201266
fffe3300320037003400,0.66482365
fffe3500300036003700,0.60193413
fffe32003000340033003500,0.009466368
fffe32003100380030003300,0.6526406
fffe330039003900,0.5788156
fffe32003100360032003500,0.32526818
fffe33003200370034003900,0.71773046
fffe310037003600,0.5464413
fffe3400390036003400,0.5680191
fffe31003200370035003700,0.57355505
fffe31003300330031003700,0.24803999
fffe3700340037003900,0.19771077
fffe310038003000,0.17759618
fffe31003300330037003500,0.70418495
fffe31003900330039003800,0.29716134
fffe33003300360031003100,0.43682778
fffe32003700300038003100,0.8395365
fffe32003300370037003600,0.5172304
fffe3900300032003600,0.4822513
fffe32003100300032003500,0.64319795
fffe3300350034003600,0.3960561
fffe3700390031003200,0.4017643
fffe31003600300037003100,0.5763696
fffe3200370033003600,0.1849558
fffe32003600360034003800,0.65133804
fffe3900350036003800,0.5234208
fffe32003000360035003400,0.42589802
fffe33003200310036003800,0.50262874
fffe3300320034003400,0.43671742
fffe32003800340035003500,0.72405463
fffe32003200300032003900,0.3227405
fffe3300330030003300,0.4739981
fffe3100300037003500,0.23818003
fffe31003800340035003900,0.41988632
fffe32003100340035003600,0.50578815
fffe31003700310035003600,0.20423615
fffe31003600320032003500,0.3874156
fffe32003400370030003700,0.42216066
fffe31003700370030003400,0.7165369
fffe33003400320039003900,0.105426095
fffe32003100360039003500,0.32583112
fffe3500350035003100,0.5358028
fffe32003700340030003400,0.61249894
fffe33003200370032003400,0.15896143
fffe3100300034003700,0.26258776
fffe3400390031003500,0.5039947
fffe31003600300032003300,0.23948777
fffe32003900380037003700,0.24159542
fffe33003000360038003700,0.60766876
fffe380039003000,0.6017124
fffe32003800390037003500,0.44567388
fffe31003000370037003600,0.015649373
fffe33003100330039003300,0.47318947
fffe3100380035003300,0.34764335
fffe33003800,0.5851924
fffe31003800390037003600,0.8425135
fffe3900330032003000,0.40646207
fffe3500330036003300,0.26623052
fffe32003000300034003700,0.46483883
fffe31003500370030003500,0.5589124
fffe3700350030003100,0.21799138
fffe32003600330036003500,0.61015564
fffe3200390032003500,0.34980357
fffe32003300300037003200,0.560916
fffe32003000370036003200,0.37421975
fffe32003400310035003700,0.37645262
fffe3500340036003200,0.6248785
fffe31003500320037003100,0.19374014
fffe33003400390032003900,0.3873604
fffe31003800350035003300,0.37000635
fffe3200300033003600,0.24707194
fffe3500350039003800,0.2623392
fffe32003600390033003200,0.59916645
fffe3200300036003600,0.69716537
fffe31003100330032003500,0.53267395
fffe3800330033003800,0.25222123
fffe31003500310037003000,0.17730892
fffe31003200320032003000,0.3455465
fffe31003000360030003900,0.4114141
fffe31003800310035003400,0.6006129
fffe32003100310036003100,0.37768957
fffe33003300300036003500,0.20300551
fffe32003800300030003900,0.56105775
fffe31003700370036003600,0.46564198
fffe33003400300035003500,0.5949379
fffe31003700360037003900,0.41115046
fffe32003100310032003400,0.54584014
fffe370038003900,0.23644218
fffe3800310037003800,0.38592497
fffe380030003800,0.19429903
fffe3700370038003300,0.46668574
fffe3800330039003700,0.5953493
fffe32003100320039003300,0.549439
fffe3800300036003900,0.5861542
fffe3800370034003900,0.7159742
fffe3600390038003300,0.4208788
fffe3900340039003500,0.23073117
fffe33003300360032003300,0.39251554
fffe31003300380032003600,0.14336379
fffe32003900300030003300,0.34005177
fffe32003800380032003900,0.37854326
fffe3700390039003100,0.5676412
fffe31003200300035003400,0.83317316
fffe3200330030003900,0.69676733
fffe33003400350037003200,0.1607246
fffe3700360031003500,0.21736461
fffe32003700310039003200,0.6179611
fffe3400330039003700,0.5413906
fffe32003700380030003200,0.7814033
fffe31003700370035003200,0.5998696
fffe3200320037003200,0.49487117
fffe3600390034003600,0.5095699
fffe31003100320035003600,0.38517994
fffe32003900320039003700,0.45400608
fffe3600380030003700,0.460818
fffe32003700330037003300,0.56042874
fffe32003500350038003600,0.5536318
fffe32003100360036003400,0.25718662
fffe3700300036003600,0.55032295
fffe32003100380038003000,0.30411986
fffe32003700330034003400,0.45008156
fffe33003400350034003400,0.37598243
fffe33003400300035003800,0.39756384
fffe31003700380037003200,0.23236944
fffe3400300036003300,0.2183965
fffe33003300390038003700,0.2884323
fffe32003100340033003300,0.36683166
fffe33003400380038003500,0.27450088
fffe3900380037003600,0.13036448
fffe3500380037003100,0.41460103
fffe31003700340032003700,0.6136021
fffe31003200360032003900,0.5198384
fffe3800370039003200,0.3844765
fffe3700320039003000,0.34410152
fffe3900310034003700,0.40784007
fffe32003600330034003000,0.41122058
fffe31003800340039003000,0.83163446
fffe32003600380031003800,0.5764443
fffe32003100390037003800,0.12931848
